TRACE::2025-03-12.14:02:21::SCWPlatform::Trying to open the hw design at C:/Users/Student/vitis_workspace/design_1_wrapper/hw/design_1_wrapper.xsa
TRACE::2025-03-12.14:02:21::SCWPlatform::DSA given C:/Users/Student/vitis_workspace/design_1_wrapper/hw/design_1_wrapper.xsa
TRACE::2025-03-12.14:02:21::SCWPlatform::DSA absoulate path C:/Users/Student/vitis_workspace/design_1_wrapper/hw/design_1_wrapper.xsa
TRACE::2025-03-12.14:02:21::SCWPlatform::DSA directory C:/Users/Student/vitis_workspace/design_1_wrapper/hw
TRACE::2025-03-12.14:02:21::SCWPlatform:: Platform Path C:/Users/Student/vitis_workspace/design_1_wrapper/hw/design_1_wrapper.xsa
TRACE::2025-03-12.14:02:21::SCWPlatform:: Unique name xilinx:zedboard::0.0
TRACE::2025-03-12.14:02:21::SCWPlatform::Do not have an existing db opened. 
TRACE::2025-03-12.14:02:22::SCWPlatform::Opened new HwDB with name design_1_wrapper_0
TRACE::2025-03-12.14:02:22::SCWWriter::formatted JSON is {
	"platformName":	"design_1_wrapper",
	"sprVersion":	"2.0",
	"mode":	"gui",
	"dsaType":	"Fixed",
	"platformDesc":	"design_1_wrapper",
	"platHandOff":	"C:/Users/Student/Desktop/lab07/design_1_wrapper.xsa",
	"platIntHandOff":	"<platformDir>/hw/design_1_wrapper.xsa",
	"deviceType":	"zynq",
	"platIsPrebuiltAutogen":	"false",
	"platIsNoBootBsp":	"false",
	"hasFsblMakeHasChanges":	"false",
	"hasPmufwMakeHasChanges":	"false",
	"platPreBuiltFlag":	false,
	"platformSamplesDir":	""
}
TRACE::2025-03-12.14:02:22::SCWWriter::formatted JSON is {
	"platformName":	"design_1_wrapper",
	"sprVersion":	"2.0",
	"mode":	"gui",
	"dsaType":	"Fixed",
	"platformDesc":	"design_1_wrapper",
	"platHandOff":	"C:/Users/Student/Desktop/lab07/design_1_wrapper.xsa",
	"platIntHandOff":	"<platformDir>/hw/design_1_wrapper.xsa",
	"deviceType":	"zynq",
	"platIsPrebuiltAutogen":	"false",
	"platIsNoBootBsp":	"false",
	"hasFsblMakeHasChanges":	"false",
	"hasPmufwMakeHasChanges":	"false",
	"platPreBuiltFlag":	false,
	"platformSamplesDir":	"",
	"platActiveSys":	"design_1_wrapper",
	"systems":	[{
			"systemName":	"design_1_wrapper",
			"systemDesc":	"design_1_wrapper",
			"sysIsBootAutoGen":	"true",
			"systemDispName":	"design_1_wrapper"
		}]
}
TRACE::2025-03-12.14:02:22::SCWPlatform::Boot application domains not present, creating them
TRACE::2025-03-12.14:02:22::SCWDomain::checking for install qemu data   : 
TRACE::2025-03-12.14:02:22::SCWDomain:: Using the QEMU Data from install at  : C:/Xilinx/Vitis/2023.2/data/emulation/platforms/zynq/sw/a9_standalone/qemu/
TRACE::2025-03-12.14:02:22::SCWDomain:: Using the QEMU args  from install at  : C:/Xilinx/Vitis/2023.2/data/emulation/platforms/zynq/sw/a9_standalone/qemu/qemu_args.txt
TRACE::2025-03-12.14:02:22::SCWPlatform::Trying to open the hw design at C:/Users/Student/vitis_workspace/design_1_wrapper/hw/design_1_wrapper.xsa
TRACE::2025-03-12.14:02:22::SCWPlatform::DSA given C:/Users/Student/vitis_workspace/design_1_wrapper/hw/design_1_wrapper.xsa
TRACE::2025-03-12.14:02:22::SCWPlatform::DSA absoulate path C:/Users/Student/vitis_workspace/design_1_wrapper/hw/design_1_wrapper.xsa
TRACE::2025-03-12.14:02:22::SCWPlatform::DSA directory C:/Users/Student/vitis_workspace/design_1_wrapper/hw
TRACE::2025-03-12.14:02:22::SCWPlatform:: Platform Path C:/Users/Student/vitis_workspace/design_1_wrapper/hw/design_1_wrapper.xsa
TRACE::2025-03-12.14:02:22::SCWPlatform:: Unique name xilinx:zedboard::0.0
TRACE::2025-03-12.14:02:22::SCWPlatform::Trying to set the existing hwdb with name design_1_wrapper_0
TRACE::2025-03-12.14:02:22::SCWPlatform::Opened existing hwdb design_1_wrapper_0
TRACE::2025-03-12.14:02:22::SCWPlatform::Found the Hw Db part of the input DSA
TRACE::2025-03-12.14:02:22::SCWPlatform::Trying to open the hw design at C:/Users/Student/vitis_workspace/design_1_wrapper/hw/design_1_wrapper.xsa
TRACE::2025-03-12.14:02:22::SCWPlatform::DSA given C:/Users/Student/vitis_workspace/design_1_wrapper/hw/design_1_wrapper.xsa
TRACE::2025-03-12.14:02:22::SCWPlatform::DSA absoulate path C:/Users/Student/vitis_workspace/design_1_wrapper/hw/design_1_wrapper.xsa
TRACE::2025-03-12.14:02:22::SCWPlatform::DSA directory C:/Users/Student/vitis_workspace/design_1_wrapper/hw
TRACE::2025-03-12.14:02:22::SCWPlatform:: Platform Path C:/Users/Student/vitis_workspace/design_1_wrapper/hw/design_1_wrapper.xsa
TRACE::2025-03-12.14:02:22::SCWPlatform:: Unique name xilinx:zedboard::0.0
TRACE::2025-03-12.14:02:22::SCWPlatform::Trying to set the existing hwdb with name design_1_wrapper_0
TRACE::2025-03-12.14:02:22::SCWPlatform::Opened existing hwdb design_1_wrapper_0
TRACE::2025-03-12.14:02:22::SCWPlatform::Found the Hw Db part of the input DSA
TRACE::2025-03-12.14:02:22::SCWPlatform::Trying to open the hw design at C:/Users/Student/vitis_workspace/design_1_wrapper/hw/design_1_wrapper.xsa
TRACE::2025-03-12.14:02:22::SCWPlatform::DSA given C:/Users/Student/vitis_workspace/design_1_wrapper/hw/design_1_wrapper.xsa
TRACE::2025-03-12.14:02:22::SCWPlatform::DSA absoulate path C:/Users/Student/vitis_workspace/design_1_wrapper/hw/design_1_wrapper.xsa
TRACE::2025-03-12.14:02:22::SCWPlatform::DSA directory C:/Users/Student/vitis_workspace/design_1_wrapper/hw
TRACE::2025-03-12.14:02:22::SCWPlatform:: Platform Path C:/Users/Student/vitis_workspace/design_1_wrapper/hw/design_1_wrapper.xsa
TRACE::2025-03-12.14:02:22::SCWPlatform:: Unique name xilinx:zedboard::0.0
TRACE::2025-03-12.14:02:22::SCWPlatform::Trying to set the existing hwdb with name design_1_wrapper_0
TRACE::2025-03-12.14:02:22::SCWPlatform::Opened existing hwdb design_1_wrapper_0
TRACE::2025-03-12.14:02:22::SCWPlatform::Found the Hw Db part of the input DSA
TRACE::2025-03-12.14:02:22::SCWPlatform::Boot application domain added for zynq_fsbl
TRACE::2025-03-12.14:02:22::SCWPlatform::Generating the sources  .
TRACE::2025-03-12.14:02:22::SCWBDomain::Generating boot domain sources.
TRACE::2025-03-12.14:02:22::SCWBDomain:: Generating the zynq_fsbl Application.
TRACE::2025-03-12.14:02:22::SCWPlatform::Trying to open the hw design at C:/Users/Student/vitis_workspace/design_1_wrapper/hw/design_1_wrapper.xsa
TRACE::2025-03-12.14:02:22::SCWPlatform::DSA given C:/Users/Student/vitis_workspace/design_1_wrapper/hw/design_1_wrapper.xsa
TRACE::2025-03-12.14:02:22::SCWPlatform::DSA absoulate path C:/Users/Student/vitis_workspace/design_1_wrapper/hw/design_1_wrapper.xsa
TRACE::2025-03-12.14:02:22::SCWPlatform::DSA directory C:/Users/Student/vitis_workspace/design_1_wrapper/hw
TRACE::2025-03-12.14:02:22::SCWPlatform:: Platform Path C:/Users/Student/vitis_workspace/design_1_wrapper/hw/design_1_wrapper.xsa
TRACE::2025-03-12.14:02:22::SCWPlatform:: Unique name xilinx:zedboard::0.0
TRACE::2025-03-12.14:02:22::SCWPlatform::Trying to set the existing hwdb with name design_1_wrapper_0
TRACE::2025-03-12.14:02:22::SCWPlatform::Opened existing hwdb design_1_wrapper_0
TRACE::2025-03-12.14:02:22::SCWPlatform::Found the Hw Db part of the input DSA
TRACE::2025-03-12.14:02:22::SCWMssOS::Checking the sw design at  C:/Users/Student/vitis_workspace/design_1_wrapper/zynq_fsbl/zynq_fsbl_bsp/system.mss
TRACE::2025-03-12.14:02:22::SCWMssOS::DEBUG:  swdes dump  
TRACE::2025-03-12.14:02:22::SCWMssOS::No sw design opened at  C:/Users/Student/vitis_workspace/design_1_wrapper/zynq_fsbl/zynq_fsbl_bsp/system.mss
TRACE::2025-03-12.14:02:22::SCWMssOS::mss does not exists at C:/Users/Student/vitis_workspace/design_1_wrapper/zynq_fsbl/zynq_fsbl_bsp/system.mss
TRACE::2025-03-12.14:02:22::SCWMssOS::Creating sw design at  C:/Users/Student/vitis_workspace/design_1_wrapper/zynq_fsbl/zynq_fsbl_bsp/system.mss
TRACE::2025-03-12.14:02:22::SCWMssOS::Adding the swdes entry, created swdb C:/Users/Student/vitis_workspace/design_1_wrapper/zynq_fsbl/zynq_fsbl_bsp/system.mss with des name C:/Users/Student/vitis_workspace/design_1_wrapper/zynq_fsbl/zynq_fsbl_bsp/system.mss
TRACE::2025-03-12.14:02:22::SCWMssOS::updating the scw layer changes to swdes at   C:/Users/Student/vitis_workspace/design_1_wrapper/zynq_fsbl/zynq_fsbl_bsp/system.mss
TRACE::2025-03-12.14:02:22::SCWMssOS::Writing mss at C:/Users/Student/vitis_workspace/design_1_wrapper/zynq_fsbl/zynq_fsbl_bsp/system.mss
TRACE::2025-03-12.14:02:22::SCWMssOS::Completed writing the mss file at C:/Users/Student/vitis_workspace/design_1_wrapper/zynq_fsbl/zynq_fsbl_bsp
TRACE::2025-03-12.14:02:22::SCWMssOS::Picking up changes from newly written mss file into SCW Layer. 
TRACE::2025-03-12.14:02:22::SCWMssOS::Updated the changes from newly written mss file into SCW Layer. 
TRACE::2025-03-12.14:02:22::SCWBDomain::Completed writing the mss file at C:/Users/Student/vitis_workspace/design_1_wrapper/zynq_fsbl/zynq_fsbl_bsp
TRACE::2025-03-12.14:02:26::SCWPlatform::Generating sources Done.
TRACE::2025-03-12.14:02:26::SCWPlatform::Trying to open the hw design at C:/Users/Student/vitis_workspace/design_1_wrapper/hw/design_1_wrapper.xsa
TRACE::2025-03-12.14:02:26::SCWPlatform::DSA given C:/Users/Student/vitis_workspace/design_1_wrapper/hw/design_1_wrapper.xsa
TRACE::2025-03-12.14:02:26::SCWPlatform::DSA absoulate path C:/Users/Student/vitis_workspace/design_1_wrapper/hw/design_1_wrapper.xsa
TRACE::2025-03-12.14:02:26::SCWPlatform::DSA directory C:/Users/Student/vitis_workspace/design_1_wrapper/hw
TRACE::2025-03-12.14:02:26::SCWPlatform:: Platform Path C:/Users/Student/vitis_workspace/design_1_wrapper/hw/design_1_wrapper.xsa
TRACE::2025-03-12.14:02:26::SCWPlatform:: Unique name xilinx:zedboard::0.0
TRACE::2025-03-12.14:02:26::SCWPlatform::Trying to set the existing hwdb with name design_1_wrapper_0
TRACE::2025-03-12.14:02:26::SCWPlatform::Opened existing hwdb design_1_wrapper_0
TRACE::2025-03-12.14:02:26::SCWPlatform::Found the Hw Db part of the input DSA
TRACE::2025-03-12.14:02:26::SCWMssOS::Checking the sw design at  C:/Users/Student/vitis_workspace/design_1_wrapper/zynq_fsbl/zynq_fsbl_bsp/system.mss
TRACE::2025-03-12.14:02:26::SCWMssOS::DEBUG:  swdes dump  
TRACE::2025-03-12.14:02:26::SCWMssOS::No sw design opened at  C:/Users/Student/vitis_workspace/design_1_wrapper/zynq_fsbl/zynq_fsbl_bsp/system.mss
TRACE::2025-03-12.14:02:26::SCWMssOS::mss exists loading the mss file  C:/Users/Student/vitis_workspace/design_1_wrapper/zynq_fsbl/zynq_fsbl_bsp/system.mss
TRACE::2025-03-12.14:02:26::SCWMssOS::Opened the sw design from mss  C:/Users/Student/vitis_workspace/design_1_wrapper/zynq_fsbl/zynq_fsbl_bsp/system.mss
TRACE::2025-03-12.14:02:26::SCWMssOS::Adding the swdes entry C:/Users/Student/vitis_workspace/design_1_wrapper/zynq_fsbl/zynq_fsbl_bsp/system.mss with des name system
TRACE::2025-03-12.14:02:26::SCWMssOS::updating the scw layer about changes
TRACE::2025-03-12.14:02:26::SCWMssOS::Opened the sw design.  C:/Users/Student/vitis_workspace/design_1_wrapper/zynq_fsbl/zynq_fsbl_bsp/system.mss
TRACE::2025-03-12.14:02:26::SCWMssOS::Saving the mss changes C:/Users/Student/vitis_workspace/design_1_wrapper/zynq_fsbl/zynq_fsbl_bsp/system.mss
TRACE::2025-03-12.14:02:26::SCWMssOS::Found a swdesign opened with the mssfile.
TRACE::2025-03-12.14:02:26::SCWMssOS::Completed writemss as part of save.
TRACE::2025-03-12.14:02:26::SCWMssOS::Commit changes completed.
TRACE::2025-03-12.14:02:26::SCWPlatform::Trying to open the hw design at C:/Users/Student/vitis_workspace/design_1_wrapper/hw/design_1_wrapper.xsa
TRACE::2025-03-12.14:02:26::SCWPlatform::DSA given C:/Users/Student/vitis_workspace/design_1_wrapper/hw/design_1_wrapper.xsa
TRACE::2025-03-12.14:02:26::SCWPlatform::DSA absoulate path C:/Users/Student/vitis_workspace/design_1_wrapper/hw/design_1_wrapper.xsa
TRACE::2025-03-12.14:02:26::SCWPlatform::DSA directory C:/Users/Student/vitis_workspace/design_1_wrapper/hw
TRACE::2025-03-12.14:02:26::SCWPlatform:: Platform Path C:/Users/Student/vitis_workspace/design_1_wrapper/hw/design_1_wrapper.xsa
TRACE::2025-03-12.14:02:26::SCWPlatform:: Unique name xilinx:zedboard::0.0
TRACE::2025-03-12.14:02:26::SCWPlatform::Trying to set the existing hwdb with name design_1_wrapper_0
TRACE::2025-03-12.14:02:26::SCWPlatform::Opened existing hwdb design_1_wrapper_0
TRACE::2025-03-12.14:02:26::SCWPlatform::Found the Hw Db part of the input DSA
TRACE::2025-03-12.14:02:26::SCWMssOS::Checking the sw design at  C:/Users/Student/vitis_workspace/design_1_wrapper/zynq_fsbl/zynq_fsbl_bsp/system.mss
TRACE::2025-03-12.14:02:26::SCWMssOS::DEBUG:  swdes dump  C:/Users/Student/vitis_workspace/design_1_wrapper/zynq_fsbl/zynq_fsbl_bsp/system.mss|system||

TRACE::2025-03-12.14:02:26::SCWMssOS::Sw design exists and opened at  C:/Users/Student/vitis_workspace/design_1_wrapper/zynq_fsbl/zynq_fsbl_bsp/system.mss
TRACE::2025-03-12.14:02:26::SCWPlatform::Trying to open the hw design at C:/Users/Student/vitis_workspace/design_1_wrapper/hw/design_1_wrapper.xsa
TRACE::2025-03-12.14:02:26::SCWPlatform::DSA given C:/Users/Student/vitis_workspace/design_1_wrapper/hw/design_1_wrapper.xsa
TRACE::2025-03-12.14:02:26::SCWPlatform::DSA absoulate path C:/Users/Student/vitis_workspace/design_1_wrapper/hw/design_1_wrapper.xsa
TRACE::2025-03-12.14:02:26::SCWPlatform::DSA directory C:/Users/Student/vitis_workspace/design_1_wrapper/hw
TRACE::2025-03-12.14:02:26::SCWPlatform:: Platform Path C:/Users/Student/vitis_workspace/design_1_wrapper/hw/design_1_wrapper.xsa
TRACE::2025-03-12.14:02:26::SCWPlatform:: Unique name xilinx:zedboard::0.0
TRACE::2025-03-12.14:02:26::SCWPlatform::Trying to set the existing hwdb with name design_1_wrapper_0
TRACE::2025-03-12.14:02:26::SCWPlatform::Opened existing hwdb design_1_wrapper_0
TRACE::2025-03-12.14:02:26::SCWPlatform::Found the Hw Db part of the input DSA
TRACE::2025-03-12.14:02:26::SCWMssOS::Checking the sw design at  C:/Users/Student/vitis_workspace/design_1_wrapper/zynq_fsbl/zynq_fsbl_bsp/system.mss
TRACE::2025-03-12.14:02:26::SCWMssOS::DEBUG:  swdes dump  C:/Users/Student/vitis_workspace/design_1_wrapper/zynq_fsbl/zynq_fsbl_bsp/system.mss|system||

TRACE::2025-03-12.14:02:26::SCWMssOS::Sw design exists and opened at  C:/Users/Student/vitis_workspace/design_1_wrapper/zynq_fsbl/zynq_fsbl_bsp/system.mss
TRACE::2025-03-12.14:02:26::SCWPlatform::Trying to open the hw design at C:/Users/Student/vitis_workspace/design_1_wrapper/hw/design_1_wrapper.xsa
TRACE::2025-03-12.14:02:26::SCWPlatform::DSA given C:/Users/Student/vitis_workspace/design_1_wrapper/hw/design_1_wrapper.xsa
TRACE::2025-03-12.14:02:26::SCWPlatform::DSA absoulate path C:/Users/Student/vitis_workspace/design_1_wrapper/hw/design_1_wrapper.xsa
TRACE::2025-03-12.14:02:26::SCWPlatform::DSA directory C:/Users/Student/vitis_workspace/design_1_wrapper/hw
TRACE::2025-03-12.14:02:26::SCWPlatform:: Platform Path C:/Users/Student/vitis_workspace/design_1_wrapper/hw/design_1_wrapper.xsa
TRACE::2025-03-12.14:02:26::SCWPlatform:: Unique name xilinx:zedboard::0.0
TRACE::2025-03-12.14:02:26::SCWPlatform::Trying to set the existing hwdb with name design_1_wrapper_0
TRACE::2025-03-12.14:02:26::SCWPlatform::Opened existing hwdb design_1_wrapper_0
TRACE::2025-03-12.14:02:26::SCWPlatform::Found the Hw Db part of the input DSA
TRACE::2025-03-12.14:02:26::SCWMssOS::Checking the sw design at  C:/Users/Student/vitis_workspace/design_1_wrapper/zynq_fsbl/zynq_fsbl_bsp/system.mss
TRACE::2025-03-12.14:02:26::SCWMssOS::DEBUG:  swdes dump  C:/Users/Student/vitis_workspace/design_1_wrapper/zynq_fsbl/zynq_fsbl_bsp/system.mss|system||

TRACE::2025-03-12.14:02:26::SCWMssOS::Sw design exists and opened at  C:/Users/Student/vitis_workspace/design_1_wrapper/zynq_fsbl/zynq_fsbl_bsp/system.mss
TRACE::2025-03-12.14:02:26::SCWWriter::formatted JSON is {
	"platformName":	"design_1_wrapper",
	"sprVersion":	"2.0",
	"mode":	"gui",
	"dsaType":	"Fixed",
	"platformDesc":	"design_1_wrapper",
	"platHandOff":	"C:/Users/Student/Desktop/lab07/design_1_wrapper.xsa",
	"platIntHandOff":	"<platformDir>/hw/design_1_wrapper.xsa",
	"deviceType":	"zynq",
	"platIsPrebuiltAutogen":	"false",
	"platIsNoBootBsp":	"false",
	"platFsblTarget":	"ps7_cortexa9_0",
	"hasFsblMakeHasChanges":	"false",
	"hasPmufwMakeHasChanges":	"false",
	"fsblExtraCompilerFlags":	"-MMD -MP       -mcpu=cortex-a9 -mfpu=vfpv3 -mfloat-abi=hard ",
	"platPreBuiltFlag":	false,
	"platformSamplesDir":	"",
	"platActiveSys":	"design_1_wrapper",
	"systems":	[{
			"systemName":	"design_1_wrapper",
			"systemDesc":	"design_1_wrapper",
			"sysIsBootAutoGen":	"true",
			"systemDispName":	"design_1_wrapper",
			"sysActiveDom":	"zynq_fsbl",
			"sysDefaultDom":	"",
			"domains":	[{
					"domainName":	"zynq_fsbl",
					"domainDispName":	"zynq_fsbl",
					"domainDesc":	"FSBL Application BSP - Auto Generated.",
					"processors":	"ps7_cortexa9_0",
					"os":	"standalone",
					"sdxOs":	"standalone",
					"debugEnable":	"",
					"domRuntimes":	["cpp"],
					"swRepo":	"",
					"mssOsVer":	"9.0",
					"mssFile":	"",
					"md5Digest":	"404a1cf66f6b2f4ef576ee597aa5ed59",
					"compatibleApp":	"zynq_fsbl",
					"domType":	"bootDomain",
					"arch":	"32-bit",
					"appSettings":	{
						"appCompilerFlags":	"",
						"appLinkerFlags":	""
					},
					"addedLibs":	["xilffs:5.1", "xilrsa:1.7"],
					"libOptions":	{
						"libsContainingOptions":	[]
					},
					"prebuiltLibs":	{
						"prebuiltIncPath":	[],
						"prebuiltLibPath":	[]
					},
					"isolation":	{
					}
				}]
		}]
}
TRACE::2025-03-12.14:02:26::SCWMssOS::Saving the mss changes C:/Users/Student/vitis_workspace/design_1_wrapper/zynq_fsbl/zynq_fsbl_bsp/system.mss
TRACE::2025-03-12.14:02:26::SCWMssOS::Found a swdesign opened with the mssfile.
TRACE::2025-03-12.14:02:26::SCWMssOS::Completed writemss as part of save.
TRACE::2025-03-12.14:02:26::SCWMssOS::Commit changes completed.
TRACE::2025-03-12.14:02:26::SCWPlatform::Trying to open the hw design at C:/Users/Student/vitis_workspace/design_1_wrapper/hw/design_1_wrapper.xsa
TRACE::2025-03-12.14:02:26::SCWPlatform::DSA given C:/Users/Student/vitis_workspace/design_1_wrapper/hw/design_1_wrapper.xsa
TRACE::2025-03-12.14:02:26::SCWPlatform::DSA absoulate path C:/Users/Student/vitis_workspace/design_1_wrapper/hw/design_1_wrapper.xsa
TRACE::2025-03-12.14:02:26::SCWPlatform::DSA directory C:/Users/Student/vitis_workspace/design_1_wrapper/hw
TRACE::2025-03-12.14:02:26::SCWPlatform:: Platform Path C:/Users/Student/vitis_workspace/design_1_wrapper/hw/design_1_wrapper.xsa
TRACE::2025-03-12.14:02:26::SCWPlatform:: Unique name xilinx:zedboard::0.0
TRACE::2025-03-12.14:02:26::SCWPlatform::Trying to set the existing hwdb with name design_1_wrapper_0
TRACE::2025-03-12.14:02:26::SCWPlatform::Opened existing hwdb design_1_wrapper_0
TRACE::2025-03-12.14:02:26::SCWPlatform::Found the Hw Db part of the input DSA
TRACE::2025-03-12.14:02:26::SCWMssOS::Checking the sw design at  C:/Users/Student/vitis_workspace/design_1_wrapper/zynq_fsbl/zynq_fsbl_bsp/system.mss
TRACE::2025-03-12.14:02:26::SCWMssOS::DEBUG:  swdes dump  C:/Users/Student/vitis_workspace/design_1_wrapper/zynq_fsbl/zynq_fsbl_bsp/system.mss|system||

TRACE::2025-03-12.14:02:26::SCWMssOS::Sw design exists and opened at  C:/Users/Student/vitis_workspace/design_1_wrapper/zynq_fsbl/zynq_fsbl_bsp/system.mss
TRACE::2025-03-12.14:02:26::SCWPlatform::Trying to open the hw design at C:/Users/Student/vitis_workspace/design_1_wrapper/hw/design_1_wrapper.xsa
TRACE::2025-03-12.14:02:26::SCWPlatform::DSA given C:/Users/Student/vitis_workspace/design_1_wrapper/hw/design_1_wrapper.xsa
TRACE::2025-03-12.14:02:26::SCWPlatform::DSA absoulate path C:/Users/Student/vitis_workspace/design_1_wrapper/hw/design_1_wrapper.xsa
TRACE::2025-03-12.14:02:26::SCWPlatform::DSA directory C:/Users/Student/vitis_workspace/design_1_wrapper/hw
TRACE::2025-03-12.14:02:26::SCWPlatform:: Platform Path C:/Users/Student/vitis_workspace/design_1_wrapper/hw/design_1_wrapper.xsa
TRACE::2025-03-12.14:02:26::SCWPlatform:: Unique name xilinx:zedboard::0.0
TRACE::2025-03-12.14:02:26::SCWPlatform::Trying to set the existing hwdb with name design_1_wrapper_0
TRACE::2025-03-12.14:02:26::SCWPlatform::Opened existing hwdb design_1_wrapper_0
TRACE::2025-03-12.14:02:26::SCWPlatform::Found the Hw Db part of the input DSA
TRACE::2025-03-12.14:02:26::SCWMssOS::Checking the sw design at  C:/Users/Student/vitis_workspace/design_1_wrapper/zynq_fsbl/zynq_fsbl_bsp/system.mss
TRACE::2025-03-12.14:02:26::SCWMssOS::DEBUG:  swdes dump  C:/Users/Student/vitis_workspace/design_1_wrapper/zynq_fsbl/zynq_fsbl_bsp/system.mss|system||

TRACE::2025-03-12.14:02:26::SCWMssOS::Sw design exists and opened at  C:/Users/Student/vitis_workspace/design_1_wrapper/zynq_fsbl/zynq_fsbl_bsp/system.mss
TRACE::2025-03-12.14:02:26::SCWPlatform::Trying to open the hw design at C:/Users/Student/vitis_workspace/design_1_wrapper/hw/design_1_wrapper.xsa
TRACE::2025-03-12.14:02:26::SCWPlatform::DSA given C:/Users/Student/vitis_workspace/design_1_wrapper/hw/design_1_wrapper.xsa
TRACE::2025-03-12.14:02:26::SCWPlatform::DSA absoulate path C:/Users/Student/vitis_workspace/design_1_wrapper/hw/design_1_wrapper.xsa
TRACE::2025-03-12.14:02:26::SCWPlatform::DSA directory C:/Users/Student/vitis_workspace/design_1_wrapper/hw
TRACE::2025-03-12.14:02:26::SCWPlatform:: Platform Path C:/Users/Student/vitis_workspace/design_1_wrapper/hw/design_1_wrapper.xsa
TRACE::2025-03-12.14:02:26::SCWPlatform:: Unique name xilinx:zedboard::0.0
TRACE::2025-03-12.14:02:26::SCWPlatform::Trying to set the existing hwdb with name design_1_wrapper_0
TRACE::2025-03-12.14:02:26::SCWPlatform::Opened existing hwdb design_1_wrapper_0
TRACE::2025-03-12.14:02:26::SCWPlatform::Found the Hw Db part of the input DSA
TRACE::2025-03-12.14:02:26::SCWMssOS::Checking the sw design at  C:/Users/Student/vitis_workspace/design_1_wrapper/zynq_fsbl/zynq_fsbl_bsp/system.mss
TRACE::2025-03-12.14:02:26::SCWMssOS::DEBUG:  swdes dump  C:/Users/Student/vitis_workspace/design_1_wrapper/zynq_fsbl/zynq_fsbl_bsp/system.mss|system||

TRACE::2025-03-12.14:02:26::SCWMssOS::Sw design exists and opened at  C:/Users/Student/vitis_workspace/design_1_wrapper/zynq_fsbl/zynq_fsbl_bsp/system.mss
TRACE::2025-03-12.14:02:26::SCWWriter::formatted JSON is {
	"platformName":	"design_1_wrapper",
	"sprVersion":	"2.0",
	"mode":	"gui",
	"dsaType":	"Fixed",
	"platformDesc":	"design_1_wrapper",
	"platHandOff":	"C:/Users/Student/Desktop/lab07/design_1_wrapper.xsa",
	"platIntHandOff":	"<platformDir>/hw/design_1_wrapper.xsa",
	"deviceType":	"zynq",
	"platIsPrebuiltAutogen":	"false",
	"platIsNoBootBsp":	"false",
	"platFsblTarget":	"ps7_cortexa9_0",
	"hasFsblMakeHasChanges":	"false",
	"hasPmufwMakeHasChanges":	"false",
	"fsblExtraCompilerFlags":	"-MMD -MP       -mcpu=cortex-a9 -mfpu=vfpv3 -mfloat-abi=hard ",
	"platPreBuiltFlag":	false,
	"platformSamplesDir":	"",
	"platActiveSys":	"design_1_wrapper",
	"systems":	[{
			"systemName":	"design_1_wrapper",
			"systemDesc":	"design_1_wrapper",
			"sysIsBootAutoGen":	"true",
			"systemDispName":	"design_1_wrapper",
			"sysActiveDom":	"zynq_fsbl",
			"sysDefaultDom":	"",
			"domains":	[{
					"domainName":	"zynq_fsbl",
					"domainDispName":	"zynq_fsbl",
					"domainDesc":	"FSBL Application BSP - Auto Generated.",
					"processors":	"ps7_cortexa9_0",
					"os":	"standalone",
					"sdxOs":	"standalone",
					"debugEnable":	"",
					"domRuntimes":	["cpp"],
					"swRepo":	"",
					"mssOsVer":	"9.0",
					"mssFile":	"",
					"md5Digest":	"404a1cf66f6b2f4ef576ee597aa5ed59",
					"compatibleApp":	"zynq_fsbl",
					"domType":	"bootDomain",
					"arch":	"32-bit",
					"appSettings":	{
						"appCompilerFlags":	"",
						"appLinkerFlags":	""
					},
					"addedLibs":	["xilffs:5.1", "xilrsa:1.7"],
					"libOptions":	{
						"libsContainingOptions":	[]
					},
					"prebuiltLibs":	{
						"prebuiltIncPath":	[],
						"prebuiltLibPath":	[]
					},
					"isolation":	{
					}
				}]
		}]
}
TRACE::2025-03-12.14:02:26::SCWPlatform::Trying to open the hw design at C:/Users/Student/vitis_workspace/design_1_wrapper/hw/design_1_wrapper.xsa
TRACE::2025-03-12.14:02:26::SCWPlatform::DSA given C:/Users/Student/vitis_workspace/design_1_wrapper/hw/design_1_wrapper.xsa
TRACE::2025-03-12.14:02:26::SCWPlatform::DSA absoulate path C:/Users/Student/vitis_workspace/design_1_wrapper/hw/design_1_wrapper.xsa
TRACE::2025-03-12.14:02:26::SCWPlatform::DSA directory C:/Users/Student/vitis_workspace/design_1_wrapper/hw
TRACE::2025-03-12.14:02:26::SCWPlatform:: Platform Path C:/Users/Student/vitis_workspace/design_1_wrapper/hw/design_1_wrapper.xsa
TRACE::2025-03-12.14:02:26::SCWPlatform:: Unique name xilinx:zedboard::0.0
TRACE::2025-03-12.14:02:26::SCWPlatform::Trying to set the existing hwdb with name design_1_wrapper_0
TRACE::2025-03-12.14:02:26::SCWPlatform::Opened existing hwdb design_1_wrapper_0
TRACE::2025-03-12.14:02:26::SCWPlatform::Found the Hw Db part of the input DSA
TRACE::2025-03-12.14:02:26::SCWDomain::checking for install qemu data   : 
TRACE::2025-03-12.14:02:26::SCWDomain:: Using the QEMU Data from install at  : C:/Xilinx/Vitis/2023.2/data/emulation/platforms/zynq/sw/a9_standalone/qemu/
TRACE::2025-03-12.14:02:26::SCWDomain:: Using the QEMU args  from install at  : C:/Xilinx/Vitis/2023.2/data/emulation/platforms/zynq/sw/a9_standalone/qemu/qemu_args.txt
TRACE::2025-03-12.14:02:26::SCWPlatform::Trying to open the hw design at C:/Users/Student/vitis_workspace/design_1_wrapper/hw/design_1_wrapper.xsa
TRACE::2025-03-12.14:02:26::SCWPlatform::DSA given C:/Users/Student/vitis_workspace/design_1_wrapper/hw/design_1_wrapper.xsa
TRACE::2025-03-12.14:02:26::SCWPlatform::DSA absoulate path C:/Users/Student/vitis_workspace/design_1_wrapper/hw/design_1_wrapper.xsa
TRACE::2025-03-12.14:02:26::SCWPlatform::DSA directory C:/Users/Student/vitis_workspace/design_1_wrapper/hw
TRACE::2025-03-12.14:02:26::SCWPlatform:: Platform Path C:/Users/Student/vitis_workspace/design_1_wrapper/hw/design_1_wrapper.xsa
TRACE::2025-03-12.14:02:26::SCWPlatform:: Unique name xilinx:zedboard::0.0
TRACE::2025-03-12.14:02:26::SCWPlatform::Trying to set the existing hwdb with name design_1_wrapper_0
TRACE::2025-03-12.14:02:26::SCWPlatform::Opened existing hwdb design_1_wrapper_0
TRACE::2025-03-12.14:02:26::SCWPlatform::Found the Hw Db part of the input DSA
TRACE::2025-03-12.14:02:26::SCWPlatform::Trying to open the hw design at C:/Users/Student/vitis_workspace/design_1_wrapper/hw/design_1_wrapper.xsa
TRACE::2025-03-12.14:02:26::SCWPlatform::DSA given C:/Users/Student/vitis_workspace/design_1_wrapper/hw/design_1_wrapper.xsa
TRACE::2025-03-12.14:02:26::SCWPlatform::DSA absoulate path C:/Users/Student/vitis_workspace/design_1_wrapper/hw/design_1_wrapper.xsa
TRACE::2025-03-12.14:02:26::SCWPlatform::DSA directory C:/Users/Student/vitis_workspace/design_1_wrapper/hw
TRACE::2025-03-12.14:02:26::SCWPlatform:: Platform Path C:/Users/Student/vitis_workspace/design_1_wrapper/hw/design_1_wrapper.xsa
TRACE::2025-03-12.14:02:26::SCWPlatform:: Unique name xilinx:zedboard::0.0
TRACE::2025-03-12.14:02:26::SCWPlatform::Trying to set the existing hwdb with name design_1_wrapper_0
TRACE::2025-03-12.14:02:26::SCWPlatform::Opened existing hwdb design_1_wrapper_0
TRACE::2025-03-12.14:02:26::SCWPlatform::Found the Hw Db part of the input DSA
TRACE::2025-03-12.14:02:26::SCWDomain::Qemu Directory name is changed from "" to "qemu"
TRACE::2025-03-12.14:02:26::SCWPlatform::Trying to open the hw design at C:/Users/Student/vitis_workspace/design_1_wrapper/hw/design_1_wrapper.xsa
TRACE::2025-03-12.14:02:26::SCWPlatform::DSA given C:/Users/Student/vitis_workspace/design_1_wrapper/hw/design_1_wrapper.xsa
TRACE::2025-03-12.14:02:26::SCWPlatform::DSA absoulate path C:/Users/Student/vitis_workspace/design_1_wrapper/hw/design_1_wrapper.xsa
TRACE::2025-03-12.14:02:26::SCWPlatform::DSA directory C:/Users/Student/vitis_workspace/design_1_wrapper/hw
TRACE::2025-03-12.14:02:26::SCWPlatform:: Platform Path C:/Users/Student/vitis_workspace/design_1_wrapper/hw/design_1_wrapper.xsa
TRACE::2025-03-12.14:02:26::SCWPlatform:: Unique name xilinx:zedboard::0.0
TRACE::2025-03-12.14:02:26::SCWPlatform::Trying to set the existing hwdb with name design_1_wrapper_0
TRACE::2025-03-12.14:02:26::SCWPlatform::Opened existing hwdb design_1_wrapper_0
TRACE::2025-03-12.14:02:26::SCWPlatform::Found the Hw Db part of the input DSA
TRACE::2025-03-12.14:02:26::SCWMssOS::Checking the sw design at  C:/Users/Student/vitis_workspace/design_1_wrapper/ps7_cortexa9_0/standalone_ps7_cortexa9_0/bsp/system.mss
TRACE::2025-03-12.14:02:26::SCWMssOS::DEBUG:  swdes dump  C:/Users/Student/vitis_workspace/design_1_wrapper/zynq_fsbl/zynq_fsbl_bsp/system.mss|system||

TRACE::2025-03-12.14:02:26::SCWMssOS::No sw design opened at  C:/Users/Student/vitis_workspace/design_1_wrapper/ps7_cortexa9_0/standalone_ps7_cortexa9_0/bsp/system.mss
TRACE::2025-03-12.14:02:26::SCWMssOS::mss does not exists at C:/Users/Student/vitis_workspace/design_1_wrapper/ps7_cortexa9_0/standalone_ps7_cortexa9_0/bsp/system.mss
TRACE::2025-03-12.14:02:26::SCWMssOS::Creating sw design at  C:/Users/Student/vitis_workspace/design_1_wrapper/ps7_cortexa9_0/standalone_ps7_cortexa9_0/bsp/system.mss
TRACE::2025-03-12.14:02:26::SCWMssOS::Adding the swdes entry, created swdb C:/Users/Student/vitis_workspace/design_1_wrapper/ps7_cortexa9_0/standalone_ps7_cortexa9_0/bsp/system.mss with des name C:/Users/Student/vitis_workspace/design_1_wrapper/ps7_cortexa9_0/standalone_ps7_cortexa9_0/bsp/system.mss
TRACE::2025-03-12.14:02:26::SCWMssOS::updating the scw layer changes to swdes at   C:/Users/Student/vitis_workspace/design_1_wrapper/ps7_cortexa9_0/standalone_ps7_cortexa9_0/bsp/system.mss
TRACE::2025-03-12.14:02:26::SCWMssOS::Writing mss at C:/Users/Student/vitis_workspace/design_1_wrapper/ps7_cortexa9_0/standalone_ps7_cortexa9_0/bsp/system.mss
TRACE::2025-03-12.14:02:26::SCWMssOS::Completed writing the mss file at C:/Users/Student/vitis_workspace/design_1_wrapper/ps7_cortexa9_0/standalone_ps7_cortexa9_0/bsp
TRACE::2025-03-12.14:02:26::SCWMssOS::Picking up changes from newly written mss file into SCW Layer. 
TRACE::2025-03-12.14:02:26::SCWMssOS::Updated the changes from newly written mss file into SCW Layer. 
TRACE::2025-03-12.14:02:26::SCWMssOS::Completed writing the mss file at C:/Users/Student/vitis_workspace/design_1_wrapper/ps7_cortexa9_0/standalone_ps7_cortexa9_0/bsp
TRACE::2025-03-12.14:02:26::SCWMssOS::Forcing BSP Sources regeneration.
TRACE::2025-03-12.14:02:27::SCWMssOS::Saving the mss changes C:/Users/Student/vitis_workspace/design_1_wrapper/zynq_fsbl/zynq_fsbl_bsp/system.mss
TRACE::2025-03-12.14:02:27::SCWMssOS::Found a swdesign opened with the mssfile.
TRACE::2025-03-12.14:02:27::SCWMssOS::Completed writemss as part of save.
TRACE::2025-03-12.14:02:27::SCWMssOS::Commit changes completed.
TRACE::2025-03-12.14:02:27::SCWMssOS::Saving the mss changes C:/Users/Student/vitis_workspace/design_1_wrapper/ps7_cortexa9_0/standalone_ps7_cortexa9_0/bsp/system.mss
TRACE::2025-03-12.14:02:27::SCWMssOS::Adding the swdes entry, mss present, able to open swdb C:/Users/Student/vitis_workspace/design_1_wrapper/ps7_cortexa9_0/standalone_ps7_cortexa9_0/bsp/system.mss with des name system_0
TRACE::2025-03-12.14:02:27::SCWMssOS::Writing the mss file completed C:/Users/Student/vitis_workspace/design_1_wrapper/ps7_cortexa9_0/standalone_ps7_cortexa9_0/bsp/system.mss
TRACE::2025-03-12.14:02:27::SCWMssOS::Commit changes completed.
TRACE::2025-03-12.14:02:27::SCWPlatform::Trying to open the hw design at C:/Users/Student/vitis_workspace/design_1_wrapper/hw/design_1_wrapper.xsa
TRACE::2025-03-12.14:02:27::SCWPlatform::DSA given C:/Users/Student/vitis_workspace/design_1_wrapper/hw/design_1_wrapper.xsa
TRACE::2025-03-12.14:02:27::SCWPlatform::DSA absoulate path C:/Users/Student/vitis_workspace/design_1_wrapper/hw/design_1_wrapper.xsa
TRACE::2025-03-12.14:02:27::SCWPlatform::DSA directory C:/Users/Student/vitis_workspace/design_1_wrapper/hw
TRACE::2025-03-12.14:02:27::SCWPlatform:: Platform Path C:/Users/Student/vitis_workspace/design_1_wrapper/hw/design_1_wrapper.xsa
TRACE::2025-03-12.14:02:27::SCWPlatform:: Unique name xilinx:zedboard::0.0
TRACE::2025-03-12.14:02:27::SCWPlatform::Trying to set the existing hwdb with name design_1_wrapper_0
TRACE::2025-03-12.14:02:27::SCWPlatform::Opened existing hwdb design_1_wrapper_0
TRACE::2025-03-12.14:02:27::SCWPlatform::Found the Hw Db part of the input DSA
TRACE::2025-03-12.14:02:27::SCWMssOS::Checking the sw design at  C:/Users/Student/vitis_workspace/design_1_wrapper/zynq_fsbl/zynq_fsbl_bsp/system.mss
TRACE::2025-03-12.14:02:27::SCWMssOS::DEBUG:  swdes dump  C:/Users/Student/vitis_workspace/design_1_wrapper/ps7_cortexa9_0/standalone_ps7_cortexa9_0/bsp/system.mss|system_0||
C:/Users/Student/vitis_workspace/design_1_wrapper/zynq_fsbl/zynq_fsbl_bsp/system.mss|system||

TRACE::2025-03-12.14:02:27::SCWMssOS::Sw design exists and opened at  C:/Users/Student/vitis_workspace/design_1_wrapper/zynq_fsbl/zynq_fsbl_bsp/system.mss
TRACE::2025-03-12.14:02:27::SCWPlatform::Trying to open the hw design at C:/Users/Student/vitis_workspace/design_1_wrapper/hw/design_1_wrapper.xsa
TRACE::2025-03-12.14:02:27::SCWPlatform::DSA given C:/Users/Student/vitis_workspace/design_1_wrapper/hw/design_1_wrapper.xsa
TRACE::2025-03-12.14:02:27::SCWPlatform::DSA absoulate path C:/Users/Student/vitis_workspace/design_1_wrapper/hw/design_1_wrapper.xsa
TRACE::2025-03-12.14:02:27::SCWPlatform::DSA directory C:/Users/Student/vitis_workspace/design_1_wrapper/hw
TRACE::2025-03-12.14:02:27::SCWPlatform:: Platform Path C:/Users/Student/vitis_workspace/design_1_wrapper/hw/design_1_wrapper.xsa
TRACE::2025-03-12.14:02:27::SCWPlatform:: Unique name xilinx:zedboard::0.0
TRACE::2025-03-12.14:02:27::SCWPlatform::Trying to set the existing hwdb with name design_1_wrapper_0
TRACE::2025-03-12.14:02:27::SCWPlatform::Opened existing hwdb design_1_wrapper_0
TRACE::2025-03-12.14:02:27::SCWPlatform::Found the Hw Db part of the input DSA
TRACE::2025-03-12.14:02:27::SCWMssOS::Checking the sw design at  C:/Users/Student/vitis_workspace/design_1_wrapper/zynq_fsbl/zynq_fsbl_bsp/system.mss
TRACE::2025-03-12.14:02:27::SCWMssOS::DEBUG:  swdes dump  C:/Users/Student/vitis_workspace/design_1_wrapper/ps7_cortexa9_0/standalone_ps7_cortexa9_0/bsp/system.mss|system_0||
C:/Users/Student/vitis_workspace/design_1_wrapper/zynq_fsbl/zynq_fsbl_bsp/system.mss|system||

TRACE::2025-03-12.14:02:27::SCWMssOS::Sw design exists and opened at  C:/Users/Student/vitis_workspace/design_1_wrapper/zynq_fsbl/zynq_fsbl_bsp/system.mss
TRACE::2025-03-12.14:02:27::SCWPlatform::Trying to open the hw design at C:/Users/Student/vitis_workspace/design_1_wrapper/hw/design_1_wrapper.xsa
TRACE::2025-03-12.14:02:27::SCWPlatform::DSA given C:/Users/Student/vitis_workspace/design_1_wrapper/hw/design_1_wrapper.xsa
TRACE::2025-03-12.14:02:27::SCWPlatform::DSA absoulate path C:/Users/Student/vitis_workspace/design_1_wrapper/hw/design_1_wrapper.xsa
TRACE::2025-03-12.14:02:27::SCWPlatform::DSA directory C:/Users/Student/vitis_workspace/design_1_wrapper/hw
TRACE::2025-03-12.14:02:27::SCWPlatform:: Platform Path C:/Users/Student/vitis_workspace/design_1_wrapper/hw/design_1_wrapper.xsa
TRACE::2025-03-12.14:02:27::SCWPlatform:: Unique name xilinx:zedboard::0.0
TRACE::2025-03-12.14:02:27::SCWPlatform::Trying to set the existing hwdb with name design_1_wrapper_0
TRACE::2025-03-12.14:02:27::SCWPlatform::Opened existing hwdb design_1_wrapper_0
TRACE::2025-03-12.14:02:27::SCWPlatform::Found the Hw Db part of the input DSA
TRACE::2025-03-12.14:02:27::SCWMssOS::Checking the sw design at  C:/Users/Student/vitis_workspace/design_1_wrapper/zynq_fsbl/zynq_fsbl_bsp/system.mss
TRACE::2025-03-12.14:02:27::SCWMssOS::DEBUG:  swdes dump  C:/Users/Student/vitis_workspace/design_1_wrapper/ps7_cortexa9_0/standalone_ps7_cortexa9_0/bsp/system.mss|system_0||
C:/Users/Student/vitis_workspace/design_1_wrapper/zynq_fsbl/zynq_fsbl_bsp/system.mss|system||

TRACE::2025-03-12.14:02:27::SCWMssOS::Sw design exists and opened at  C:/Users/Student/vitis_workspace/design_1_wrapper/zynq_fsbl/zynq_fsbl_bsp/system.mss
TRACE::2025-03-12.14:02:27::SCWPlatform::Trying to open the hw design at C:/Users/Student/vitis_workspace/design_1_wrapper/hw/design_1_wrapper.xsa
TRACE::2025-03-12.14:02:27::SCWPlatform::DSA given C:/Users/Student/vitis_workspace/design_1_wrapper/hw/design_1_wrapper.xsa
TRACE::2025-03-12.14:02:27::SCWPlatform::DSA absoulate path C:/Users/Student/vitis_workspace/design_1_wrapper/hw/design_1_wrapper.xsa
TRACE::2025-03-12.14:02:27::SCWPlatform::DSA directory C:/Users/Student/vitis_workspace/design_1_wrapper/hw
TRACE::2025-03-12.14:02:27::SCWPlatform:: Platform Path C:/Users/Student/vitis_workspace/design_1_wrapper/hw/design_1_wrapper.xsa
TRACE::2025-03-12.14:02:27::SCWPlatform:: Unique name xilinx:zedboard::0.0
TRACE::2025-03-12.14:02:27::SCWPlatform::Trying to set the existing hwdb with name design_1_wrapper_0
TRACE::2025-03-12.14:02:27::SCWPlatform::Opened existing hwdb design_1_wrapper_0
TRACE::2025-03-12.14:02:27::SCWPlatform::Found the Hw Db part of the input DSA
TRACE::2025-03-12.14:02:27::SCWMssOS::Checking the sw design at  C:/Users/Student/vitis_workspace/design_1_wrapper/ps7_cortexa9_0/standalone_ps7_cortexa9_0/bsp/system.mss
TRACE::2025-03-12.14:02:27::SCWMssOS::DEBUG:  swdes dump  C:/Users/Student/vitis_workspace/design_1_wrapper/ps7_cortexa9_0/standalone_ps7_cortexa9_0/bsp/system.mss|system_0||
C:/Users/Student/vitis_workspace/design_1_wrapper/zynq_fsbl/zynq_fsbl_bsp/system.mss|system||

TRACE::2025-03-12.14:02:27::SCWMssOS::Sw design exists and opened at  C:/Users/Student/vitis_workspace/design_1_wrapper/ps7_cortexa9_0/standalone_ps7_cortexa9_0/bsp/system.mss
TRACE::2025-03-12.14:02:27::SCWPlatform::Trying to open the hw design at C:/Users/Student/vitis_workspace/design_1_wrapper/hw/design_1_wrapper.xsa
TRACE::2025-03-12.14:02:27::SCWPlatform::DSA given C:/Users/Student/vitis_workspace/design_1_wrapper/hw/design_1_wrapper.xsa
TRACE::2025-03-12.14:02:27::SCWPlatform::DSA absoulate path C:/Users/Student/vitis_workspace/design_1_wrapper/hw/design_1_wrapper.xsa
TRACE::2025-03-12.14:02:27::SCWPlatform::DSA directory C:/Users/Student/vitis_workspace/design_1_wrapper/hw
TRACE::2025-03-12.14:02:27::SCWPlatform:: Platform Path C:/Users/Student/vitis_workspace/design_1_wrapper/hw/design_1_wrapper.xsa
TRACE::2025-03-12.14:02:27::SCWPlatform:: Unique name xilinx:zedboard::0.0
TRACE::2025-03-12.14:02:27::SCWPlatform::Trying to set the existing hwdb with name design_1_wrapper_0
TRACE::2025-03-12.14:02:27::SCWPlatform::Opened existing hwdb design_1_wrapper_0
TRACE::2025-03-12.14:02:27::SCWPlatform::Found the Hw Db part of the input DSA
TRACE::2025-03-12.14:02:27::SCWMssOS::Checking the sw design at  C:/Users/Student/vitis_workspace/design_1_wrapper/ps7_cortexa9_0/standalone_ps7_cortexa9_0/bsp/system.mss
TRACE::2025-03-12.14:02:27::SCWMssOS::DEBUG:  swdes dump  C:/Users/Student/vitis_workspace/design_1_wrapper/ps7_cortexa9_0/standalone_ps7_cortexa9_0/bsp/system.mss|system_0||
C:/Users/Student/vitis_workspace/design_1_wrapper/zynq_fsbl/zynq_fsbl_bsp/system.mss|system||

TRACE::2025-03-12.14:02:27::SCWMssOS::Sw design exists and opened at  C:/Users/Student/vitis_workspace/design_1_wrapper/ps7_cortexa9_0/standalone_ps7_cortexa9_0/bsp/system.mss
TRACE::2025-03-12.14:02:27::SCWPlatform::Trying to open the hw design at C:/Users/Student/vitis_workspace/design_1_wrapper/hw/design_1_wrapper.xsa
TRACE::2025-03-12.14:02:27::SCWPlatform::DSA given C:/Users/Student/vitis_workspace/design_1_wrapper/hw/design_1_wrapper.xsa
TRACE::2025-03-12.14:02:27::SCWPlatform::DSA absoulate path C:/Users/Student/vitis_workspace/design_1_wrapper/hw/design_1_wrapper.xsa
TRACE::2025-03-12.14:02:27::SCWPlatform::DSA directory C:/Users/Student/vitis_workspace/design_1_wrapper/hw
TRACE::2025-03-12.14:02:27::SCWPlatform:: Platform Path C:/Users/Student/vitis_workspace/design_1_wrapper/hw/design_1_wrapper.xsa
TRACE::2025-03-12.14:02:27::SCWPlatform:: Unique name xilinx:zedboard::0.0
TRACE::2025-03-12.14:02:27::SCWPlatform::Trying to set the existing hwdb with name design_1_wrapper_0
TRACE::2025-03-12.14:02:27::SCWPlatform::Opened existing hwdb design_1_wrapper_0
TRACE::2025-03-12.14:02:27::SCWPlatform::Found the Hw Db part of the input DSA
TRACE::2025-03-12.14:02:27::SCWMssOS::Checking the sw design at  C:/Users/Student/vitis_workspace/design_1_wrapper/ps7_cortexa9_0/standalone_ps7_cortexa9_0/bsp/system.mss
TRACE::2025-03-12.14:02:27::SCWMssOS::DEBUG:  swdes dump  C:/Users/Student/vitis_workspace/design_1_wrapper/ps7_cortexa9_0/standalone_ps7_cortexa9_0/bsp/system.mss|system_0||
C:/Users/Student/vitis_workspace/design_1_wrapper/zynq_fsbl/zynq_fsbl_bsp/system.mss|system||

TRACE::2025-03-12.14:02:27::SCWMssOS::Sw design exists and opened at  C:/Users/Student/vitis_workspace/design_1_wrapper/ps7_cortexa9_0/standalone_ps7_cortexa9_0/bsp/system.mss
TRACE::2025-03-12.14:02:27::SCWWriter::formatted JSON is {
	"platformName":	"design_1_wrapper",
	"sprVersion":	"2.0",
	"mode":	"gui",
	"dsaType":	"Fixed",
	"platformDesc":	"design_1_wrapper",
	"platHandOff":	"C:/Users/Student/Desktop/lab07/design_1_wrapper.xsa",
	"platIntHandOff":	"<platformDir>/hw/design_1_wrapper.xsa",
	"deviceType":	"zynq",
	"platIsPrebuiltAutogen":	"false",
	"platIsNoBootBsp":	"false",
	"platFsblTarget":	"ps7_cortexa9_0",
	"hasFsblMakeHasChanges":	"false",
	"hasPmufwMakeHasChanges":	"false",
	"fsblExtraCompilerFlags":	"-MMD -MP       -mcpu=cortex-a9 -mfpu=vfpv3 -mfloat-abi=hard ",
	"platPreBuiltFlag":	false,
	"platformSamplesDir":	"",
	"platActiveSys":	"design_1_wrapper",
	"systems":	[{
			"systemName":	"design_1_wrapper",
			"systemDesc":	"design_1_wrapper",
			"sysIsBootAutoGen":	"true",
			"systemDispName":	"design_1_wrapper",
			"sysActiveDom":	"standalone_ps7_cortexa9_0",
			"sysDefaultDom":	"standalone_ps7_cortexa9_0",
			"domains":	[{
					"domainName":	"zynq_fsbl",
					"domainDispName":	"zynq_fsbl",
					"domainDesc":	"FSBL Application BSP - Auto Generated.",
					"processors":	"ps7_cortexa9_0",
					"os":	"standalone",
					"sdxOs":	"standalone",
					"debugEnable":	"",
					"domRuntimes":	["cpp"],
					"swRepo":	"",
					"mssOsVer":	"9.0",
					"mssFile":	"",
					"md5Digest":	"404a1cf66f6b2f4ef576ee597aa5ed59",
					"compatibleApp":	"zynq_fsbl",
					"domType":	"bootDomain",
					"arch":	"32-bit",
					"appSettings":	{
						"appCompilerFlags":	"",
						"appLinkerFlags":	""
					},
					"addedLibs":	["xilffs:5.1", "xilrsa:1.7"],
					"libOptions":	{
						"libsContainingOptions":	[]
					},
					"prebuiltLibs":	{
						"prebuiltIncPath":	[],
						"prebuiltLibPath":	[]
					},
					"isolation":	{
					}
				}, {
					"domainName":	"standalone_ps7_cortexa9_0",
					"domainDispName":	"standalone_ps7_cortexa9_0",
					"domainDesc":	"standalone_ps7_cortexa9_0",
					"processors":	"ps7_cortexa9_0",
					"os":	"standalone",
					"sdxOs":	"standalone",
					"qemuArgs":	"<platformDir>/resources/design_1_wrapper/standalone_ps7_cortexa9_0/qemu_args.txt",
					"qemuData":	"<platformDir>/resources/design_1_wrapper/standalone_ps7_cortexa9_0/qemu",
					"debugEnable":	"False",
					"domRuntimes":	["cpp"],
					"swRepo":	"",
					"mssOsVer":	"9.0",
					"mssFile":	"",
					"md5Digest":	"5a37a14a1c69e26fc24163d27b470f4d",
					"compatibleApp":	"hello_world",
					"domType":	"mssDomain",
					"arch":	"32-bit",
					"appSettings":	{
						"appCompilerFlags":	"",
						"appLinkerFlags":	""
					},
					"addedLibs":	[],
					"libOptions":	{
						"libsContainingOptions":	[]
					},
					"prebuiltLibs":	{
						"prebuiltIncPath":	[],
						"prebuiltLibPath":	[]
					},
					"isolation":	{
					}
				}]
		}]
}
LOG::2025-03-12.14:02:27::SCWPlatform::Started generating the artifacts platform design_1_wrapper
TRACE::2025-03-12.14:02:27::SCWPlatform::Sanity checking of platform is completed
LOG::2025-03-12.14:02:27::SCWPlatform::Started generating the artifacts for system configuration design_1_wrapper
LOG::2025-03-12.14:02:27::SCWSystem::Checking the domain zynq_fsbl
LOG::2025-03-12.14:02:27::SCWSystem::Doing application build for :  zynq_fsbl
TRACE::2025-03-12.14:02:27::SCWBDomain::Not a forced makefile updation, No changes are present. 
TRACE::2025-03-12.14:02:27::SCWDomain::Skipping the build for domain :  zynq_fsbl
LOG::2025-03-12.14:02:27::SCWSystem::Checking the domain standalone_ps7_cortexa9_0
LOG::2025-03-12.14:02:27::SCWSystem::Not a boot domain 
LOG::2025-03-12.14:02:27::SCWSystem::Started Processing the domain standalone_ps7_cortexa9_0
TRACE::2025-03-12.14:02:27::SCWDomain::Generating domain artifcats
TRACE::2025-03-12.14:02:27::SCWMssOS::Generating standalone artifcats
TRACE::2025-03-12.14:02:27::SCWMssOS::Copying the qemu file from  C:/Users/Student/vitis_workspace/design_1_wrapper/resources/design_1_wrapper/standalone_ps7_cortexa9_0/qemu_args.txt To C:/Users/Student/vitis_workspace/design_1_wrapper/export/design_1_wrapper/sw/design_1_wrapper/qemu/
TRACE::2025-03-12.14:02:27::SCWMssOS::Copying the qemu file from  C:/Users/Student/vitis_workspace/design_1_wrapper/resources/design_1_wrapper/standalone_ps7_cortexa9_0/qemu_args.txt To C:/Users/Student/vitis_workspace/design_1_wrapper/export/design_1_wrapper/sw/design_1_wrapper/standalone_ps7_cortexa9_0/qemu/
TRACE::2025-03-12.14:02:27::SCWMssOS:: Copying the user libraries. 
TRACE::2025-03-12.14:02:27::SCWPlatform::Trying to open the hw design at C:/Users/Student/vitis_workspace/design_1_wrapper/hw/design_1_wrapper.xsa
TRACE::2025-03-12.14:02:27::SCWPlatform::DSA given C:/Users/Student/vitis_workspace/design_1_wrapper/hw/design_1_wrapper.xsa
TRACE::2025-03-12.14:02:27::SCWPlatform::DSA absoulate path C:/Users/Student/vitis_workspace/design_1_wrapper/hw/design_1_wrapper.xsa
TRACE::2025-03-12.14:02:27::SCWPlatform::DSA directory C:/Users/Student/vitis_workspace/design_1_wrapper/hw
TRACE::2025-03-12.14:02:27::SCWPlatform:: Platform Path C:/Users/Student/vitis_workspace/design_1_wrapper/hw/design_1_wrapper.xsa
TRACE::2025-03-12.14:02:27::SCWPlatform:: Unique name xilinx:zedboard::0.0
TRACE::2025-03-12.14:02:27::SCWPlatform::Trying to set the existing hwdb with name design_1_wrapper_0
TRACE::2025-03-12.14:02:27::SCWPlatform::Opened existing hwdb design_1_wrapper_0
TRACE::2025-03-12.14:02:27::SCWPlatform::Found the Hw Db part of the input DSA
TRACE::2025-03-12.14:02:27::SCWMssOS::Checking the sw design at  C:/Users/Student/vitis_workspace/design_1_wrapper/ps7_cortexa9_0/standalone_ps7_cortexa9_0/bsp/system.mss
TRACE::2025-03-12.14:02:27::SCWMssOS::DEBUG:  swdes dump  C:/Users/Student/vitis_workspace/design_1_wrapper/ps7_cortexa9_0/standalone_ps7_cortexa9_0/bsp/system.mss|system_0||
C:/Users/Student/vitis_workspace/design_1_wrapper/zynq_fsbl/zynq_fsbl_bsp/system.mss|system||

TRACE::2025-03-12.14:02:27::SCWMssOS::Sw design exists and opened at  C:/Users/Student/vitis_workspace/design_1_wrapper/ps7_cortexa9_0/standalone_ps7_cortexa9_0/bsp/system.mss
TRACE::2025-03-12.14:02:27::SCWMssOS::Completed writing the mss file at C:/Users/Student/vitis_workspace/design_1_wrapper/ps7_cortexa9_0/standalone_ps7_cortexa9_0/bsp
TRACE::2025-03-12.14:02:27::SCWMssOS::Mss edits present, copying mssfile into export location C:/Users/Student/vitis_workspace/design_1_wrapper/ps7_cortexa9_0/standalone_ps7_cortexa9_0/bsp/system.mss
TRACE::2025-03-12.14:02:27::SCWMssOS::bsp generated is upto date with the mss file. Skipping bsp generation.
TRACE::2025-03-12.14:02:27::SCWMssOS::BSP is already built. skipping the bsp build ... 
TRACE::2025-03-12.14:02:27::SCWDomain::Skipping the build for domain :  standalone_ps7_cortexa9_0
TRACE::2025-03-12.14:02:27::SCWMssOS::skipping the bsp build ... 
TRACE::2025-03-12.14:02:27::SCWMssOS::Copying to export directory.
TRACE::2025-03-12.14:02:27::SCWMssOS:: Checking if to create the Supporting Applications
TRACE::2025-03-12.14:02:27::SCWMssOS:: No Linux domain exists, trying to generate FSBL 
TRACE::2025-03-12.14:02:27::SCWMssOS:: Completed Standalone Artifacts creation 
LOG::2025-03-12.14:02:27::SCWSystem::Completed Processing the domain standalone_ps7_cortexa9_0
LOG::2025-03-12.14:02:27::SCWSystem::Completed Processing the sysconfig design_1_wrapper
LOG::2025-03-12.14:02:27::SCWPlatform::Completed generating the artifacts for system configuration design_1_wrapper
TRACE::2025-03-12.14:02:27::SCWPlatform::Started preparing the platform 
TRACE::2025-03-12.14:02:27::SCWSystem::Writing the bif file for system config design_1_wrapper
TRACE::2025-03-12.14:02:27::SCWSystem::dir created 
TRACE::2025-03-12.14:02:27::SCWSystem::Writing the bif 
TRACE::2025-03-12.14:02:27::SCWPlatform::Started writing the spfm file 
TRACE::2025-03-12.14:02:27::SCWPlatform::Started writing the xpfm file 
TRACE::2025-03-12.14:02:27::SCWPlatform::Completed generating the platform
TRACE::2025-03-12.14:02:27::SCWMssOS::Saving the mss changes C:/Users/Student/vitis_workspace/design_1_wrapper/zynq_fsbl/zynq_fsbl_bsp/system.mss
TRACE::2025-03-12.14:02:27::SCWMssOS::Found a swdesign opened with the mssfile.
TRACE::2025-03-12.14:02:27::SCWMssOS::Completed writemss as part of save.
TRACE::2025-03-12.14:02:27::SCWMssOS::Commit changes completed.
TRACE::2025-03-12.14:02:27::SCWMssOS::Saving the mss changes C:/Users/Student/vitis_workspace/design_1_wrapper/ps7_cortexa9_0/standalone_ps7_cortexa9_0/bsp/system.mss
TRACE::2025-03-12.14:02:27::SCWMssOS::Found a swdesign opened with the mssfile.
TRACE::2025-03-12.14:02:27::SCWMssOS::Completed writemss as part of save.
TRACE::2025-03-12.14:02:27::SCWMssOS::Commit changes completed.
TRACE::2025-03-12.14:02:27::SCWPlatform::Trying to open the hw design at C:/Users/Student/vitis_workspace/design_1_wrapper/hw/design_1_wrapper.xsa
TRACE::2025-03-12.14:02:27::SCWPlatform::DSA given C:/Users/Student/vitis_workspace/design_1_wrapper/hw/design_1_wrapper.xsa
TRACE::2025-03-12.14:02:27::SCWPlatform::DSA absoulate path C:/Users/Student/vitis_workspace/design_1_wrapper/hw/design_1_wrapper.xsa
TRACE::2025-03-12.14:02:27::SCWPlatform::DSA directory C:/Users/Student/vitis_workspace/design_1_wrapper/hw
TRACE::2025-03-12.14:02:27::SCWPlatform:: Platform Path C:/Users/Student/vitis_workspace/design_1_wrapper/hw/design_1_wrapper.xsa
TRACE::2025-03-12.14:02:27::SCWPlatform:: Unique name xilinx:zedboard::0.0
TRACE::2025-03-12.14:02:27::SCWPlatform::Trying to set the existing hwdb with name design_1_wrapper_0
TRACE::2025-03-12.14:02:27::SCWPlatform::Opened existing hwdb design_1_wrapper_0
TRACE::2025-03-12.14:02:27::SCWPlatform::Found the Hw Db part of the input DSA
TRACE::2025-03-12.14:02:27::SCWMssOS::Checking the sw design at  C:/Users/Student/vitis_workspace/design_1_wrapper/zynq_fsbl/zynq_fsbl_bsp/system.mss
TRACE::2025-03-12.14:02:27::SCWMssOS::DEBUG:  swdes dump  C:/Users/Student/vitis_workspace/design_1_wrapper/ps7_cortexa9_0/standalone_ps7_cortexa9_0/bsp/system.mss|system_0||
C:/Users/Student/vitis_workspace/design_1_wrapper/zynq_fsbl/zynq_fsbl_bsp/system.mss|system||

TRACE::2025-03-12.14:02:27::SCWMssOS::Sw design exists and opened at  C:/Users/Student/vitis_workspace/design_1_wrapper/zynq_fsbl/zynq_fsbl_bsp/system.mss
TRACE::2025-03-12.14:02:27::SCWPlatform::Trying to open the hw design at C:/Users/Student/vitis_workspace/design_1_wrapper/hw/design_1_wrapper.xsa
TRACE::2025-03-12.14:02:27::SCWPlatform::DSA given C:/Users/Student/vitis_workspace/design_1_wrapper/hw/design_1_wrapper.xsa
TRACE::2025-03-12.14:02:27::SCWPlatform::DSA absoulate path C:/Users/Student/vitis_workspace/design_1_wrapper/hw/design_1_wrapper.xsa
TRACE::2025-03-12.14:02:27::SCWPlatform::DSA directory C:/Users/Student/vitis_workspace/design_1_wrapper/hw
TRACE::2025-03-12.14:02:27::SCWPlatform:: Platform Path C:/Users/Student/vitis_workspace/design_1_wrapper/hw/design_1_wrapper.xsa
TRACE::2025-03-12.14:02:27::SCWPlatform:: Unique name xilinx:zedboard::0.0
TRACE::2025-03-12.14:02:27::SCWPlatform::Trying to set the existing hwdb with name design_1_wrapper_0
TRACE::2025-03-12.14:02:27::SCWPlatform::Opened existing hwdb design_1_wrapper_0
TRACE::2025-03-12.14:02:27::SCWPlatform::Found the Hw Db part of the input DSA
TRACE::2025-03-12.14:02:27::SCWMssOS::Checking the sw design at  C:/Users/Student/vitis_workspace/design_1_wrapper/zynq_fsbl/zynq_fsbl_bsp/system.mss
TRACE::2025-03-12.14:02:27::SCWMssOS::DEBUG:  swdes dump  C:/Users/Student/vitis_workspace/design_1_wrapper/ps7_cortexa9_0/standalone_ps7_cortexa9_0/bsp/system.mss|system_0||
C:/Users/Student/vitis_workspace/design_1_wrapper/zynq_fsbl/zynq_fsbl_bsp/system.mss|system||

TRACE::2025-03-12.14:02:27::SCWMssOS::Sw design exists and opened at  C:/Users/Student/vitis_workspace/design_1_wrapper/zynq_fsbl/zynq_fsbl_bsp/system.mss
TRACE::2025-03-12.14:02:27::SCWPlatform::Trying to open the hw design at C:/Users/Student/vitis_workspace/design_1_wrapper/hw/design_1_wrapper.xsa
TRACE::2025-03-12.14:02:27::SCWPlatform::DSA given C:/Users/Student/vitis_workspace/design_1_wrapper/hw/design_1_wrapper.xsa
TRACE::2025-03-12.14:02:27::SCWPlatform::DSA absoulate path C:/Users/Student/vitis_workspace/design_1_wrapper/hw/design_1_wrapper.xsa
TRACE::2025-03-12.14:02:27::SCWPlatform::DSA directory C:/Users/Student/vitis_workspace/design_1_wrapper/hw
TRACE::2025-03-12.14:02:27::SCWPlatform:: Platform Path C:/Users/Student/vitis_workspace/design_1_wrapper/hw/design_1_wrapper.xsa
TRACE::2025-03-12.14:02:27::SCWPlatform:: Unique name xilinx:zedboard::0.0
TRACE::2025-03-12.14:02:27::SCWPlatform::Trying to set the existing hwdb with name design_1_wrapper_0
TRACE::2025-03-12.14:02:27::SCWPlatform::Opened existing hwdb design_1_wrapper_0
TRACE::2025-03-12.14:02:27::SCWPlatform::Found the Hw Db part of the input DSA
TRACE::2025-03-12.14:02:27::SCWMssOS::Checking the sw design at  C:/Users/Student/vitis_workspace/design_1_wrapper/zynq_fsbl/zynq_fsbl_bsp/system.mss
TRACE::2025-03-12.14:02:27::SCWMssOS::DEBUG:  swdes dump  C:/Users/Student/vitis_workspace/design_1_wrapper/ps7_cortexa9_0/standalone_ps7_cortexa9_0/bsp/system.mss|system_0||
C:/Users/Student/vitis_workspace/design_1_wrapper/zynq_fsbl/zynq_fsbl_bsp/system.mss|system||

TRACE::2025-03-12.14:02:27::SCWMssOS::Sw design exists and opened at  C:/Users/Student/vitis_workspace/design_1_wrapper/zynq_fsbl/zynq_fsbl_bsp/system.mss
TRACE::2025-03-12.14:02:27::SCWPlatform::Trying to open the hw design at C:/Users/Student/vitis_workspace/design_1_wrapper/hw/design_1_wrapper.xsa
TRACE::2025-03-12.14:02:27::SCWPlatform::DSA given C:/Users/Student/vitis_workspace/design_1_wrapper/hw/design_1_wrapper.xsa
TRACE::2025-03-12.14:02:27::SCWPlatform::DSA absoulate path C:/Users/Student/vitis_workspace/design_1_wrapper/hw/design_1_wrapper.xsa
TRACE::2025-03-12.14:02:27::SCWPlatform::DSA directory C:/Users/Student/vitis_workspace/design_1_wrapper/hw
TRACE::2025-03-12.14:02:27::SCWPlatform:: Platform Path C:/Users/Student/vitis_workspace/design_1_wrapper/hw/design_1_wrapper.xsa
TRACE::2025-03-12.14:02:27::SCWPlatform:: Unique name xilinx:zedboard::0.0
TRACE::2025-03-12.14:02:27::SCWPlatform::Trying to set the existing hwdb with name design_1_wrapper_0
TRACE::2025-03-12.14:02:27::SCWPlatform::Opened existing hwdb design_1_wrapper_0
TRACE::2025-03-12.14:02:27::SCWPlatform::Found the Hw Db part of the input DSA
TRACE::2025-03-12.14:02:27::SCWMssOS::Checking the sw design at  C:/Users/Student/vitis_workspace/design_1_wrapper/ps7_cortexa9_0/standalone_ps7_cortexa9_0/bsp/system.mss
TRACE::2025-03-12.14:02:27::SCWMssOS::DEBUG:  swdes dump  C:/Users/Student/vitis_workspace/design_1_wrapper/ps7_cortexa9_0/standalone_ps7_cortexa9_0/bsp/system.mss|system_0||
C:/Users/Student/vitis_workspace/design_1_wrapper/zynq_fsbl/zynq_fsbl_bsp/system.mss|system||

TRACE::2025-03-12.14:02:27::SCWMssOS::Sw design exists and opened at  C:/Users/Student/vitis_workspace/design_1_wrapper/ps7_cortexa9_0/standalone_ps7_cortexa9_0/bsp/system.mss
TRACE::2025-03-12.14:02:27::SCWPlatform::Trying to open the hw design at C:/Users/Student/vitis_workspace/design_1_wrapper/hw/design_1_wrapper.xsa
TRACE::2025-03-12.14:02:27::SCWPlatform::DSA given C:/Users/Student/vitis_workspace/design_1_wrapper/hw/design_1_wrapper.xsa
TRACE::2025-03-12.14:02:27::SCWPlatform::DSA absoulate path C:/Users/Student/vitis_workspace/design_1_wrapper/hw/design_1_wrapper.xsa
TRACE::2025-03-12.14:02:27::SCWPlatform::DSA directory C:/Users/Student/vitis_workspace/design_1_wrapper/hw
TRACE::2025-03-12.14:02:27::SCWPlatform:: Platform Path C:/Users/Student/vitis_workspace/design_1_wrapper/hw/design_1_wrapper.xsa
TRACE::2025-03-12.14:02:27::SCWPlatform:: Unique name xilinx:zedboard::0.0
TRACE::2025-03-12.14:02:27::SCWPlatform::Trying to set the existing hwdb with name design_1_wrapper_0
TRACE::2025-03-12.14:02:27::SCWPlatform::Opened existing hwdb design_1_wrapper_0
TRACE::2025-03-12.14:02:27::SCWPlatform::Found the Hw Db part of the input DSA
TRACE::2025-03-12.14:02:27::SCWMssOS::Checking the sw design at  C:/Users/Student/vitis_workspace/design_1_wrapper/ps7_cortexa9_0/standalone_ps7_cortexa9_0/bsp/system.mss
TRACE::2025-03-12.14:02:27::SCWMssOS::DEBUG:  swdes dump  C:/Users/Student/vitis_workspace/design_1_wrapper/ps7_cortexa9_0/standalone_ps7_cortexa9_0/bsp/system.mss|system_0||
C:/Users/Student/vitis_workspace/design_1_wrapper/zynq_fsbl/zynq_fsbl_bsp/system.mss|system||

TRACE::2025-03-12.14:02:27::SCWMssOS::Sw design exists and opened at  C:/Users/Student/vitis_workspace/design_1_wrapper/ps7_cortexa9_0/standalone_ps7_cortexa9_0/bsp/system.mss
TRACE::2025-03-12.14:02:27::SCWPlatform::Trying to open the hw design at C:/Users/Student/vitis_workspace/design_1_wrapper/hw/design_1_wrapper.xsa
TRACE::2025-03-12.14:02:27::SCWPlatform::DSA given C:/Users/Student/vitis_workspace/design_1_wrapper/hw/design_1_wrapper.xsa
TRACE::2025-03-12.14:02:27::SCWPlatform::DSA absoulate path C:/Users/Student/vitis_workspace/design_1_wrapper/hw/design_1_wrapper.xsa
TRACE::2025-03-12.14:02:27::SCWPlatform::DSA directory C:/Users/Student/vitis_workspace/design_1_wrapper/hw
TRACE::2025-03-12.14:02:27::SCWPlatform:: Platform Path C:/Users/Student/vitis_workspace/design_1_wrapper/hw/design_1_wrapper.xsa
TRACE::2025-03-12.14:02:27::SCWPlatform:: Unique name xilinx:zedboard::0.0
TRACE::2025-03-12.14:02:27::SCWPlatform::Trying to set the existing hwdb with name design_1_wrapper_0
TRACE::2025-03-12.14:02:27::SCWPlatform::Opened existing hwdb design_1_wrapper_0
TRACE::2025-03-12.14:02:27::SCWPlatform::Found the Hw Db part of the input DSA
TRACE::2025-03-12.14:02:27::SCWMssOS::Checking the sw design at  C:/Users/Student/vitis_workspace/design_1_wrapper/ps7_cortexa9_0/standalone_ps7_cortexa9_0/bsp/system.mss
TRACE::2025-03-12.14:02:27::SCWMssOS::DEBUG:  swdes dump  C:/Users/Student/vitis_workspace/design_1_wrapper/ps7_cortexa9_0/standalone_ps7_cortexa9_0/bsp/system.mss|system_0||
C:/Users/Student/vitis_workspace/design_1_wrapper/zynq_fsbl/zynq_fsbl_bsp/system.mss|system||

TRACE::2025-03-12.14:02:27::SCWMssOS::Sw design exists and opened at  C:/Users/Student/vitis_workspace/design_1_wrapper/ps7_cortexa9_0/standalone_ps7_cortexa9_0/bsp/system.mss
TRACE::2025-03-12.14:02:27::SCWWriter::formatted JSON is {
	"platformName":	"design_1_wrapper",
	"sprVersion":	"2.0",
	"mode":	"gui",
	"dsaType":	"Fixed",
	"platformDesc":	"design_1_wrapper",
	"platHandOff":	"C:/Users/Student/Desktop/lab07/design_1_wrapper.xsa",
	"platIntHandOff":	"<platformDir>/hw/design_1_wrapper.xsa",
	"deviceType":	"zynq",
	"platIsPrebuiltAutogen":	"false",
	"platIsNoBootBsp":	"false",
	"platFsblTarget":	"ps7_cortexa9_0",
	"hasFsblMakeHasChanges":	"false",
	"hasPmufwMakeHasChanges":	"false",
	"fsblExtraCompilerFlags":	"-MMD -MP       -mcpu=cortex-a9 -mfpu=vfpv3 -mfloat-abi=hard ",
	"platPreBuiltFlag":	false,
	"platformSamplesDir":	"",
	"platActiveSys":	"design_1_wrapper",
	"systems":	[{
			"systemName":	"design_1_wrapper",
			"systemDesc":	"design_1_wrapper",
			"sysIsBootAutoGen":	"true",
			"systemDispName":	"design_1_wrapper",
			"sysActiveDom":	"standalone_ps7_cortexa9_0",
			"sysDefaultDom":	"standalone_ps7_cortexa9_0",
			"domains":	[{
					"domainName":	"zynq_fsbl",
					"domainDispName":	"zynq_fsbl",
					"domainDesc":	"FSBL Application BSP - Auto Generated.",
					"processors":	"ps7_cortexa9_0",
					"os":	"standalone",
					"sdxOs":	"standalone",
					"debugEnable":	"",
					"domRuntimes":	["cpp"],
					"swRepo":	"",
					"mssOsVer":	"9.0",
					"mssFile":	"",
					"md5Digest":	"404a1cf66f6b2f4ef576ee597aa5ed59",
					"compatibleApp":	"zynq_fsbl",
					"domType":	"bootDomain",
					"arch":	"32-bit",
					"appSettings":	{
						"appCompilerFlags":	"",
						"appLinkerFlags":	""
					},
					"addedLibs":	["xilffs:5.1", "xilrsa:1.7"],
					"libOptions":	{
						"libsContainingOptions":	[]
					},
					"prebuiltLibs":	{
						"prebuiltIncPath":	[],
						"prebuiltLibPath":	[]
					},
					"isolation":	{
					}
				}, {
					"domainName":	"standalone_ps7_cortexa9_0",
					"domainDispName":	"standalone_ps7_cortexa9_0",
					"domainDesc":	"standalone_ps7_cortexa9_0",
					"processors":	"ps7_cortexa9_0",
					"os":	"standalone",
					"sdxOs":	"standalone",
					"qemuArgs":	"<platformDir>/resources/design_1_wrapper/standalone_ps7_cortexa9_0/qemu_args.txt",
					"qemuData":	"<platformDir>/resources/design_1_wrapper/standalone_ps7_cortexa9_0/qemu",
					"debugEnable":	"False",
					"domRuntimes":	["cpp"],
					"swRepo":	"",
					"mssOsVer":	"9.0",
					"mssFile":	"",
					"md5Digest":	"5a37a14a1c69e26fc24163d27b470f4d",
					"compatibleApp":	"hello_world",
					"domType":	"mssDomain",
					"arch":	"32-bit",
					"appSettings":	{
						"appCompilerFlags":	"",
						"appLinkerFlags":	""
					},
					"addedLibs":	[],
					"libOptions":	{
						"libsContainingOptions":	[]
					},
					"prebuiltLibs":	{
						"prebuiltIncPath":	[],
						"prebuiltLibPath":	[]
					},
					"isolation":	{
					}
				}]
		}]
}
KEYINFO::2025-03-12.14:02:27::SCWPlatform::updated the xpfm file.
TRACE::2025-03-12.14:02:28::SCWPlatform::Trying to open the hw design at C:/Users/Student/vitis_workspace/design_1_wrapper/hw/design_1_wrapper.xsa
TRACE::2025-03-12.14:02:28::SCWPlatform::DSA given C:/Users/Student/vitis_workspace/design_1_wrapper/hw/design_1_wrapper.xsa
TRACE::2025-03-12.14:02:28::SCWPlatform::DSA absoulate path C:/Users/Student/vitis_workspace/design_1_wrapper/hw/design_1_wrapper.xsa
TRACE::2025-03-12.14:02:28::SCWPlatform::DSA directory C:/Users/Student/vitis_workspace/design_1_wrapper/hw
TRACE::2025-03-12.14:02:28::SCWPlatform:: Platform Path C:/Users/Student/vitis_workspace/design_1_wrapper/hw/design_1_wrapper.xsa
TRACE::2025-03-12.14:02:28::SCWPlatform:: Unique name xilinx:zedboard::0.0
TRACE::2025-03-12.14:02:28::SCWPlatform::Trying to set the existing hwdb with name design_1_wrapper_0
TRACE::2025-03-12.14:02:28::SCWPlatform::Opened existing hwdb design_1_wrapper_0
TRACE::2025-03-12.14:02:28::SCWPlatform::Found the Hw Db part of the input DSA
TRACE::2025-03-12.14:02:28::SCWMssOS::Checking the sw design at  C:/Users/Student/vitis_workspace/design_1_wrapper/ps7_cortexa9_0/standalone_ps7_cortexa9_0/bsp/system.mss
TRACE::2025-03-12.14:02:28::SCWMssOS::DEBUG:  swdes dump  C:/Users/Student/vitis_workspace/design_1_wrapper/ps7_cortexa9_0/standalone_ps7_cortexa9_0/bsp/system.mss|system_0||
C:/Users/Student/vitis_workspace/design_1_wrapper/zynq_fsbl/zynq_fsbl_bsp/system.mss|system||

TRACE::2025-03-12.14:02:28::SCWMssOS::Sw design exists and opened at  C:/Users/Student/vitis_workspace/design_1_wrapper/ps7_cortexa9_0/standalone_ps7_cortexa9_0/bsp/system.mss
TRACE::2025-03-12.14:02:28::SCWMssOS::Saving the mss changes C:/Users/Student/vitis_workspace/design_1_wrapper/zynq_fsbl/zynq_fsbl_bsp/system.mss
TRACE::2025-03-12.14:02:28::SCWMssOS::Found a swdesign opened with the mssfile.
TRACE::2025-03-12.14:02:28::SCWMssOS::Completed writemss as part of save.
TRACE::2025-03-12.14:02:28::SCWMssOS::Commit changes completed.
TRACE::2025-03-12.14:02:28::SCWMssOS::Saving the mss changes C:/Users/Student/vitis_workspace/design_1_wrapper/ps7_cortexa9_0/standalone_ps7_cortexa9_0/bsp/system.mss
TRACE::2025-03-12.14:02:28::SCWMssOS::Found a swdesign opened with the mssfile.
TRACE::2025-03-12.14:02:28::SCWMssOS::Completed writemss as part of save.
TRACE::2025-03-12.14:02:28::SCWMssOS::Commit changes completed.
TRACE::2025-03-12.14:02:28::SCWPlatform::Trying to open the hw design at C:/Users/Student/vitis_workspace/design_1_wrapper/hw/design_1_wrapper.xsa
TRACE::2025-03-12.14:02:28::SCWPlatform::DSA given C:/Users/Student/vitis_workspace/design_1_wrapper/hw/design_1_wrapper.xsa
TRACE::2025-03-12.14:02:28::SCWPlatform::DSA absoulate path C:/Users/Student/vitis_workspace/design_1_wrapper/hw/design_1_wrapper.xsa
TRACE::2025-03-12.14:02:28::SCWPlatform::DSA directory C:/Users/Student/vitis_workspace/design_1_wrapper/hw
TRACE::2025-03-12.14:02:28::SCWPlatform:: Platform Path C:/Users/Student/vitis_workspace/design_1_wrapper/hw/design_1_wrapper.xsa
TRACE::2025-03-12.14:02:28::SCWPlatform:: Unique name xilinx:zedboard::0.0
TRACE::2025-03-12.14:02:28::SCWPlatform::Trying to set the existing hwdb with name design_1_wrapper_0
TRACE::2025-03-12.14:02:28::SCWPlatform::Opened existing hwdb design_1_wrapper_0
TRACE::2025-03-12.14:02:28::SCWPlatform::Found the Hw Db part of the input DSA
TRACE::2025-03-12.14:02:28::SCWMssOS::Checking the sw design at  C:/Users/Student/vitis_workspace/design_1_wrapper/zynq_fsbl/zynq_fsbl_bsp/system.mss
TRACE::2025-03-12.14:02:28::SCWMssOS::DEBUG:  swdes dump  C:/Users/Student/vitis_workspace/design_1_wrapper/ps7_cortexa9_0/standalone_ps7_cortexa9_0/bsp/system.mss|system_0||
C:/Users/Student/vitis_workspace/design_1_wrapper/zynq_fsbl/zynq_fsbl_bsp/system.mss|system||

TRACE::2025-03-12.14:02:28::SCWMssOS::Sw design exists and opened at  C:/Users/Student/vitis_workspace/design_1_wrapper/zynq_fsbl/zynq_fsbl_bsp/system.mss
TRACE::2025-03-12.14:02:28::SCWPlatform::Trying to open the hw design at C:/Users/Student/vitis_workspace/design_1_wrapper/hw/design_1_wrapper.xsa
TRACE::2025-03-12.14:02:28::SCWPlatform::DSA given C:/Users/Student/vitis_workspace/design_1_wrapper/hw/design_1_wrapper.xsa
TRACE::2025-03-12.14:02:28::SCWPlatform::DSA absoulate path C:/Users/Student/vitis_workspace/design_1_wrapper/hw/design_1_wrapper.xsa
TRACE::2025-03-12.14:02:28::SCWPlatform::DSA directory C:/Users/Student/vitis_workspace/design_1_wrapper/hw
TRACE::2025-03-12.14:02:28::SCWPlatform:: Platform Path C:/Users/Student/vitis_workspace/design_1_wrapper/hw/design_1_wrapper.xsa
TRACE::2025-03-12.14:02:28::SCWPlatform:: Unique name xilinx:zedboard::0.0
TRACE::2025-03-12.14:02:28::SCWPlatform::Trying to set the existing hwdb with name design_1_wrapper_0
TRACE::2025-03-12.14:02:28::SCWPlatform::Opened existing hwdb design_1_wrapper_0
TRACE::2025-03-12.14:02:28::SCWPlatform::Found the Hw Db part of the input DSA
TRACE::2025-03-12.14:02:28::SCWMssOS::Checking the sw design at  C:/Users/Student/vitis_workspace/design_1_wrapper/zynq_fsbl/zynq_fsbl_bsp/system.mss
TRACE::2025-03-12.14:02:28::SCWMssOS::DEBUG:  swdes dump  C:/Users/Student/vitis_workspace/design_1_wrapper/ps7_cortexa9_0/standalone_ps7_cortexa9_0/bsp/system.mss|system_0||
C:/Users/Student/vitis_workspace/design_1_wrapper/zynq_fsbl/zynq_fsbl_bsp/system.mss|system||

TRACE::2025-03-12.14:02:28::SCWMssOS::Sw design exists and opened at  C:/Users/Student/vitis_workspace/design_1_wrapper/zynq_fsbl/zynq_fsbl_bsp/system.mss
TRACE::2025-03-12.14:02:28::SCWPlatform::Trying to open the hw design at C:/Users/Student/vitis_workspace/design_1_wrapper/hw/design_1_wrapper.xsa
TRACE::2025-03-12.14:02:28::SCWPlatform::DSA given C:/Users/Student/vitis_workspace/design_1_wrapper/hw/design_1_wrapper.xsa
TRACE::2025-03-12.14:02:28::SCWPlatform::DSA absoulate path C:/Users/Student/vitis_workspace/design_1_wrapper/hw/design_1_wrapper.xsa
TRACE::2025-03-12.14:02:28::SCWPlatform::DSA directory C:/Users/Student/vitis_workspace/design_1_wrapper/hw
TRACE::2025-03-12.14:02:28::SCWPlatform:: Platform Path C:/Users/Student/vitis_workspace/design_1_wrapper/hw/design_1_wrapper.xsa
TRACE::2025-03-12.14:02:28::SCWPlatform:: Unique name xilinx:zedboard::0.0
TRACE::2025-03-12.14:02:28::SCWPlatform::Trying to set the existing hwdb with name design_1_wrapper_0
TRACE::2025-03-12.14:02:28::SCWPlatform::Opened existing hwdb design_1_wrapper_0
TRACE::2025-03-12.14:02:28::SCWPlatform::Found the Hw Db part of the input DSA
TRACE::2025-03-12.14:02:28::SCWMssOS::Checking the sw design at  C:/Users/Student/vitis_workspace/design_1_wrapper/zynq_fsbl/zynq_fsbl_bsp/system.mss
TRACE::2025-03-12.14:02:28::SCWMssOS::DEBUG:  swdes dump  C:/Users/Student/vitis_workspace/design_1_wrapper/ps7_cortexa9_0/standalone_ps7_cortexa9_0/bsp/system.mss|system_0||
C:/Users/Student/vitis_workspace/design_1_wrapper/zynq_fsbl/zynq_fsbl_bsp/system.mss|system||

TRACE::2025-03-12.14:02:28::SCWMssOS::Sw design exists and opened at  C:/Users/Student/vitis_workspace/design_1_wrapper/zynq_fsbl/zynq_fsbl_bsp/system.mss
TRACE::2025-03-12.14:02:28::SCWPlatform::Trying to open the hw design at C:/Users/Student/vitis_workspace/design_1_wrapper/hw/design_1_wrapper.xsa
TRACE::2025-03-12.14:02:28::SCWPlatform::DSA given C:/Users/Student/vitis_workspace/design_1_wrapper/hw/design_1_wrapper.xsa
TRACE::2025-03-12.14:02:28::SCWPlatform::DSA absoulate path C:/Users/Student/vitis_workspace/design_1_wrapper/hw/design_1_wrapper.xsa
TRACE::2025-03-12.14:02:28::SCWPlatform::DSA directory C:/Users/Student/vitis_workspace/design_1_wrapper/hw
TRACE::2025-03-12.14:02:28::SCWPlatform:: Platform Path C:/Users/Student/vitis_workspace/design_1_wrapper/hw/design_1_wrapper.xsa
TRACE::2025-03-12.14:02:28::SCWPlatform:: Unique name xilinx:zedboard::0.0
TRACE::2025-03-12.14:02:28::SCWPlatform::Trying to set the existing hwdb with name design_1_wrapper_0
TRACE::2025-03-12.14:02:28::SCWPlatform::Opened existing hwdb design_1_wrapper_0
TRACE::2025-03-12.14:02:28::SCWPlatform::Found the Hw Db part of the input DSA
TRACE::2025-03-12.14:02:28::SCWMssOS::Checking the sw design at  C:/Users/Student/vitis_workspace/design_1_wrapper/ps7_cortexa9_0/standalone_ps7_cortexa9_0/bsp/system.mss
TRACE::2025-03-12.14:02:28::SCWMssOS::DEBUG:  swdes dump  C:/Users/Student/vitis_workspace/design_1_wrapper/ps7_cortexa9_0/standalone_ps7_cortexa9_0/bsp/system.mss|system_0||
C:/Users/Student/vitis_workspace/design_1_wrapper/zynq_fsbl/zynq_fsbl_bsp/system.mss|system||

TRACE::2025-03-12.14:02:28::SCWMssOS::Sw design exists and opened at  C:/Users/Student/vitis_workspace/design_1_wrapper/ps7_cortexa9_0/standalone_ps7_cortexa9_0/bsp/system.mss
TRACE::2025-03-12.14:02:28::SCWPlatform::Trying to open the hw design at C:/Users/Student/vitis_workspace/design_1_wrapper/hw/design_1_wrapper.xsa
TRACE::2025-03-12.14:02:28::SCWPlatform::DSA given C:/Users/Student/vitis_workspace/design_1_wrapper/hw/design_1_wrapper.xsa
TRACE::2025-03-12.14:02:28::SCWPlatform::DSA absoulate path C:/Users/Student/vitis_workspace/design_1_wrapper/hw/design_1_wrapper.xsa
TRACE::2025-03-12.14:02:28::SCWPlatform::DSA directory C:/Users/Student/vitis_workspace/design_1_wrapper/hw
TRACE::2025-03-12.14:02:28::SCWPlatform:: Platform Path C:/Users/Student/vitis_workspace/design_1_wrapper/hw/design_1_wrapper.xsa
TRACE::2025-03-12.14:02:28::SCWPlatform:: Unique name xilinx:zedboard::0.0
TRACE::2025-03-12.14:02:28::SCWPlatform::Trying to set the existing hwdb with name design_1_wrapper_0
TRACE::2025-03-12.14:02:28::SCWPlatform::Opened existing hwdb design_1_wrapper_0
TRACE::2025-03-12.14:02:28::SCWPlatform::Found the Hw Db part of the input DSA
TRACE::2025-03-12.14:02:28::SCWMssOS::Checking the sw design at  C:/Users/Student/vitis_workspace/design_1_wrapper/ps7_cortexa9_0/standalone_ps7_cortexa9_0/bsp/system.mss
TRACE::2025-03-12.14:02:28::SCWMssOS::DEBUG:  swdes dump  C:/Users/Student/vitis_workspace/design_1_wrapper/ps7_cortexa9_0/standalone_ps7_cortexa9_0/bsp/system.mss|system_0||
C:/Users/Student/vitis_workspace/design_1_wrapper/zynq_fsbl/zynq_fsbl_bsp/system.mss|system||

TRACE::2025-03-12.14:02:28::SCWMssOS::Sw design exists and opened at  C:/Users/Student/vitis_workspace/design_1_wrapper/ps7_cortexa9_0/standalone_ps7_cortexa9_0/bsp/system.mss
TRACE::2025-03-12.14:02:28::SCWPlatform::Trying to open the hw design at C:/Users/Student/vitis_workspace/design_1_wrapper/hw/design_1_wrapper.xsa
TRACE::2025-03-12.14:02:28::SCWPlatform::DSA given C:/Users/Student/vitis_workspace/design_1_wrapper/hw/design_1_wrapper.xsa
TRACE::2025-03-12.14:02:28::SCWPlatform::DSA absoulate path C:/Users/Student/vitis_workspace/design_1_wrapper/hw/design_1_wrapper.xsa
TRACE::2025-03-12.14:02:28::SCWPlatform::DSA directory C:/Users/Student/vitis_workspace/design_1_wrapper/hw
TRACE::2025-03-12.14:02:28::SCWPlatform:: Platform Path C:/Users/Student/vitis_workspace/design_1_wrapper/hw/design_1_wrapper.xsa
TRACE::2025-03-12.14:02:28::SCWPlatform:: Unique name xilinx:zedboard::0.0
TRACE::2025-03-12.14:02:28::SCWPlatform::Trying to set the existing hwdb with name design_1_wrapper_0
TRACE::2025-03-12.14:02:28::SCWPlatform::Opened existing hwdb design_1_wrapper_0
TRACE::2025-03-12.14:02:28::SCWPlatform::Found the Hw Db part of the input DSA
TRACE::2025-03-12.14:02:28::SCWMssOS::Checking the sw design at  C:/Users/Student/vitis_workspace/design_1_wrapper/ps7_cortexa9_0/standalone_ps7_cortexa9_0/bsp/system.mss
TRACE::2025-03-12.14:02:28::SCWMssOS::DEBUG:  swdes dump  C:/Users/Student/vitis_workspace/design_1_wrapper/ps7_cortexa9_0/standalone_ps7_cortexa9_0/bsp/system.mss|system_0||
C:/Users/Student/vitis_workspace/design_1_wrapper/zynq_fsbl/zynq_fsbl_bsp/system.mss|system||

TRACE::2025-03-12.14:02:28::SCWMssOS::Sw design exists and opened at  C:/Users/Student/vitis_workspace/design_1_wrapper/ps7_cortexa9_0/standalone_ps7_cortexa9_0/bsp/system.mss
TRACE::2025-03-12.14:02:28::SCWWriter::formatted JSON is {
	"platformName":	"design_1_wrapper",
	"sprVersion":	"2.0",
	"mode":	"gui",
	"dsaType":	"Fixed",
	"platformDesc":	"design_1_wrapper",
	"platHandOff":	"C:/Users/Student/Desktop/lab07/design_1_wrapper.xsa",
	"platIntHandOff":	"<platformDir>/hw/design_1_wrapper.xsa",
	"deviceType":	"zynq",
	"platIsPrebuiltAutogen":	"false",
	"platIsNoBootBsp":	"false",
	"platFsblTarget":	"ps7_cortexa9_0",
	"hasFsblMakeHasChanges":	"false",
	"hasPmufwMakeHasChanges":	"false",
	"fsblExtraCompilerFlags":	"-MMD -MP       -mcpu=cortex-a9 -mfpu=vfpv3 -mfloat-abi=hard ",
	"platPreBuiltFlag":	false,
	"platformSamplesDir":	"",
	"platActiveSys":	"design_1_wrapper",
	"systems":	[{
			"systemName":	"design_1_wrapper",
			"systemDesc":	"design_1_wrapper",
			"sysIsBootAutoGen":	"true",
			"systemDispName":	"design_1_wrapper",
			"sysActiveDom":	"standalone_ps7_cortexa9_0",
			"sysDefaultDom":	"standalone_ps7_cortexa9_0",
			"domains":	[{
					"domainName":	"zynq_fsbl",
					"domainDispName":	"zynq_fsbl",
					"domainDesc":	"FSBL Application BSP - Auto Generated.",
					"processors":	"ps7_cortexa9_0",
					"os":	"standalone",
					"sdxOs":	"standalone",
					"debugEnable":	"",
					"domRuntimes":	["cpp"],
					"swRepo":	"",
					"mssOsVer":	"9.0",
					"mssFile":	"",
					"md5Digest":	"404a1cf66f6b2f4ef576ee597aa5ed59",
					"compatibleApp":	"zynq_fsbl",
					"domType":	"bootDomain",
					"arch":	"32-bit",
					"appSettings":	{
						"appCompilerFlags":	"",
						"appLinkerFlags":	""
					},
					"addedLibs":	["xilffs:5.1", "xilrsa:1.7"],
					"libOptions":	{
						"libsContainingOptions":	[]
					},
					"prebuiltLibs":	{
						"prebuiltIncPath":	[],
						"prebuiltLibPath":	[]
					},
					"isolation":	{
					}
				}, {
					"domainName":	"standalone_ps7_cortexa9_0",
					"domainDispName":	"standalone_ps7_cortexa9_0",
					"domainDesc":	"standalone_ps7_cortexa9_0",
					"processors":	"ps7_cortexa9_0",
					"os":	"standalone",
					"sdxOs":	"standalone",
					"qemuArgs":	"<platformDir>/resources/design_1_wrapper/standalone_ps7_cortexa9_0/qemu_args.txt",
					"qemuData":	"<platformDir>/resources/design_1_wrapper/standalone_ps7_cortexa9_0/qemu",
					"debugEnable":	"False",
					"domRuntimes":	["cpp"],
					"swRepo":	"",
					"mssOsVer":	"9.0",
					"mssFile":	"",
					"md5Digest":	"5a37a14a1c69e26fc24163d27b470f4d",
					"compatibleApp":	"hello_world",
					"domType":	"mssDomain",
					"arch":	"32-bit",
					"appSettings":	{
						"appCompilerFlags":	"",
						"appLinkerFlags":	""
					},
					"addedLibs":	[],
					"libOptions":	{
						"libsContainingOptions":	[]
					},
					"prebuiltLibs":	{
						"prebuiltIncPath":	[],
						"prebuiltLibPath":	[]
					},
					"isolation":	{
					}
				}]
		}]
}
TRACE::2025-03-12.14:02:28::SCWPlatform::Trying to open the hw design at C:/Users/Student/vitis_workspace/design_1_wrapper/hw/design_1_wrapper.xsa
TRACE::2025-03-12.14:02:28::SCWPlatform::DSA given C:/Users/Student/vitis_workspace/design_1_wrapper/hw/design_1_wrapper.xsa
TRACE::2025-03-12.14:02:28::SCWPlatform::DSA absoulate path C:/Users/Student/vitis_workspace/design_1_wrapper/hw/design_1_wrapper.xsa
TRACE::2025-03-12.14:02:28::SCWPlatform::DSA directory C:/Users/Student/vitis_workspace/design_1_wrapper/hw
TRACE::2025-03-12.14:02:28::SCWPlatform:: Platform Path C:/Users/Student/vitis_workspace/design_1_wrapper/hw/design_1_wrapper.xsa
TRACE::2025-03-12.14:02:28::SCWPlatform:: Unique name xilinx:zedboard::0.0
TRACE::2025-03-12.14:02:28::SCWPlatform::Trying to set the existing hwdb with name design_1_wrapper_0
TRACE::2025-03-12.14:02:28::SCWPlatform::Opened existing hwdb design_1_wrapper_0
TRACE::2025-03-12.14:02:28::SCWPlatform::Found the Hw Db part of the input DSA
TRACE::2025-03-12.14:02:28::SCWMssOS::Checking the sw design at  C:/Users/Student/vitis_workspace/design_1_wrapper/ps7_cortexa9_0/standalone_ps7_cortexa9_0/bsp/system.mss
TRACE::2025-03-12.14:02:28::SCWMssOS::DEBUG:  swdes dump  C:/Users/Student/vitis_workspace/design_1_wrapper/ps7_cortexa9_0/standalone_ps7_cortexa9_0/bsp/system.mss|system_0||
C:/Users/Student/vitis_workspace/design_1_wrapper/zynq_fsbl/zynq_fsbl_bsp/system.mss|system||

TRACE::2025-03-12.14:02:28::SCWMssOS::Sw design exists and opened at  C:/Users/Student/vitis_workspace/design_1_wrapper/ps7_cortexa9_0/standalone_ps7_cortexa9_0/bsp/system.mss
TRACE::2025-03-12.14:02:28::SCWPlatform::Trying to open the hw design at C:/Users/Student/vitis_workspace/design_1_wrapper/hw/design_1_wrapper.xsa
TRACE::2025-03-12.14:02:28::SCWPlatform::DSA given C:/Users/Student/vitis_workspace/design_1_wrapper/hw/design_1_wrapper.xsa
TRACE::2025-03-12.14:02:28::SCWPlatform::DSA absoulate path C:/Users/Student/vitis_workspace/design_1_wrapper/hw/design_1_wrapper.xsa
TRACE::2025-03-12.14:02:28::SCWPlatform::DSA directory C:/Users/Student/vitis_workspace/design_1_wrapper/hw
TRACE::2025-03-12.14:02:28::SCWPlatform:: Platform Path C:/Users/Student/vitis_workspace/design_1_wrapper/hw/design_1_wrapper.xsa
TRACE::2025-03-12.14:02:28::SCWPlatform:: Unique name xilinx:zedboard::0.0
TRACE::2025-03-12.14:02:28::SCWPlatform::Trying to set the existing hwdb with name design_1_wrapper_0
TRACE::2025-03-12.14:02:28::SCWPlatform::Opened existing hwdb design_1_wrapper_0
TRACE::2025-03-12.14:02:28::SCWPlatform::Found the Hw Db part of the input DSA
TRACE::2025-03-12.14:02:28::SCWMssOS::Checking the sw design at  C:/Users/Student/vitis_workspace/design_1_wrapper/ps7_cortexa9_0/standalone_ps7_cortexa9_0/bsp/system.mss
TRACE::2025-03-12.14:02:28::SCWMssOS::DEBUG:  swdes dump  C:/Users/Student/vitis_workspace/design_1_wrapper/ps7_cortexa9_0/standalone_ps7_cortexa9_0/bsp/system.mss|system_0||
C:/Users/Student/vitis_workspace/design_1_wrapper/zynq_fsbl/zynq_fsbl_bsp/system.mss|system||

TRACE::2025-03-12.14:02:28::SCWMssOS::Sw design exists and opened at  C:/Users/Student/vitis_workspace/design_1_wrapper/ps7_cortexa9_0/standalone_ps7_cortexa9_0/bsp/system.mss
TRACE::2025-03-12.14:02:28::SCWMssOS::Saving the mss changes C:/Users/Student/vitis_workspace/design_1_wrapper/zynq_fsbl/zynq_fsbl_bsp/system.mss
TRACE::2025-03-12.14:02:28::SCWMssOS::Found a swdesign opened with the mssfile.
TRACE::2025-03-12.14:02:28::SCWMssOS::Completed writemss as part of save.
TRACE::2025-03-12.14:02:28::SCWMssOS::Commit changes completed.
TRACE::2025-03-12.14:02:28::SCWMssOS::Saving the mss changes C:/Users/Student/vitis_workspace/design_1_wrapper/ps7_cortexa9_0/standalone_ps7_cortexa9_0/bsp/system.mss
TRACE::2025-03-12.14:02:28::SCWMssOS::Found a swdesign opened with the mssfile.
TRACE::2025-03-12.14:02:28::SCWMssOS::Completed writemss as part of save.
TRACE::2025-03-12.14:02:28::SCWMssOS::Commit changes completed.
TRACE::2025-03-12.14:02:28::SCWPlatform::Trying to open the hw design at C:/Users/Student/vitis_workspace/design_1_wrapper/hw/design_1_wrapper.xsa
TRACE::2025-03-12.14:02:28::SCWPlatform::DSA given C:/Users/Student/vitis_workspace/design_1_wrapper/hw/design_1_wrapper.xsa
TRACE::2025-03-12.14:02:28::SCWPlatform::DSA absoulate path C:/Users/Student/vitis_workspace/design_1_wrapper/hw/design_1_wrapper.xsa
TRACE::2025-03-12.14:02:28::SCWPlatform::DSA directory C:/Users/Student/vitis_workspace/design_1_wrapper/hw
TRACE::2025-03-12.14:02:28::SCWPlatform:: Platform Path C:/Users/Student/vitis_workspace/design_1_wrapper/hw/design_1_wrapper.xsa
TRACE::2025-03-12.14:02:28::SCWPlatform:: Unique name xilinx:zedboard::0.0
TRACE::2025-03-12.14:02:28::SCWPlatform::Trying to set the existing hwdb with name design_1_wrapper_0
TRACE::2025-03-12.14:02:28::SCWPlatform::Opened existing hwdb design_1_wrapper_0
TRACE::2025-03-12.14:02:28::SCWPlatform::Found the Hw Db part of the input DSA
TRACE::2025-03-12.14:02:28::SCWMssOS::Checking the sw design at  C:/Users/Student/vitis_workspace/design_1_wrapper/zynq_fsbl/zynq_fsbl_bsp/system.mss
TRACE::2025-03-12.14:02:28::SCWMssOS::DEBUG:  swdes dump  C:/Users/Student/vitis_workspace/design_1_wrapper/ps7_cortexa9_0/standalone_ps7_cortexa9_0/bsp/system.mss|system_0||
C:/Users/Student/vitis_workspace/design_1_wrapper/zynq_fsbl/zynq_fsbl_bsp/system.mss|system||

TRACE::2025-03-12.14:02:28::SCWMssOS::Sw design exists and opened at  C:/Users/Student/vitis_workspace/design_1_wrapper/zynq_fsbl/zynq_fsbl_bsp/system.mss
TRACE::2025-03-12.14:02:28::SCWPlatform::Trying to open the hw design at C:/Users/Student/vitis_workspace/design_1_wrapper/hw/design_1_wrapper.xsa
TRACE::2025-03-12.14:02:28::SCWPlatform::DSA given C:/Users/Student/vitis_workspace/design_1_wrapper/hw/design_1_wrapper.xsa
TRACE::2025-03-12.14:02:28::SCWPlatform::DSA absoulate path C:/Users/Student/vitis_workspace/design_1_wrapper/hw/design_1_wrapper.xsa
TRACE::2025-03-12.14:02:28::SCWPlatform::DSA directory C:/Users/Student/vitis_workspace/design_1_wrapper/hw
TRACE::2025-03-12.14:02:28::SCWPlatform:: Platform Path C:/Users/Student/vitis_workspace/design_1_wrapper/hw/design_1_wrapper.xsa
TRACE::2025-03-12.14:02:28::SCWPlatform:: Unique name xilinx:zedboard::0.0
TRACE::2025-03-12.14:02:28::SCWPlatform::Trying to set the existing hwdb with name design_1_wrapper_0
TRACE::2025-03-12.14:02:28::SCWPlatform::Opened existing hwdb design_1_wrapper_0
TRACE::2025-03-12.14:02:28::SCWPlatform::Found the Hw Db part of the input DSA
TRACE::2025-03-12.14:02:28::SCWMssOS::Checking the sw design at  C:/Users/Student/vitis_workspace/design_1_wrapper/zynq_fsbl/zynq_fsbl_bsp/system.mss
TRACE::2025-03-12.14:02:28::SCWMssOS::DEBUG:  swdes dump  C:/Users/Student/vitis_workspace/design_1_wrapper/ps7_cortexa9_0/standalone_ps7_cortexa9_0/bsp/system.mss|system_0||
C:/Users/Student/vitis_workspace/design_1_wrapper/zynq_fsbl/zynq_fsbl_bsp/system.mss|system||

TRACE::2025-03-12.14:02:28::SCWMssOS::Sw design exists and opened at  C:/Users/Student/vitis_workspace/design_1_wrapper/zynq_fsbl/zynq_fsbl_bsp/system.mss
TRACE::2025-03-12.14:02:28::SCWPlatform::Trying to open the hw design at C:/Users/Student/vitis_workspace/design_1_wrapper/hw/design_1_wrapper.xsa
TRACE::2025-03-12.14:02:28::SCWPlatform::DSA given C:/Users/Student/vitis_workspace/design_1_wrapper/hw/design_1_wrapper.xsa
TRACE::2025-03-12.14:02:28::SCWPlatform::DSA absoulate path C:/Users/Student/vitis_workspace/design_1_wrapper/hw/design_1_wrapper.xsa
TRACE::2025-03-12.14:02:28::SCWPlatform::DSA directory C:/Users/Student/vitis_workspace/design_1_wrapper/hw
TRACE::2025-03-12.14:02:28::SCWPlatform:: Platform Path C:/Users/Student/vitis_workspace/design_1_wrapper/hw/design_1_wrapper.xsa
TRACE::2025-03-12.14:02:28::SCWPlatform:: Unique name xilinx:zedboard::0.0
TRACE::2025-03-12.14:02:28::SCWPlatform::Trying to set the existing hwdb with name design_1_wrapper_0
TRACE::2025-03-12.14:02:28::SCWPlatform::Opened existing hwdb design_1_wrapper_0
TRACE::2025-03-12.14:02:28::SCWPlatform::Found the Hw Db part of the input DSA
TRACE::2025-03-12.14:02:28::SCWMssOS::Checking the sw design at  C:/Users/Student/vitis_workspace/design_1_wrapper/zynq_fsbl/zynq_fsbl_bsp/system.mss
TRACE::2025-03-12.14:02:28::SCWMssOS::DEBUG:  swdes dump  C:/Users/Student/vitis_workspace/design_1_wrapper/ps7_cortexa9_0/standalone_ps7_cortexa9_0/bsp/system.mss|system_0||
C:/Users/Student/vitis_workspace/design_1_wrapper/zynq_fsbl/zynq_fsbl_bsp/system.mss|system||

TRACE::2025-03-12.14:02:28::SCWMssOS::Sw design exists and opened at  C:/Users/Student/vitis_workspace/design_1_wrapper/zynq_fsbl/zynq_fsbl_bsp/system.mss
TRACE::2025-03-12.14:02:28::SCWPlatform::Trying to open the hw design at C:/Users/Student/vitis_workspace/design_1_wrapper/hw/design_1_wrapper.xsa
TRACE::2025-03-12.14:02:28::SCWPlatform::DSA given C:/Users/Student/vitis_workspace/design_1_wrapper/hw/design_1_wrapper.xsa
TRACE::2025-03-12.14:02:28::SCWPlatform::DSA absoulate path C:/Users/Student/vitis_workspace/design_1_wrapper/hw/design_1_wrapper.xsa
TRACE::2025-03-12.14:02:28::SCWPlatform::DSA directory C:/Users/Student/vitis_workspace/design_1_wrapper/hw
TRACE::2025-03-12.14:02:28::SCWPlatform:: Platform Path C:/Users/Student/vitis_workspace/design_1_wrapper/hw/design_1_wrapper.xsa
TRACE::2025-03-12.14:02:28::SCWPlatform:: Unique name xilinx:zedboard::0.0
TRACE::2025-03-12.14:02:28::SCWPlatform::Trying to set the existing hwdb with name design_1_wrapper_0
TRACE::2025-03-12.14:02:28::SCWPlatform::Opened existing hwdb design_1_wrapper_0
TRACE::2025-03-12.14:02:28::SCWPlatform::Found the Hw Db part of the input DSA
TRACE::2025-03-12.14:02:28::SCWMssOS::Checking the sw design at  C:/Users/Student/vitis_workspace/design_1_wrapper/ps7_cortexa9_0/standalone_ps7_cortexa9_0/bsp/system.mss
TRACE::2025-03-12.14:02:28::SCWMssOS::DEBUG:  swdes dump  C:/Users/Student/vitis_workspace/design_1_wrapper/ps7_cortexa9_0/standalone_ps7_cortexa9_0/bsp/system.mss|system_0||
C:/Users/Student/vitis_workspace/design_1_wrapper/zynq_fsbl/zynq_fsbl_bsp/system.mss|system||

TRACE::2025-03-12.14:02:28::SCWMssOS::Sw design exists and opened at  C:/Users/Student/vitis_workspace/design_1_wrapper/ps7_cortexa9_0/standalone_ps7_cortexa9_0/bsp/system.mss
TRACE::2025-03-12.14:02:28::SCWPlatform::Trying to open the hw design at C:/Users/Student/vitis_workspace/design_1_wrapper/hw/design_1_wrapper.xsa
TRACE::2025-03-12.14:02:28::SCWPlatform::DSA given C:/Users/Student/vitis_workspace/design_1_wrapper/hw/design_1_wrapper.xsa
TRACE::2025-03-12.14:02:28::SCWPlatform::DSA absoulate path C:/Users/Student/vitis_workspace/design_1_wrapper/hw/design_1_wrapper.xsa
TRACE::2025-03-12.14:02:28::SCWPlatform::DSA directory C:/Users/Student/vitis_workspace/design_1_wrapper/hw
TRACE::2025-03-12.14:02:28::SCWPlatform:: Platform Path C:/Users/Student/vitis_workspace/design_1_wrapper/hw/design_1_wrapper.xsa
TRACE::2025-03-12.14:02:28::SCWPlatform:: Unique name xilinx:zedboard::0.0
TRACE::2025-03-12.14:02:28::SCWPlatform::Trying to set the existing hwdb with name design_1_wrapper_0
TRACE::2025-03-12.14:02:28::SCWPlatform::Opened existing hwdb design_1_wrapper_0
TRACE::2025-03-12.14:02:28::SCWPlatform::Found the Hw Db part of the input DSA
TRACE::2025-03-12.14:02:28::SCWMssOS::Checking the sw design at  C:/Users/Student/vitis_workspace/design_1_wrapper/ps7_cortexa9_0/standalone_ps7_cortexa9_0/bsp/system.mss
TRACE::2025-03-12.14:02:28::SCWMssOS::DEBUG:  swdes dump  C:/Users/Student/vitis_workspace/design_1_wrapper/ps7_cortexa9_0/standalone_ps7_cortexa9_0/bsp/system.mss|system_0||
C:/Users/Student/vitis_workspace/design_1_wrapper/zynq_fsbl/zynq_fsbl_bsp/system.mss|system||

TRACE::2025-03-12.14:02:28::SCWMssOS::Sw design exists and opened at  C:/Users/Student/vitis_workspace/design_1_wrapper/ps7_cortexa9_0/standalone_ps7_cortexa9_0/bsp/system.mss
TRACE::2025-03-12.14:02:28::SCWPlatform::Trying to open the hw design at C:/Users/Student/vitis_workspace/design_1_wrapper/hw/design_1_wrapper.xsa
TRACE::2025-03-12.14:02:28::SCWPlatform::DSA given C:/Users/Student/vitis_workspace/design_1_wrapper/hw/design_1_wrapper.xsa
TRACE::2025-03-12.14:02:28::SCWPlatform::DSA absoulate path C:/Users/Student/vitis_workspace/design_1_wrapper/hw/design_1_wrapper.xsa
TRACE::2025-03-12.14:02:28::SCWPlatform::DSA directory C:/Users/Student/vitis_workspace/design_1_wrapper/hw
TRACE::2025-03-12.14:02:28::SCWPlatform:: Platform Path C:/Users/Student/vitis_workspace/design_1_wrapper/hw/design_1_wrapper.xsa
TRACE::2025-03-12.14:02:28::SCWPlatform:: Unique name xilinx:zedboard::0.0
TRACE::2025-03-12.14:02:28::SCWPlatform::Trying to set the existing hwdb with name design_1_wrapper_0
TRACE::2025-03-12.14:02:28::SCWPlatform::Opened existing hwdb design_1_wrapper_0
TRACE::2025-03-12.14:02:28::SCWPlatform::Found the Hw Db part of the input DSA
TRACE::2025-03-12.14:02:28::SCWMssOS::Checking the sw design at  C:/Users/Student/vitis_workspace/design_1_wrapper/ps7_cortexa9_0/standalone_ps7_cortexa9_0/bsp/system.mss
TRACE::2025-03-12.14:02:28::SCWMssOS::DEBUG:  swdes dump  C:/Users/Student/vitis_workspace/design_1_wrapper/ps7_cortexa9_0/standalone_ps7_cortexa9_0/bsp/system.mss|system_0||
C:/Users/Student/vitis_workspace/design_1_wrapper/zynq_fsbl/zynq_fsbl_bsp/system.mss|system||

TRACE::2025-03-12.14:02:28::SCWMssOS::Sw design exists and opened at  C:/Users/Student/vitis_workspace/design_1_wrapper/ps7_cortexa9_0/standalone_ps7_cortexa9_0/bsp/system.mss
TRACE::2025-03-12.14:02:28::SCWWriter::formatted JSON is {
	"platformName":	"design_1_wrapper",
	"sprVersion":	"2.0",
	"mode":	"gui",
	"dsaType":	"Fixed",
	"platformDesc":	"design_1_wrapper",
	"platHandOff":	"C:/Users/Student/Desktop/lab07/design_1_wrapper.xsa",
	"platIntHandOff":	"<platformDir>/hw/design_1_wrapper.xsa",
	"deviceType":	"zynq",
	"platIsPrebuiltAutogen":	"false",
	"platIsNoBootBsp":	"false",
	"platFsblTarget":	"ps7_cortexa9_0",
	"hasFsblMakeHasChanges":	"false",
	"hasPmufwMakeHasChanges":	"false",
	"fsblExtraCompilerFlags":	"-MMD -MP       -mcpu=cortex-a9 -mfpu=vfpv3 -mfloat-abi=hard ",
	"platPreBuiltFlag":	false,
	"platformSamplesDir":	"",
	"platActiveSys":	"design_1_wrapper",
	"systems":	[{
			"systemName":	"design_1_wrapper",
			"systemDesc":	"design_1_wrapper",
			"sysIsBootAutoGen":	"true",
			"systemDispName":	"design_1_wrapper",
			"sysActiveDom":	"standalone_ps7_cortexa9_0",
			"sysDefaultDom":	"standalone_ps7_cortexa9_0",
			"domains":	[{
					"domainName":	"zynq_fsbl",
					"domainDispName":	"zynq_fsbl",
					"domainDesc":	"FSBL Application BSP - Auto Generated.",
					"processors":	"ps7_cortexa9_0",
					"os":	"standalone",
					"sdxOs":	"standalone",
					"debugEnable":	"",
					"domRuntimes":	["cpp"],
					"swRepo":	"",
					"mssOsVer":	"9.0",
					"mssFile":	"",
					"md5Digest":	"404a1cf66f6b2f4ef576ee597aa5ed59",
					"compatibleApp":	"zynq_fsbl",
					"domType":	"bootDomain",
					"arch":	"32-bit",
					"appSettings":	{
						"appCompilerFlags":	"",
						"appLinkerFlags":	""
					},
					"addedLibs":	["xilffs:5.1", "xilrsa:1.7"],
					"libOptions":	{
						"libsContainingOptions":	[]
					},
					"prebuiltLibs":	{
						"prebuiltIncPath":	[],
						"prebuiltLibPath":	[]
					},
					"isolation":	{
					}
				}, {
					"domainName":	"standalone_ps7_cortexa9_0",
					"domainDispName":	"standalone_ps7_cortexa9_0",
					"domainDesc":	"standalone_ps7_cortexa9_0",
					"processors":	"ps7_cortexa9_0",
					"os":	"standalone",
					"sdxOs":	"standalone",
					"qemuArgs":	"<platformDir>/resources/design_1_wrapper/standalone_ps7_cortexa9_0/qemu_args.txt",
					"qemuData":	"<platformDir>/resources/design_1_wrapper/standalone_ps7_cortexa9_0/qemu",
					"debugEnable":	"False",
					"domRuntimes":	["cpp"],
					"swRepo":	"",
					"mssOsVer":	"9.0",
					"mssFile":	"",
					"md5Digest":	"5a37a14a1c69e26fc24163d27b470f4d",
					"compatibleApp":	"hello_world",
					"domType":	"mssDomain",
					"arch":	"32-bit",
					"appSettings":	{
						"appCompilerFlags":	"",
						"appLinkerFlags":	""
					},
					"addedLibs":	[],
					"libOptions":	{
						"libsContainingOptions":	[]
					},
					"prebuiltLibs":	{
						"prebuiltIncPath":	[],
						"prebuiltLibPath":	[]
					},
					"isolation":	{
					}
				}]
		}]
}
LOG::2025-03-12.14:02:28::SCWPlatform::Started generating the artifacts platform design_1_wrapper
TRACE::2025-03-12.14:02:28::SCWPlatform::Sanity checking of platform is completed
LOG::2025-03-12.14:02:28::SCWPlatform::Started generating the artifacts for system configuration design_1_wrapper
LOG::2025-03-12.14:02:28::SCWSystem::Started Processing the domain standalone_ps7_cortexa9_0
TRACE::2025-03-12.14:02:28::SCWDomain::Generating domain artifcats
TRACE::2025-03-12.14:02:28::SCWMssOS::Generating standalone artifcats
TRACE::2025-03-12.14:02:28::SCWMssOS::Copying the qemu file from  C:/Users/Student/vitis_workspace/design_1_wrapper/resources/design_1_wrapper/standalone_ps7_cortexa9_0/qemu_args.txt To C:/Users/Student/vitis_workspace/design_1_wrapper/export/design_1_wrapper/sw/design_1_wrapper/qemu/
TRACE::2025-03-12.14:02:28::SCWMssOS::Copying the qemu file from  C:/Users/Student/vitis_workspace/design_1_wrapper/resources/design_1_wrapper/standalone_ps7_cortexa9_0/qemu_args.txt To C:/Users/Student/vitis_workspace/design_1_wrapper/export/design_1_wrapper/sw/design_1_wrapper/standalone_ps7_cortexa9_0/qemu/
TRACE::2025-03-12.14:02:28::SCWMssOS:: Copying the user libraries. 
TRACE::2025-03-12.14:02:28::SCWPlatform::Trying to open the hw design at C:/Users/Student/vitis_workspace/design_1_wrapper/hw/design_1_wrapper.xsa
TRACE::2025-03-12.14:02:28::SCWPlatform::DSA given C:/Users/Student/vitis_workspace/design_1_wrapper/hw/design_1_wrapper.xsa
TRACE::2025-03-12.14:02:28::SCWPlatform::DSA absoulate path C:/Users/Student/vitis_workspace/design_1_wrapper/hw/design_1_wrapper.xsa
TRACE::2025-03-12.14:02:28::SCWPlatform::DSA directory C:/Users/Student/vitis_workspace/design_1_wrapper/hw
TRACE::2025-03-12.14:02:28::SCWPlatform:: Platform Path C:/Users/Student/vitis_workspace/design_1_wrapper/hw/design_1_wrapper.xsa
TRACE::2025-03-12.14:02:28::SCWPlatform:: Unique name xilinx:zedboard::0.0
TRACE::2025-03-12.14:02:28::SCWPlatform::Trying to set the existing hwdb with name design_1_wrapper_0
TRACE::2025-03-12.14:02:28::SCWPlatform::Opened existing hwdb design_1_wrapper_0
TRACE::2025-03-12.14:02:28::SCWPlatform::Found the Hw Db part of the input DSA
TRACE::2025-03-12.14:02:28::SCWMssOS::Checking the sw design at  C:/Users/Student/vitis_workspace/design_1_wrapper/ps7_cortexa9_0/standalone_ps7_cortexa9_0/bsp/system.mss
TRACE::2025-03-12.14:02:28::SCWMssOS::DEBUG:  swdes dump  C:/Users/Student/vitis_workspace/design_1_wrapper/ps7_cortexa9_0/standalone_ps7_cortexa9_0/bsp/system.mss|system_0||
C:/Users/Student/vitis_workspace/design_1_wrapper/zynq_fsbl/zynq_fsbl_bsp/system.mss|system||

TRACE::2025-03-12.14:02:28::SCWMssOS::Sw design exists and opened at  C:/Users/Student/vitis_workspace/design_1_wrapper/ps7_cortexa9_0/standalone_ps7_cortexa9_0/bsp/system.mss
TRACE::2025-03-12.14:02:28::SCWMssOS::Completed writing the mss file at C:/Users/Student/vitis_workspace/design_1_wrapper/ps7_cortexa9_0/standalone_ps7_cortexa9_0/bsp
TRACE::2025-03-12.14:02:28::SCWMssOS::Mss edits present, copying mssfile into export location C:/Users/Student/vitis_workspace/design_1_wrapper/ps7_cortexa9_0/standalone_ps7_cortexa9_0/bsp/system.mss
TRACE::2025-03-12.14:02:28::SCWMssOS::bsp generated is upto date with the mss file. Skipping bsp generation.
TRACE::2025-03-12.14:02:28::SCWMssOS::BSP is already built. skipping the bsp build ... 
TRACE::2025-03-12.14:02:28::SCWDomain::Building the domain as part of full build :  standalone_ps7_cortexa9_0
TRACE::2025-03-12.14:02:28::SCWMssOS::skipping the bsp build ... 
TRACE::2025-03-12.14:02:28::SCWMssOS::Copying to export directory.
TRACE::2025-03-12.14:02:28::SCWMssOS:: Checking if to create the Supporting Applications
TRACE::2025-03-12.14:02:28::SCWMssOS:: No Linux domain exists, trying to generate FSBL 
TRACE::2025-03-12.14:02:28::SCWMssOS:: Completed Standalone Artifacts creation 
LOG::2025-03-12.14:02:28::SCWSystem::Completed Processing the domain standalone_ps7_cortexa9_0
LOG::2025-03-12.14:02:28::SCWSystem::Completed Processing the sysconfig design_1_wrapper
LOG::2025-03-12.14:02:28::SCWPlatform::Completed generating the artifacts for system configuration design_1_wrapper
TRACE::2025-03-12.14:02:28::SCWPlatform::Started preparing the platform 
TRACE::2025-03-12.14:02:28::SCWSystem::Writing the bif file for system config design_1_wrapper
TRACE::2025-03-12.14:02:28::SCWSystem::dir created 
TRACE::2025-03-12.14:02:28::SCWSystem::Writing the bif 
TRACE::2025-03-12.14:02:28::SCWPlatform::Started writing the spfm file 
TRACE::2025-03-12.14:02:28::SCWPlatform::Started writing the xpfm file 
TRACE::2025-03-12.14:02:28::SCWPlatform::Completed generating the platform
TRACE::2025-03-12.14:02:28::SCWMssOS::Saving the mss changes C:/Users/Student/vitis_workspace/design_1_wrapper/zynq_fsbl/zynq_fsbl_bsp/system.mss
TRACE::2025-03-12.14:02:28::SCWMssOS::Found a swdesign opened with the mssfile.
TRACE::2025-03-12.14:02:28::SCWMssOS::Completed writemss as part of save.
TRACE::2025-03-12.14:02:28::SCWMssOS::Commit changes completed.
TRACE::2025-03-12.14:02:28::SCWMssOS::Saving the mss changes C:/Users/Student/vitis_workspace/design_1_wrapper/ps7_cortexa9_0/standalone_ps7_cortexa9_0/bsp/system.mss
TRACE::2025-03-12.14:02:28::SCWMssOS::Found a swdesign opened with the mssfile.
TRACE::2025-03-12.14:02:28::SCWMssOS::Completed writemss as part of save.
TRACE::2025-03-12.14:02:28::SCWMssOS::Commit changes completed.
TRACE::2025-03-12.14:02:28::SCWPlatform::Trying to open the hw design at C:/Users/Student/vitis_workspace/design_1_wrapper/hw/design_1_wrapper.xsa
TRACE::2025-03-12.14:02:28::SCWPlatform::DSA given C:/Users/Student/vitis_workspace/design_1_wrapper/hw/design_1_wrapper.xsa
TRACE::2025-03-12.14:02:28::SCWPlatform::DSA absoulate path C:/Users/Student/vitis_workspace/design_1_wrapper/hw/design_1_wrapper.xsa
TRACE::2025-03-12.14:02:28::SCWPlatform::DSA directory C:/Users/Student/vitis_workspace/design_1_wrapper/hw
TRACE::2025-03-12.14:02:28::SCWPlatform:: Platform Path C:/Users/Student/vitis_workspace/design_1_wrapper/hw/design_1_wrapper.xsa
TRACE::2025-03-12.14:02:28::SCWPlatform:: Unique name xilinx:zedboard::0.0
TRACE::2025-03-12.14:02:28::SCWPlatform::Trying to set the existing hwdb with name design_1_wrapper_0
TRACE::2025-03-12.14:02:28::SCWPlatform::Opened existing hwdb design_1_wrapper_0
TRACE::2025-03-12.14:02:28::SCWPlatform::Found the Hw Db part of the input DSA
TRACE::2025-03-12.14:02:28::SCWMssOS::Checking the sw design at  C:/Users/Student/vitis_workspace/design_1_wrapper/zynq_fsbl/zynq_fsbl_bsp/system.mss
TRACE::2025-03-12.14:02:28::SCWMssOS::DEBUG:  swdes dump  C:/Users/Student/vitis_workspace/design_1_wrapper/ps7_cortexa9_0/standalone_ps7_cortexa9_0/bsp/system.mss|system_0||
C:/Users/Student/vitis_workspace/design_1_wrapper/zynq_fsbl/zynq_fsbl_bsp/system.mss|system||

TRACE::2025-03-12.14:02:28::SCWMssOS::Sw design exists and opened at  C:/Users/Student/vitis_workspace/design_1_wrapper/zynq_fsbl/zynq_fsbl_bsp/system.mss
TRACE::2025-03-12.14:02:28::SCWPlatform::Trying to open the hw design at C:/Users/Student/vitis_workspace/design_1_wrapper/hw/design_1_wrapper.xsa
TRACE::2025-03-12.14:02:28::SCWPlatform::DSA given C:/Users/Student/vitis_workspace/design_1_wrapper/hw/design_1_wrapper.xsa
TRACE::2025-03-12.14:02:28::SCWPlatform::DSA absoulate path C:/Users/Student/vitis_workspace/design_1_wrapper/hw/design_1_wrapper.xsa
TRACE::2025-03-12.14:02:28::SCWPlatform::DSA directory C:/Users/Student/vitis_workspace/design_1_wrapper/hw
TRACE::2025-03-12.14:02:28::SCWPlatform:: Platform Path C:/Users/Student/vitis_workspace/design_1_wrapper/hw/design_1_wrapper.xsa
TRACE::2025-03-12.14:02:28::SCWPlatform:: Unique name xilinx:zedboard::0.0
TRACE::2025-03-12.14:02:28::SCWPlatform::Trying to set the existing hwdb with name design_1_wrapper_0
TRACE::2025-03-12.14:02:28::SCWPlatform::Opened existing hwdb design_1_wrapper_0
TRACE::2025-03-12.14:02:28::SCWPlatform::Found the Hw Db part of the input DSA
TRACE::2025-03-12.14:02:28::SCWMssOS::Checking the sw design at  C:/Users/Student/vitis_workspace/design_1_wrapper/zynq_fsbl/zynq_fsbl_bsp/system.mss
TRACE::2025-03-12.14:02:28::SCWMssOS::DEBUG:  swdes dump  C:/Users/Student/vitis_workspace/design_1_wrapper/ps7_cortexa9_0/standalone_ps7_cortexa9_0/bsp/system.mss|system_0||
C:/Users/Student/vitis_workspace/design_1_wrapper/zynq_fsbl/zynq_fsbl_bsp/system.mss|system||

TRACE::2025-03-12.14:02:28::SCWMssOS::Sw design exists and opened at  C:/Users/Student/vitis_workspace/design_1_wrapper/zynq_fsbl/zynq_fsbl_bsp/system.mss
TRACE::2025-03-12.14:02:28::SCWPlatform::Trying to open the hw design at C:/Users/Student/vitis_workspace/design_1_wrapper/hw/design_1_wrapper.xsa
TRACE::2025-03-12.14:02:28::SCWPlatform::DSA given C:/Users/Student/vitis_workspace/design_1_wrapper/hw/design_1_wrapper.xsa
TRACE::2025-03-12.14:02:28::SCWPlatform::DSA absoulate path C:/Users/Student/vitis_workspace/design_1_wrapper/hw/design_1_wrapper.xsa
TRACE::2025-03-12.14:02:28::SCWPlatform::DSA directory C:/Users/Student/vitis_workspace/design_1_wrapper/hw
TRACE::2025-03-12.14:02:28::SCWPlatform:: Platform Path C:/Users/Student/vitis_workspace/design_1_wrapper/hw/design_1_wrapper.xsa
TRACE::2025-03-12.14:02:28::SCWPlatform:: Unique name xilinx:zedboard::0.0
TRACE::2025-03-12.14:02:28::SCWPlatform::Trying to set the existing hwdb with name design_1_wrapper_0
TRACE::2025-03-12.14:02:28::SCWPlatform::Opened existing hwdb design_1_wrapper_0
TRACE::2025-03-12.14:02:28::SCWPlatform::Found the Hw Db part of the input DSA
TRACE::2025-03-12.14:02:28::SCWMssOS::Checking the sw design at  C:/Users/Student/vitis_workspace/design_1_wrapper/zynq_fsbl/zynq_fsbl_bsp/system.mss
TRACE::2025-03-12.14:02:28::SCWMssOS::DEBUG:  swdes dump  C:/Users/Student/vitis_workspace/design_1_wrapper/ps7_cortexa9_0/standalone_ps7_cortexa9_0/bsp/system.mss|system_0||
C:/Users/Student/vitis_workspace/design_1_wrapper/zynq_fsbl/zynq_fsbl_bsp/system.mss|system||

TRACE::2025-03-12.14:02:28::SCWMssOS::Sw design exists and opened at  C:/Users/Student/vitis_workspace/design_1_wrapper/zynq_fsbl/zynq_fsbl_bsp/system.mss
TRACE::2025-03-12.14:02:28::SCWPlatform::Trying to open the hw design at C:/Users/Student/vitis_workspace/design_1_wrapper/hw/design_1_wrapper.xsa
TRACE::2025-03-12.14:02:28::SCWPlatform::DSA given C:/Users/Student/vitis_workspace/design_1_wrapper/hw/design_1_wrapper.xsa
TRACE::2025-03-12.14:02:28::SCWPlatform::DSA absoulate path C:/Users/Student/vitis_workspace/design_1_wrapper/hw/design_1_wrapper.xsa
TRACE::2025-03-12.14:02:28::SCWPlatform::DSA directory C:/Users/Student/vitis_workspace/design_1_wrapper/hw
TRACE::2025-03-12.14:02:28::SCWPlatform:: Platform Path C:/Users/Student/vitis_workspace/design_1_wrapper/hw/design_1_wrapper.xsa
TRACE::2025-03-12.14:02:28::SCWPlatform:: Unique name xilinx:zedboard::0.0
TRACE::2025-03-12.14:02:28::SCWPlatform::Trying to set the existing hwdb with name design_1_wrapper_0
TRACE::2025-03-12.14:02:28::SCWPlatform::Opened existing hwdb design_1_wrapper_0
TRACE::2025-03-12.14:02:28::SCWPlatform::Found the Hw Db part of the input DSA
TRACE::2025-03-12.14:02:28::SCWMssOS::Checking the sw design at  C:/Users/Student/vitis_workspace/design_1_wrapper/ps7_cortexa9_0/standalone_ps7_cortexa9_0/bsp/system.mss
TRACE::2025-03-12.14:02:28::SCWMssOS::DEBUG:  swdes dump  C:/Users/Student/vitis_workspace/design_1_wrapper/ps7_cortexa9_0/standalone_ps7_cortexa9_0/bsp/system.mss|system_0||
C:/Users/Student/vitis_workspace/design_1_wrapper/zynq_fsbl/zynq_fsbl_bsp/system.mss|system||

TRACE::2025-03-12.14:02:28::SCWMssOS::Sw design exists and opened at  C:/Users/Student/vitis_workspace/design_1_wrapper/ps7_cortexa9_0/standalone_ps7_cortexa9_0/bsp/system.mss
TRACE::2025-03-12.14:02:28::SCWPlatform::Trying to open the hw design at C:/Users/Student/vitis_workspace/design_1_wrapper/hw/design_1_wrapper.xsa
TRACE::2025-03-12.14:02:28::SCWPlatform::DSA given C:/Users/Student/vitis_workspace/design_1_wrapper/hw/design_1_wrapper.xsa
TRACE::2025-03-12.14:02:28::SCWPlatform::DSA absoulate path C:/Users/Student/vitis_workspace/design_1_wrapper/hw/design_1_wrapper.xsa
TRACE::2025-03-12.14:02:28::SCWPlatform::DSA directory C:/Users/Student/vitis_workspace/design_1_wrapper/hw
TRACE::2025-03-12.14:02:28::SCWPlatform:: Platform Path C:/Users/Student/vitis_workspace/design_1_wrapper/hw/design_1_wrapper.xsa
TRACE::2025-03-12.14:02:28::SCWPlatform:: Unique name xilinx:zedboard::0.0
TRACE::2025-03-12.14:02:28::SCWPlatform::Trying to set the existing hwdb with name design_1_wrapper_0
TRACE::2025-03-12.14:02:28::SCWPlatform::Opened existing hwdb design_1_wrapper_0
TRACE::2025-03-12.14:02:28::SCWPlatform::Found the Hw Db part of the input DSA
TRACE::2025-03-12.14:02:28::SCWMssOS::Checking the sw design at  C:/Users/Student/vitis_workspace/design_1_wrapper/ps7_cortexa9_0/standalone_ps7_cortexa9_0/bsp/system.mss
TRACE::2025-03-12.14:02:28::SCWMssOS::DEBUG:  swdes dump  C:/Users/Student/vitis_workspace/design_1_wrapper/ps7_cortexa9_0/standalone_ps7_cortexa9_0/bsp/system.mss|system_0||
C:/Users/Student/vitis_workspace/design_1_wrapper/zynq_fsbl/zynq_fsbl_bsp/system.mss|system||

TRACE::2025-03-12.14:02:28::SCWMssOS::Sw design exists and opened at  C:/Users/Student/vitis_workspace/design_1_wrapper/ps7_cortexa9_0/standalone_ps7_cortexa9_0/bsp/system.mss
TRACE::2025-03-12.14:02:28::SCWPlatform::Trying to open the hw design at C:/Users/Student/vitis_workspace/design_1_wrapper/hw/design_1_wrapper.xsa
TRACE::2025-03-12.14:02:28::SCWPlatform::DSA given C:/Users/Student/vitis_workspace/design_1_wrapper/hw/design_1_wrapper.xsa
TRACE::2025-03-12.14:02:28::SCWPlatform::DSA absoulate path C:/Users/Student/vitis_workspace/design_1_wrapper/hw/design_1_wrapper.xsa
TRACE::2025-03-12.14:02:28::SCWPlatform::DSA directory C:/Users/Student/vitis_workspace/design_1_wrapper/hw
TRACE::2025-03-12.14:02:28::SCWPlatform:: Platform Path C:/Users/Student/vitis_workspace/design_1_wrapper/hw/design_1_wrapper.xsa
TRACE::2025-03-12.14:02:28::SCWPlatform:: Unique name xilinx:zedboard::0.0
TRACE::2025-03-12.14:02:28::SCWPlatform::Trying to set the existing hwdb with name design_1_wrapper_0
TRACE::2025-03-12.14:02:28::SCWPlatform::Opened existing hwdb design_1_wrapper_0
TRACE::2025-03-12.14:02:28::SCWPlatform::Found the Hw Db part of the input DSA
TRACE::2025-03-12.14:02:28::SCWMssOS::Checking the sw design at  C:/Users/Student/vitis_workspace/design_1_wrapper/ps7_cortexa9_0/standalone_ps7_cortexa9_0/bsp/system.mss
TRACE::2025-03-12.14:02:28::SCWMssOS::DEBUG:  swdes dump  C:/Users/Student/vitis_workspace/design_1_wrapper/ps7_cortexa9_0/standalone_ps7_cortexa9_0/bsp/system.mss|system_0||
C:/Users/Student/vitis_workspace/design_1_wrapper/zynq_fsbl/zynq_fsbl_bsp/system.mss|system||

TRACE::2025-03-12.14:02:28::SCWMssOS::Sw design exists and opened at  C:/Users/Student/vitis_workspace/design_1_wrapper/ps7_cortexa9_0/standalone_ps7_cortexa9_0/bsp/system.mss
TRACE::2025-03-12.14:02:28::SCWWriter::formatted JSON is {
	"platformName":	"design_1_wrapper",
	"sprVersion":	"2.0",
	"mode":	"gui",
	"dsaType":	"Fixed",
	"platformDesc":	"design_1_wrapper",
	"platHandOff":	"C:/Users/Student/Desktop/lab07/design_1_wrapper.xsa",
	"platIntHandOff":	"<platformDir>/hw/design_1_wrapper.xsa",
	"deviceType":	"zynq",
	"platIsPrebuiltAutogen":	"false",
	"platIsNoBootBsp":	"false",
	"platFsblTarget":	"ps7_cortexa9_0",
	"hasFsblMakeHasChanges":	"false",
	"hasPmufwMakeHasChanges":	"false",
	"fsblExtraCompilerFlags":	"-MMD -MP       -mcpu=cortex-a9 -mfpu=vfpv3 -mfloat-abi=hard ",
	"platPreBuiltFlag":	false,
	"platformSamplesDir":	"",
	"platActiveSys":	"design_1_wrapper",
	"systems":	[{
			"systemName":	"design_1_wrapper",
			"systemDesc":	"design_1_wrapper",
			"sysIsBootAutoGen":	"true",
			"systemDispName":	"design_1_wrapper",
			"sysActiveDom":	"standalone_ps7_cortexa9_0",
			"sysDefaultDom":	"standalone_ps7_cortexa9_0",
			"domains":	[{
					"domainName":	"zynq_fsbl",
					"domainDispName":	"zynq_fsbl",
					"domainDesc":	"FSBL Application BSP - Auto Generated.",
					"processors":	"ps7_cortexa9_0",
					"os":	"standalone",
					"sdxOs":	"standalone",
					"debugEnable":	"",
					"domRuntimes":	["cpp"],
					"swRepo":	"",
					"mssOsVer":	"9.0",
					"mssFile":	"",
					"md5Digest":	"404a1cf66f6b2f4ef576ee597aa5ed59",
					"compatibleApp":	"zynq_fsbl",
					"domType":	"bootDomain",
					"arch":	"32-bit",
					"appSettings":	{
						"appCompilerFlags":	"",
						"appLinkerFlags":	""
					},
					"addedLibs":	["xilffs:5.1", "xilrsa:1.7"],
					"libOptions":	{
						"libsContainingOptions":	[]
					},
					"prebuiltLibs":	{
						"prebuiltIncPath":	[],
						"prebuiltLibPath":	[]
					},
					"isolation":	{
					}
				}, {
					"domainName":	"standalone_ps7_cortexa9_0",
					"domainDispName":	"standalone_ps7_cortexa9_0",
					"domainDesc":	"standalone_ps7_cortexa9_0",
					"processors":	"ps7_cortexa9_0",
					"os":	"standalone",
					"sdxOs":	"standalone",
					"qemuArgs":	"<platformDir>/resources/design_1_wrapper/standalone_ps7_cortexa9_0/qemu_args.txt",
					"qemuData":	"<platformDir>/resources/design_1_wrapper/standalone_ps7_cortexa9_0/qemu",
					"debugEnable":	"False",
					"domRuntimes":	["cpp"],
					"swRepo":	"",
					"mssOsVer":	"9.0",
					"mssFile":	"",
					"md5Digest":	"5a37a14a1c69e26fc24163d27b470f4d",
					"compatibleApp":	"hello_world",
					"domType":	"mssDomain",
					"arch":	"32-bit",
					"appSettings":	{
						"appCompilerFlags":	"",
						"appLinkerFlags":	""
					},
					"addedLibs":	[],
					"libOptions":	{
						"libsContainingOptions":	[]
					},
					"prebuiltLibs":	{
						"prebuiltIncPath":	[],
						"prebuiltLibPath":	[]
					},
					"isolation":	{
					}
				}]
		}]
}
KEYINFO::2025-03-12.14:02:28::SCWPlatform::updated the xpfm file.
LOG::2025-03-12.14:03:17::SCWPlatform::Started generating the artifacts platform design_1_wrapper
TRACE::2025-03-12.14:03:17::SCWPlatform::Sanity checking of platform is completed
LOG::2025-03-12.14:03:17::SCWPlatform::Started generating the artifacts for system configuration design_1_wrapper
LOG::2025-03-12.14:03:17::SCWSystem::Checking the domain zynq_fsbl
LOG::2025-03-12.14:03:17::SCWSystem::Doing application build for :  zynq_fsbl
TRACE::2025-03-12.14:03:17::SCWBDomain::Not a forced makefile updation, No changes are present. 
TRACE::2025-03-12.14:03:17::SCWDomain::Building the domain as part of full build :  zynq_fsbl
TRACE::2025-03-12.14:03:17::SCWPlatform::Trying to open the hw design at C:/Users/Student/vitis_workspace/design_1_wrapper/hw/design_1_wrapper.xsa
TRACE::2025-03-12.14:03:17::SCWPlatform::DSA given C:/Users/Student/vitis_workspace/design_1_wrapper/hw/design_1_wrapper.xsa
TRACE::2025-03-12.14:03:17::SCWPlatform::DSA absoulate path C:/Users/Student/vitis_workspace/design_1_wrapper/hw/design_1_wrapper.xsa
TRACE::2025-03-12.14:03:17::SCWPlatform::DSA directory C:/Users/Student/vitis_workspace/design_1_wrapper/hw
TRACE::2025-03-12.14:03:17::SCWPlatform:: Platform Path C:/Users/Student/vitis_workspace/design_1_wrapper/hw/design_1_wrapper.xsa
TRACE::2025-03-12.14:03:17::SCWPlatform:: Unique name xilinx:zedboard::0.0
TRACE::2025-03-12.14:03:17::SCWPlatform::Trying to set the existing hwdb with name design_1_wrapper_0
TRACE::2025-03-12.14:03:17::SCWPlatform::Opened existing hwdb design_1_wrapper_0
TRACE::2025-03-12.14:03:17::SCWPlatform::Found the Hw Db part of the input DSA
TRACE::2025-03-12.14:03:17::SCWMssOS::Checking the sw design at  C:/Users/Student/vitis_workspace/design_1_wrapper/zynq_fsbl/zynq_fsbl_bsp/system.mss
TRACE::2025-03-12.14:03:17::SCWMssOS::DEBUG:  swdes dump  C:/Users/Student/vitis_workspace/design_1_wrapper/ps7_cortexa9_0/standalone_ps7_cortexa9_0/bsp/system.mss|system_0||
C:/Users/Student/vitis_workspace/design_1_wrapper/zynq_fsbl/zynq_fsbl_bsp/system.mss|system||

TRACE::2025-03-12.14:03:17::SCWMssOS::Sw design exists and opened at  C:/Users/Student/vitis_workspace/design_1_wrapper/zynq_fsbl/zynq_fsbl_bsp/system.mss
TRACE::2025-03-12.14:03:17::SCWBDomain::Completed writing the mss file at C:/Users/Student/vitis_workspace/design_1_wrapper/zynq_fsbl/zynq_fsbl_bsp
TRACE::2025-03-12.14:03:17::SCWBDomain::bsp generated is upto date with the mss file. Skipping bsp generation.
TRACE::2025-03-12.14:03:17::SCWBDomain::Not a forced makefile updation, No changes are present. 
TRACE::2025-03-12.14:03:17::SCWBDomain::System Command Ran  C:&  cd  C:/Users/Student/vitis_workspace/design_1_wrapper/zynq_fsbl& make -C  zynq_fsbl_bsp & make 
TRACE::2025-03-12.14:03:17::SCWBDomain::make: Entering directory 'C:/Users/Student/vitis_workspace/design_1_wrapper/zynq_fsbl/zynq_fsbl_bsp'

TRACE::2025-03-12.14:03:17::SCWBDomain::make --no-print-directory seq_libs

TRACE::2025-03-12.14:03:18::SCWBDomain::"Running Make include in ps7_cortexa9_0/libsrc/coresightps_dcc_v1_9/src"

TRACE::2025-03-12.14:03:18::SCWBDomain::make -C ps7_cortexa9_0/libsrc/coresightps_dcc_v1_9/src -s include  "SHELL=CMD" "COMPILER=arm-none-eabi-gcc" "ASSEMBLER=arm-none
TRACE::2025-03-12.14:03:18::SCWBDomain::-eabi-as" "ARCHIVER=arm-none-eabi-ar" "COMPILER_FLAGS=  -O2 -c" "EXTRA_COMPILER_FLAGS=-mcpu=cortex-a9 -mfpu=vfpv3 -mfloat-abi=h
TRACE::2025-03-12.14:03:18::SCWBDomain::ard -nostartfiles -g -Wall -Wextra -fno-tree-loop-distribute-patterns"

TRACE::2025-03-12.14:03:19::SCWBDomain::"Running Make include in ps7_cortexa9_0/libsrc/cpu_cortexa9_v2_12/src"

TRACE::2025-03-12.14:03:19::SCWBDomain::make -C ps7_cortexa9_0/libsrc/cpu_cortexa9_v2_12/src -s include  "SHELL=CMD" "COMPILER=arm-none-eabi-gcc" "ASSEMBLER=arm-none-e
TRACE::2025-03-12.14:03:19::SCWBDomain::abi-as" "ARCHIVER=arm-none-eabi-ar" "COMPILER_FLAGS=  -O2 -c" "EXTRA_COMPILER_FLAGS=-mcpu=cortex-a9 -mfpu=vfpv3 -mfloat-abi=har
TRACE::2025-03-12.14:03:19::SCWBDomain::d -nostartfiles -g -Wall -Wextra -fno-tree-loop-distribute-patterns"

TRACE::2025-03-12.14:03:20::SCWBDomain::"Running Make include in ps7_cortexa9_0/libsrc/ddrps_v1_2/src"

TRACE::2025-03-12.14:03:20::SCWBDomain::make -C ps7_cortexa9_0/libsrc/ddrps_v1_2/src -s include  "SHELL=CMD" "COMPILER=arm-none-eabi-gcc" "ASSEMBLER=arm-none-eabi-as" 
TRACE::2025-03-12.14:03:20::SCWBDomain::"ARCHIVER=arm-none-eabi-ar" "COMPILER_FLAGS=  -O2 -c" "EXTRA_COMPILER_FLAGS=-mcpu=cortex-a9 -mfpu=vfpv3 -mfloat-abi=hard -nosta
TRACE::2025-03-12.14:03:20::SCWBDomain::rtfiles -g -Wall -Wextra -fno-tree-loop-distribute-patterns"

TRACE::2025-03-12.14:03:20::SCWBDomain::"Running Make include in ps7_cortexa9_0/libsrc/devcfg_v3_8/src"

TRACE::2025-03-12.14:03:20::SCWBDomain::make -C ps7_cortexa9_0/libsrc/devcfg_v3_8/src -s include  "SHELL=CMD" "COMPILER=arm-none-eabi-gcc" "ASSEMBLER=arm-none-eabi-as"
TRACE::2025-03-12.14:03:20::SCWBDomain:: "ARCHIVER=arm-none-eabi-ar" "COMPILER_FLAGS=  -O2 -c" "EXTRA_COMPILER_FLAGS=-mcpu=cortex-a9 -mfpu=vfpv3 -mfloat-abi=hard -nost
TRACE::2025-03-12.14:03:20::SCWBDomain::artfiles -g -Wall -Wextra -fno-tree-loop-distribute-patterns"

TRACE::2025-03-12.14:03:20::SCWBDomain::"Running Make include in ps7_cortexa9_0/libsrc/dmaps_v2_9/src"

TRACE::2025-03-12.14:03:20::SCWBDomain::make -C ps7_cortexa9_0/libsrc/dmaps_v2_9/src -s include  "SHELL=CMD" "COMPILER=arm-none-eabi-gcc" "ASSEMBLER=arm-none-eabi-as" 
TRACE::2025-03-12.14:03:20::SCWBDomain::"ARCHIVER=arm-none-eabi-ar" "COMPILER_FLAGS=  -O2 -c" "EXTRA_COMPILER_FLAGS=-mcpu=cortex-a9 -mfpu=vfpv3 -mfloat-abi=hard -nosta
TRACE::2025-03-12.14:03:20::SCWBDomain::rtfiles -g -Wall -Wextra -fno-tree-loop-distribute-patterns"

TRACE::2025-03-12.14:03:21::SCWBDomain::"Running Make include in ps7_cortexa9_0/libsrc/emacps_v3_19/src"

TRACE::2025-03-12.14:03:21::SCWBDomain::make -C ps7_cortexa9_0/libsrc/emacps_v3_19/src -s include  "SHELL=CMD" "COMPILER=arm-none-eabi-gcc" "ASSEMBLER=arm-none-eabi-as
TRACE::2025-03-12.14:03:21::SCWBDomain::" "ARCHIVER=arm-none-eabi-ar" "COMPILER_FLAGS=  -O2 -c" "EXTRA_COMPILER_FLAGS=-mcpu=cortex-a9 -mfpu=vfpv3 -mfloat-abi=hard -nos
TRACE::2025-03-12.14:03:21::SCWBDomain::tartfiles -g -Wall -Wextra -fno-tree-loop-distribute-patterns"

TRACE::2025-03-12.14:03:21::SCWBDomain::"Running Make include in ps7_cortexa9_0/libsrc/gpiops_v3_12/src"

TRACE::2025-03-12.14:03:21::SCWBDomain::make -C ps7_cortexa9_0/libsrc/gpiops_v3_12/src -s include  "SHELL=CMD" "COMPILER=arm-none-eabi-gcc" "ASSEMBLER=arm-none-eabi-as
TRACE::2025-03-12.14:03:21::SCWBDomain::" "ARCHIVER=arm-none-eabi-ar" "COMPILER_FLAGS=  -O2 -c" "EXTRA_COMPILER_FLAGS=-mcpu=cortex-a9 -mfpu=vfpv3 -mfloat-abi=hard -nos
TRACE::2025-03-12.14:03:21::SCWBDomain::tartfiles -g -Wall -Wextra -fno-tree-loop-distribute-patterns"

TRACE::2025-03-12.14:03:22::SCWBDomain::"Running Make include in ps7_cortexa9_0/libsrc/qspips_v3_11/src"

TRACE::2025-03-12.14:03:22::SCWBDomain::make -C ps7_cortexa9_0/libsrc/qspips_v3_11/src -s include  "SHELL=CMD" "COMPILER=arm-none-eabi-gcc" "ASSEMBLER=arm-none-eabi-as
TRACE::2025-03-12.14:03:22::SCWBDomain::" "ARCHIVER=arm-none-eabi-ar" "COMPILER_FLAGS=  -O2 -c" "EXTRA_COMPILER_FLAGS=-mcpu=cortex-a9 -mfpu=vfpv3 -mfloat-abi=hard -nos
TRACE::2025-03-12.14:03:22::SCWBDomain::tartfiles -g -Wall -Wextra -fno-tree-loop-distribute-patterns"

TRACE::2025-03-12.14:03:22::SCWBDomain::"Running Make include in ps7_cortexa9_0/libsrc/scugic_v5_2/src"

TRACE::2025-03-12.14:03:22::SCWBDomain::make -C ps7_cortexa9_0/libsrc/scugic_v5_2/src -s include  "SHELL=CMD" "COMPILER=arm-none-eabi-gcc" "ASSEMBLER=arm-none-eabi-as"
TRACE::2025-03-12.14:03:22::SCWBDomain:: "ARCHIVER=arm-none-eabi-ar" "COMPILER_FLAGS=  -O2 -c" "EXTRA_COMPILER_FLAGS=-mcpu=cortex-a9 -mfpu=vfpv3 -mfloat-abi=hard -nost
TRACE::2025-03-12.14:03:22::SCWBDomain::artfiles -g -Wall -Wextra -fno-tree-loop-distribute-patterns"

TRACE::2025-03-12.14:03:22::SCWBDomain::"Running Make include in ps7_cortexa9_0/libsrc/scutimer_v2_5/src"

TRACE::2025-03-12.14:03:22::SCWBDomain::make -C ps7_cortexa9_0/libsrc/scutimer_v2_5/src -s include  "SHELL=CMD" "COMPILER=arm-none-eabi-gcc" "ASSEMBLER=arm-none-eabi-a
TRACE::2025-03-12.14:03:22::SCWBDomain::s" "ARCHIVER=arm-none-eabi-ar" "COMPILER_FLAGS=  -O2 -c" "EXTRA_COMPILER_FLAGS=-mcpu=cortex-a9 -mfpu=vfpv3 -mfloat-abi=hard -no
TRACE::2025-03-12.14:03:22::SCWBDomain::startfiles -g -Wall -Wextra -fno-tree-loop-distribute-patterns"

TRACE::2025-03-12.14:03:23::SCWBDomain::"Running Make include in ps7_cortexa9_0/libsrc/scuwdt_v2_5/src"

TRACE::2025-03-12.14:03:23::SCWBDomain::make -C ps7_cortexa9_0/libsrc/scuwdt_v2_5/src -s include  "SHELL=CMD" "COMPILER=arm-none-eabi-gcc" "ASSEMBLER=arm-none-eabi-as"
TRACE::2025-03-12.14:03:23::SCWBDomain:: "ARCHIVER=arm-none-eabi-ar" "COMPILER_FLAGS=  -O2 -c" "EXTRA_COMPILER_FLAGS=-mcpu=cortex-a9 -mfpu=vfpv3 -mfloat-abi=hard -nost
TRACE::2025-03-12.14:03:23::SCWBDomain::artfiles -g -Wall -Wextra -fno-tree-loop-distribute-patterns"

TRACE::2025-03-12.14:03:23::SCWBDomain::"Running Make include in ps7_cortexa9_0/libsrc/sdps_v4_2/src"

TRACE::2025-03-12.14:03:23::SCWBDomain::make -C ps7_cortexa9_0/libsrc/sdps_v4_2/src -s include  "SHELL=CMD" "COMPILER=arm-none-eabi-gcc" "ASSEMBLER=arm-none-eabi-as" "
TRACE::2025-03-12.14:03:23::SCWBDomain::ARCHIVER=arm-none-eabi-ar" "COMPILER_FLAGS=  -O2 -c" "EXTRA_COMPILER_FLAGS=-mcpu=cortex-a9 -mfpu=vfpv3 -mfloat-abi=hard -nostar
TRACE::2025-03-12.14:03:23::SCWBDomain::tfiles -g -Wall -Wextra -fno-tree-loop-distribute-patterns"

TRACE::2025-03-12.14:03:23::SCWBDomain::"Running Make include in ps7_cortexa9_0/libsrc/ssd_ctrl_v1_0/src"

TRACE::2025-03-12.14:03:23::SCWBDomain::make -C ps7_cortexa9_0/libsrc/ssd_ctrl_v1_0/src -s include  "SHELL=CMD" "COMPILER=arm-none-eabi-gcc" "ASSEMBLER=arm-none-eabi-a
TRACE::2025-03-12.14:03:23::SCWBDomain::s" "ARCHIVER=arm-none-eabi-ar" "COMPILER_FLAGS=  -O2 -c" "EXTRA_COMPILER_FLAGS=-mcpu=cortex-a9 -mfpu=vfpv3 -mfloat-abi=hard -no
TRACE::2025-03-12.14:03:23::SCWBDomain::startfiles -g -Wall -Wextra -fno-tree-loop-distribute-patterns"

TRACE::2025-03-12.14:03:24::SCWBDomain::"Running Make include in ps7_cortexa9_0/libsrc/standalone_v9_0/src"

TRACE::2025-03-12.14:03:24::SCWBDomain::make -C ps7_cortexa9_0/libsrc/standalone_v9_0/src -s include  "SHELL=CMD" "COMPILER=arm-none-eabi-gcc" "ASSEMBLER=arm-none-eabi
TRACE::2025-03-12.14:03:24::SCWBDomain::-as" "ARCHIVER=arm-none-eabi-ar" "COMPILER_FLAGS=  -O2 -c" "EXTRA_COMPILER_FLAGS=-mcpu=cortex-a9 -mfpu=vfpv3 -mfloat-abi=hard -
TRACE::2025-03-12.14:03:24::SCWBDomain::nostartfiles -g -Wall -Wextra -fno-tree-loop-distribute-patterns"

TRACE::2025-03-12.14:03:25::SCWBDomain::"Running Make include in ps7_cortexa9_0/libsrc/ttcps_v3_18/src"

TRACE::2025-03-12.14:03:25::SCWBDomain::make -C ps7_cortexa9_0/libsrc/ttcps_v3_18/src -s include  "SHELL=CMD" "COMPILER=arm-none-eabi-gcc" "ASSEMBLER=arm-none-eabi-as"
TRACE::2025-03-12.14:03:25::SCWBDomain:: "ARCHIVER=arm-none-eabi-ar" "COMPILER_FLAGS=  -O2 -c" "EXTRA_COMPILER_FLAGS=-mcpu=cortex-a9 -mfpu=vfpv3 -mfloat-abi=hard -nost
TRACE::2025-03-12.14:03:25::SCWBDomain::artfiles -g -Wall -Wextra -fno-tree-loop-distribute-patterns"

TRACE::2025-03-12.14:03:25::SCWBDomain::"Running Make include in ps7_cortexa9_0/libsrc/uartps_v3_13/src"

TRACE::2025-03-12.14:03:25::SCWBDomain::make -C ps7_cortexa9_0/libsrc/uartps_v3_13/src -s include  "SHELL=CMD" "COMPILER=arm-none-eabi-gcc" "ASSEMBLER=arm-none-eabi-as
TRACE::2025-03-12.14:03:25::SCWBDomain::" "ARCHIVER=arm-none-eabi-ar" "COMPILER_FLAGS=  -O2 -c" "EXTRA_COMPILER_FLAGS=-mcpu=cortex-a9 -mfpu=vfpv3 -mfloat-abi=hard -nos
TRACE::2025-03-12.14:03:25::SCWBDomain::tartfiles -g -Wall -Wextra -fno-tree-loop-distribute-patterns"

TRACE::2025-03-12.14:03:26::SCWBDomain::"Running Make include in ps7_cortexa9_0/libsrc/usbps_v2_8/src"

TRACE::2025-03-12.14:03:26::SCWBDomain::make -C ps7_cortexa9_0/libsrc/usbps_v2_8/src -s include  "SHELL=CMD" "COMPILER=arm-none-eabi-gcc" "ASSEMBLER=arm-none-eabi-as" 
TRACE::2025-03-12.14:03:26::SCWBDomain::"ARCHIVER=arm-none-eabi-ar" "COMPILER_FLAGS=  -O2 -c" "EXTRA_COMPILER_FLAGS=-mcpu=cortex-a9 -mfpu=vfpv3 -mfloat-abi=hard -nosta
TRACE::2025-03-12.14:03:26::SCWBDomain::rtfiles -g -Wall -Wextra -fno-tree-loop-distribute-patterns"

TRACE::2025-03-12.14:03:26::SCWBDomain::"Running Make include in ps7_cortexa9_0/libsrc/xadcps_v2_7/src"

TRACE::2025-03-12.14:03:26::SCWBDomain::make -C ps7_cortexa9_0/libsrc/xadcps_v2_7/src -s include  "SHELL=CMD" "COMPILER=arm-none-eabi-gcc" "ASSEMBLER=arm-none-eabi-as"
TRACE::2025-03-12.14:03:26::SCWBDomain:: "ARCHIVER=arm-none-eabi-ar" "COMPILER_FLAGS=  -O2 -c" "EXTRA_COMPILER_FLAGS=-mcpu=cortex-a9 -mfpu=vfpv3 -mfloat-abi=hard -nost
TRACE::2025-03-12.14:03:26::SCWBDomain::artfiles -g -Wall -Wextra -fno-tree-loop-distribute-patterns"

TRACE::2025-03-12.14:03:26::SCWBDomain::"Running Make include in ps7_cortexa9_0/libsrc/xilffs_v5_1/src"

TRACE::2025-03-12.14:03:26::SCWBDomain::make -C ps7_cortexa9_0/libsrc/xilffs_v5_1/src -s include  "SHELL=CMD" "COMPILER=arm-none-eabi-gcc" "ASSEMBLER=arm-none-eabi-as"
TRACE::2025-03-12.14:03:26::SCWBDomain:: "ARCHIVER=arm-none-eabi-ar" "COMPILER_FLAGS=  -O2 -c" "EXTRA_COMPILER_FLAGS=-mcpu=cortex-a9 -mfpu=vfpv3 -mfloat-abi=hard -nost
TRACE::2025-03-12.14:03:26::SCWBDomain::artfiles -g -Wall -Wextra -fno-tree-loop-distribute-patterns"

TRACE::2025-03-12.14:03:27::SCWBDomain::"Running Make include in ps7_cortexa9_0/libsrc/xilrsa_v1_7/src"

TRACE::2025-03-12.14:03:27::SCWBDomain::make -C ps7_cortexa9_0/libsrc/xilrsa_v1_7/src -s include  "SHELL=CMD" "COMPILER=arm-none-eabi-gcc" "ASSEMBLER=arm-none-eabi-as"
TRACE::2025-03-12.14:03:27::SCWBDomain:: "ARCHIVER=arm-none-eabi-ar" "COMPILER_FLAGS=  -O2 -c" "EXTRA_COMPILER_FLAGS=-mcpu=cortex-a9 -mfpu=vfpv3 -mfloat-abi=hard -nost
TRACE::2025-03-12.14:03:27::SCWBDomain::artfiles -g -Wall -Wextra -fno-tree-loop-distribute-patterns"

TRACE::2025-03-12.14:03:27::SCWBDomain::"Running Make libs in ps7_cortexa9_0/libsrc/ssd_ctrl_v1_0/src"

TRACE::2025-03-12.14:03:27::SCWBDomain::make -C ps7_cortexa9_0/libsrc/ssd_ctrl_v1_0/src -s libs  "SHELL=CMD" "COMPILER=arm-none-eabi-gcc" "ASSEMBLER=arm-none-eabi-as" 
TRACE::2025-03-12.14:03:27::SCWBDomain::"ARCHIVER=arm-none-eabi-ar" "COMPILER_FLAGS=  -O2 -c" "EXTRA_COMPILER_FLAGS=-mcpu=cortex-a9 -mfpu=vfpv3 -mfloat-abi=hard -nosta
TRACE::2025-03-12.14:03:27::SCWBDomain::rtfiles -g -Wall -Wextra -fno-tree-loop-distribute-patterns"

TRACE::2025-03-12.14:03:28::SCWBDomain::"Compiling ssd_ctrl..."

TRACE::2025-03-12.14:03:30::SCWBDomain::"Running Make libs in ps7_cortexa9_0/libsrc/xilrsa_v1_7/src"

TRACE::2025-03-12.14:03:30::SCWBDomain::make -C ps7_cortexa9_0/libsrc/xilrsa_v1_7/src -s libs  "SHELL=CMD" "COMPILER=arm-none-eabi-gcc" "ASSEMBLER=arm-none-eabi-as" "A
TRACE::2025-03-12.14:03:30::SCWBDomain::RCHIVER=arm-none-eabi-ar" "COMPILER_FLAGS=  -O2 -c" "EXTRA_COMPILER_FLAGS=-mcpu=cortex-a9 -mfpu=vfpv3 -mfloat-abi=hard -nostart
TRACE::2025-03-12.14:03:30::SCWBDomain::files -g -Wall -Wextra -fno-tree-loop-distribute-patterns"

TRACE::2025-03-12.14:03:30::SCWBDomain::'Finished building libraries sequentially.'

TRACE::2025-03-12.14:03:30::SCWBDomain::make -j 22 --no-print-directory par_libs

TRACE::2025-03-12.14:03:31::SCWBDomain::"Running Make include in ps7_cortexa9_0/libsrc/coresightps_dcc_v1_9/src"

TRACE::2025-03-12.14:03:31::SCWBDomain::make -C ps7_cortexa9_0/libsrc/coresightps_dcc_v1_9/src -s include  "SHELL=CMD" "COMPILER=arm-none-eabi-gcc" "ASSEMBLER=arm-none
TRACE::2025-03-12.14:03:31::SCWBDomain::-eabi-as" "ARCHIVER=arm-none-eabi-ar" "COMPILER_FLAGS=  -O2 -c" "EXTRA_COMPILER_FLAGS=-mcpu=cortex-a9 -mfpu=vfpv3 -mfloat-abi=h
TRACE::2025-03-12.14:03:31::SCWBDomain::ard -nostartfiles -g -Wall -Wextra -fno-tree-loop-distribute-patterns"

TRACE::2025-03-12.14:03:31::SCWBDomain::"Running Make include in ps7_cortexa9_0/libsrc/cpu_cortexa9_v2_12/src"

TRACE::2025-03-12.14:03:31::SCWBDomain::make -C ps7_cortexa9_0/libsrc/cpu_cortexa9_v2_12/src -s include  "SHELL=CMD" "COMPILER=arm-none-eabi-gcc" "ASSEMBLER=arm-none-e
TRACE::2025-03-12.14:03:31::SCWBDomain::abi-as" "ARCHIVER=arm-none-eabi-ar" "COMPILER_FLAGS=  -O2 -c" "EXTRA_COMPILER_FLAGS=-mcpu=cortex-a9 -mfpu=vfpv3 -mfloat-abi=har
TRACE::2025-03-12.14:03:31::SCWBDomain::d -nostartfiles -g -Wall -Wextra -fno-tree-loop-distribute-patterns"

TRACE::2025-03-12.14:03:31::SCWBDomain::"Running Make include in ps7_cortexa9_0/libsrc/ddrps_v1_2/src"

TRACE::2025-03-12.14:03:31::SCWBDomain::make -C ps7_cortexa9_0/libsrc/ddrps_v1_2/src -s include  "SHELL=CMD" "COMPILER=arm-none-eabi-gcc" "ASSEMBLER=arm-none-eabi-as" 
TRACE::2025-03-12.14:03:31::SCWBDomain::"ARCHIVER=arm-none-eabi-ar" "COMPILER_FLAGS=  -O2 -c" "EXTRA_COMPILER_FLAGS=-mcpu=cortex-a9 -mfpu=vfpv3 -mfloat-abi=hard -nosta
TRACE::2025-03-12.14:03:31::SCWBDomain::rtfiles -g -Wall -Wextra -fno-tree-loop-distribute-patterns"

TRACE::2025-03-12.14:03:31::SCWBDomain::"Running Make include in ps7_cortexa9_0/libsrc/devcfg_v3_8/src"

TRACE::2025-03-12.14:03:31::SCWBDomain::make -C ps7_cortexa9_0/libsrc/devcfg_v3_8/src -s include  "SHELL=CMD" "COMPILER=arm-none-eabi-gcc" "ASSEMBLER=arm-none-eabi-as"
TRACE::2025-03-12.14:03:31::SCWBDomain:: "ARCHIVER=arm-none-eabi-ar" "COMPILER_FLAGS=  -O2 -c" "EXTRA_COMPILER_FLAGS=-mcpu=cortex-a9 -mfpu=vfpv3 -mfloat-abi=hard -nost
TRACE::2025-03-12.14:03:31::SCWBDomain::artfiles -g -Wall -Wextra -fno-tree-loop-distribute-patterns"

TRACE::2025-03-12.14:03:31::SCWBDomain::"Running Make include in ps7_cortexa9_0/libsrc/dmaps_v2_9/src"

TRACE::2025-03-12.14:03:31::SCWBDomain::make -C ps7_cortexa9_0/libsrc/dmaps_v2_9/src -s include  "SHELL=CMD" "COMPILER=arm-none-eabi-gcc" "ASSEMBLER=arm-none-eabi-as" 
TRACE::2025-03-12.14:03:31::SCWBDomain::"ARCHIVER=arm-none-eabi-ar" "COMPILER_FLAGS=  -O2 -c" "EXTRA_COMPILER_FLAGS=-mcpu=cortex-a9 -mfpu=vfpv3 -mfloat-abi=hard -nosta
TRACE::2025-03-12.14:03:31::SCWBDomain::rtfiles -g -Wall -Wextra -fno-tree-loop-distribute-patterns"

TRACE::2025-03-12.14:03:31::SCWBDomain::"Running Make include in ps7_cortexa9_0/libsrc/emacps_v3_19/src"

TRACE::2025-03-12.14:03:31::SCWBDomain::make -C ps7_cortexa9_0/libsrc/emacps_v3_19/src -s include  "SHELL=CMD" "COMPILER=arm-none-eabi-gcc" "ASSEMBLER=arm-none-eabi-as
TRACE::2025-03-12.14:03:31::SCWBDomain::" "ARCHIVER=arm-none-eabi-ar" "COMPILER_FLAGS=  -O2 -c" "EXTRA_COMPILER_FLAGS=-mcpu=cortex-a9 -mfpu=vfpv3 -mfloat-abi=hard -nos
TRACE::2025-03-12.14:03:31::SCWBDomain::tartfiles -g -Wall -Wextra -fno-tree-loop-distribute-patterns"

TRACE::2025-03-12.14:03:31::SCWBDomain::"Running Make include in ps7_cortexa9_0/libsrc/gpiops_v3_12/src"

TRACE::2025-03-12.14:03:31::SCWBDomain::make -C ps7_cortexa9_0/libsrc/gpiops_v3_12/src -s include  "SHELL=CMD" "COMPILER=arm-none-eabi-gcc" "ASSEMBLER=arm-none-eabi-as
TRACE::2025-03-12.14:03:31::SCWBDomain::" "ARCHIVER=arm-none-eabi-ar" "COMPILER_FLAGS=  -O2 -c" "EXTRA_COMPILER_FLAGS=-mcpu=cortex-a9 -mfpu=vfpv3 -mfloat-abi=hard -nos
TRACE::2025-03-12.14:03:31::SCWBDomain::tartfiles -g -Wall -Wextra -fno-tree-loop-distribute-patterns"

TRACE::2025-03-12.14:03:31::SCWBDomain::"Running Make include in ps7_cortexa9_0/libsrc/qspips_v3_11/src"

TRACE::2025-03-12.14:03:31::SCWBDomain::make -C ps7_cortexa9_0/libsrc/qspips_v3_11/src -s include  "SHELL=CMD" "COMPILER=arm-none-eabi-gcc" "ASSEMBLER=arm-none-eabi-as
TRACE::2025-03-12.14:03:31::SCWBDomain::" "ARCHIVER=arm-none-eabi-ar" "COMPILER_FLAGS=  -O2 -c" "EXTRA_COMPILER_FLAGS=-mcpu=cortex-a9 -mfpu=vfpv3 -mfloat-abi=hard -nos
TRACE::2025-03-12.14:03:31::SCWBDomain::tartfiles -g -Wall -Wextra -fno-tree-loop-distribute-patterns"

TRACE::2025-03-12.14:03:31::SCWBDomain::"Running Make include in ps7_cortexa9_0/libsrc/scugic_v5_2/src"

TRACE::2025-03-12.14:03:31::SCWBDomain::make -C ps7_cortexa9_0/libsrc/scugic_v5_2/src -s include  "SHELL=CMD" "COMPILER=arm-none-eabi-gcc" "ASSEMBLER=arm-none-eabi-as"
TRACE::2025-03-12.14:03:31::SCWBDomain:: "ARCHIVER=arm-none-eabi-ar" "COMPILER_FLAGS=  -O2 -c" "EXTRA_COMPILER_FLAGS=-mcpu=cortex-a9 -mfpu=vfpv3 -mfloat-abi=hard -nost
TRACE::2025-03-12.14:03:31::SCWBDomain::artfiles -g -Wall -Wextra -fno-tree-loop-distribute-patterns"

TRACE::2025-03-12.14:03:31::SCWBDomain::"Running Make include in ps7_cortexa9_0/libsrc/scutimer_v2_5/src"

TRACE::2025-03-12.14:03:31::SCWBDomain::make -C ps7_cortexa9_0/libsrc/scutimer_v2_5/src -s include  "SHELL=CMD" "COMPILER=arm-none-eabi-gcc" "ASSEMBLER=arm-none-eabi-a
TRACE::2025-03-12.14:03:31::SCWBDomain::s" "ARCHIVER=arm-none-eabi-ar" "COMPILER_FLAGS=  -O2 -c" "EXTRA_COMPILER_FLAGS=-mcpu=cortex-a9 -mfpu=vfpv3 -mfloat-abi=hard -no
TRACE::2025-03-12.14:03:31::SCWBDomain::startfiles -g -Wall -Wextra -fno-tree-loop-distribute-patterns"

TRACE::2025-03-12.14:03:31::SCWBDomain::"Running Make include in ps7_cortexa9_0/libsrc/scuwdt_v2_5/src"

TRACE::2025-03-12.14:03:31::SCWBDomain::make -C ps7_cortexa9_0/libsrc/scuwdt_v2_5/src -s include  "SHELL=CMD" "COMPILER=arm-none-eabi-gcc" "ASSEMBLER=arm-none-eabi-as"
TRACE::2025-03-12.14:03:31::SCWBDomain:: "ARCHIVER=arm-none-eabi-ar" "COMPILER_FLAGS=  -O2 -c" "EXTRA_COMPILER_FLAGS=-mcpu=cortex-a9 -mfpu=vfpv3 -mfloat-abi=hard -nost
TRACE::2025-03-12.14:03:31::SCWBDomain::artfiles -g -Wall -Wextra -fno-tree-loop-distribute-patterns"

TRACE::2025-03-12.14:03:31::SCWBDomain::"Running Make include in ps7_cortexa9_0/libsrc/sdps_v4_2/src"

TRACE::2025-03-12.14:03:31::SCWBDomain::make -C ps7_cortexa9_0/libsrc/sdps_v4_2/src -s include  "SHELL=CMD" "COMPILER=arm-none-eabi-gcc" "ASSEMBLER=arm-none-eabi-as" "
TRACE::2025-03-12.14:03:31::SCWBDomain::ARCHIVER=arm-none-eabi-ar" "COMPILER_FLAGS=  -O2 -c" "EXTRA_COMPILER_FLAGS=-mcpu=cortex-a9 -mfpu=vfpv3 -mfloat-abi=hard -nostar
TRACE::2025-03-12.14:03:31::SCWBDomain::tfiles -g -Wall -Wextra -fno-tree-loop-distribute-patterns"

TRACE::2025-03-12.14:03:31::SCWBDomain::"Running Make include in ps7_cortexa9_0/libsrc/ssd_ctrl_v1_0/src"

TRACE::2025-03-12.14:03:31::SCWBDomain::make -C ps7_cortexa9_0/libsrc/ssd_ctrl_v1_0/src -s include  "SHELL=CMD" "COMPILER=arm-none-eabi-gcc" "ASSEMBLER=arm-none-eabi-a
TRACE::2025-03-12.14:03:31::SCWBDomain::s" "ARCHIVER=arm-none-eabi-ar" "COMPILER_FLAGS=  -O2 -c" "EXTRA_COMPILER_FLAGS=-mcpu=cortex-a9 -mfpu=vfpv3 -mfloat-abi=hard -no
TRACE::2025-03-12.14:03:31::SCWBDomain::startfiles -g -Wall -Wextra -fno-tree-loop-distribute-patterns"

TRACE::2025-03-12.14:03:31::SCWBDomain::"Running Make include in ps7_cortexa9_0/libsrc/standalone_v9_0/src"

TRACE::2025-03-12.14:03:31::SCWBDomain::make -C ps7_cortexa9_0/libsrc/standalone_v9_0/src -s include  "SHELL=CMD" "COMPILER=arm-none-eabi-gcc" "ASSEMBLER=arm-none-eabi
TRACE::2025-03-12.14:03:31::SCWBDomain::-as" "ARCHIVER=arm-none-eabi-ar" "COMPILER_FLAGS=  -O2 -c" "EXTRA_COMPILER_FLAGS=-mcpu=cortex-a9 -mfpu=vfpv3 -mfloat-abi=hard -
TRACE::2025-03-12.14:03:31::SCWBDomain::nostartfiles -g -Wall -Wextra -fno-tree-loop-distribute-patterns"

TRACE::2025-03-12.14:03:31::SCWBDomain::"Running Make include in ps7_cortexa9_0/libsrc/ttcps_v3_18/src"

TRACE::2025-03-12.14:03:31::SCWBDomain::make -C ps7_cortexa9_0/libsrc/ttcps_v3_18/src -s include  "SHELL=CMD" "COMPILER=arm-none-eabi-gcc" "ASSEMBLER=arm-none-eabi-as"
TRACE::2025-03-12.14:03:31::SCWBDomain:: "ARCHIVER=arm-none-eabi-ar" "COMPILER_FLAGS=  -O2 -c" "EXTRA_COMPILER_FLAGS=-mcpu=cortex-a9 -mfpu=vfpv3 -mfloat-abi=hard -nost
TRACE::2025-03-12.14:03:31::SCWBDomain::artfiles -g -Wall -Wextra -fno-tree-loop-distribute-patterns"

TRACE::2025-03-12.14:03:31::SCWBDomain::"Running Make include in ps7_cortexa9_0/libsrc/uartps_v3_13/src"

TRACE::2025-03-12.14:03:31::SCWBDomain::make -C ps7_cortexa9_0/libsrc/uartps_v3_13/src -s include  "SHELL=CMD" "COMPILER=arm-none-eabi-gcc" "ASSEMBLER=arm-none-eabi-as
TRACE::2025-03-12.14:03:31::SCWBDomain::" "ARCHIVER=arm-none-eabi-ar" "COMPILER_FLAGS=  -O2 -c" "EXTRA_COMPILER_FLAGS=-mcpu=cortex-a9 -mfpu=vfpv3 -mfloat-abi=hard -nos
TRACE::2025-03-12.14:03:31::SCWBDomain::tartfiles -g -Wall -Wextra -fno-tree-loop-distribute-patterns"

TRACE::2025-03-12.14:03:31::SCWBDomain::"Running Make include in ps7_cortexa9_0/libsrc/usbps_v2_8/src"

TRACE::2025-03-12.14:03:31::SCWBDomain::make -C ps7_cortexa9_0/libsrc/usbps_v2_8/src -s include  "SHELL=CMD" "COMPILER=arm-none-eabi-gcc" "ASSEMBLER=arm-none-eabi-as" 
TRACE::2025-03-12.14:03:31::SCWBDomain::"ARCHIVER=arm-none-eabi-ar" "COMPILER_FLAGS=  -O2 -c" "EXTRA_COMPILER_FLAGS=-mcpu=cortex-a9 -mfpu=vfpv3 -mfloat-abi=hard -nosta
TRACE::2025-03-12.14:03:31::SCWBDomain::rtfiles -g -Wall -Wextra -fno-tree-loop-distribute-patterns"

TRACE::2025-03-12.14:03:31::SCWBDomain::"Running Make include in ps7_cortexa9_0/libsrc/xadcps_v2_7/src"

TRACE::2025-03-12.14:03:31::SCWBDomain::make -C ps7_cortexa9_0/libsrc/xadcps_v2_7/src -s include  "SHELL=CMD" "COMPILER=arm-none-eabi-gcc" "ASSEMBLER=arm-none-eabi-as"
TRACE::2025-03-12.14:03:31::SCWBDomain:: "ARCHIVER=arm-none-eabi-ar" "COMPILER_FLAGS=  -O2 -c" "EXTRA_COMPILER_FLAGS=-mcpu=cortex-a9 -mfpu=vfpv3 -mfloat-abi=hard -nost
TRACE::2025-03-12.14:03:31::SCWBDomain::artfiles -g -Wall -Wextra -fno-tree-loop-distribute-patterns"

TRACE::2025-03-12.14:03:31::SCWBDomain::"Running Make include in ps7_cortexa9_0/libsrc/xilffs_v5_1/src"

TRACE::2025-03-12.14:03:31::SCWBDomain::make -C ps7_cortexa9_0/libsrc/xilffs_v5_1/src -s include  "SHELL=CMD" "COMPILER=arm-none-eabi-gcc" "ASSEMBLER=arm-none-eabi-as"
TRACE::2025-03-12.14:03:31::SCWBDomain:: "ARCHIVER=arm-none-eabi-ar" "COMPILER_FLAGS=  -O2 -c" "EXTRA_COMPILER_FLAGS=-mcpu=cortex-a9 -mfpu=vfpv3 -mfloat-abi=hard -nost
TRACE::2025-03-12.14:03:31::SCWBDomain::artfiles -g -Wall -Wextra -fno-tree-loop-distribute-patterns"

TRACE::2025-03-12.14:03:31::SCWBDomain::"Running Make include in ps7_cortexa9_0/libsrc/xilrsa_v1_7/src"

TRACE::2025-03-12.14:03:31::SCWBDomain::make -C ps7_cortexa9_0/libsrc/xilrsa_v1_7/src -s include  "SHELL=CMD" "COMPILER=arm-none-eabi-gcc" "ASSEMBLER=arm-none-eabi-as"
TRACE::2025-03-12.14:03:31::SCWBDomain:: "ARCHIVER=arm-none-eabi-ar" "COMPILER_FLAGS=  -O2 -c" "EXTRA_COMPILER_FLAGS=-mcpu=cortex-a9 -mfpu=vfpv3 -mfloat-abi=hard -nost
TRACE::2025-03-12.14:03:31::SCWBDomain::artfiles -g -Wall -Wextra -fno-tree-loop-distribute-patterns"

TRACE::2025-03-12.14:03:31::SCWBDomain::"Running Make libs in ps7_cortexa9_0/libsrc/coresightps_dcc_v1_9/src"

TRACE::2025-03-12.14:03:31::SCWBDomain::make -C ps7_cortexa9_0/libsrc/coresightps_dcc_v1_9/src -s libs  "SHELL=CMD" "COMPILER=arm-none-eabi-gcc" "ASSEMBLER=arm-none-ea
TRACE::2025-03-12.14:03:31::SCWBDomain::bi-as" "ARCHIVER=arm-none-eabi-ar" "COMPILER_FLAGS=  -O2 -c" "EXTRA_COMPILER_FLAGS=-mcpu=cortex-a9 -mfpu=vfpv3 -mfloat-abi=hard
TRACE::2025-03-12.14:03:31::SCWBDomain:: -nostartfiles -g -Wall -Wextra -fno-tree-loop-distribute-patterns"

TRACE::2025-03-12.14:03:31::SCWBDomain::"Running Make libs in ps7_cortexa9_0/libsrc/cpu_cortexa9_v2_12/src"

TRACE::2025-03-12.14:03:32::SCWBDomain::make -C ps7_cortexa9_0/libsrc/cpu_cortexa9_v2_12/src -s libs  "SHELL=CMD" "COMPILER=arm-none-eabi-gcc" "ASSEMBLER=arm-none-eabi
TRACE::2025-03-12.14:03:32::SCWBDomain::-as" "ARCHIVER=arm-none-eabi-ar" "COMPILER_FLAGS=  -O2 -c" "EXTRA_COMPILER_FLAGS=-mcpu=cortex-a9 -mfpu=vfpv3 -mfloat-abi=hard -
TRACE::2025-03-12.14:03:32::SCWBDomain::nostartfiles -g -Wall -Wextra -fno-tree-loop-distribute-patterns"

TRACE::2025-03-12.14:03:32::SCWBDomain::"Running Make libs in ps7_cortexa9_0/libsrc/ddrps_v1_2/src"

TRACE::2025-03-12.14:03:32::SCWBDomain::make -C ps7_cortexa9_0/libsrc/ddrps_v1_2/src -s libs  "SHELL=CMD" "COMPILER=arm-none-eabi-gcc" "ASSEMBLER=arm-none-eabi-as" "AR
TRACE::2025-03-12.14:03:32::SCWBDomain::CHIVER=arm-none-eabi-ar" "COMPILER_FLAGS=  -O2 -c" "EXTRA_COMPILER_FLAGS=-mcpu=cortex-a9 -mfpu=vfpv3 -mfloat-abi=hard -nostartf
TRACE::2025-03-12.14:03:32::SCWBDomain::iles -g -Wall -Wextra -fno-tree-loop-distribute-patterns"

TRACE::2025-03-12.14:03:32::SCWBDomain::"Running Make libs in ps7_cortexa9_0/libsrc/devcfg_v3_8/src"

TRACE::2025-03-12.14:03:32::SCWBDomain::make -C ps7_cortexa9_0/libsrc/devcfg_v3_8/src -s libs  "SHELL=CMD" "COMPILER=arm-none-eabi-gcc" "ASSEMBLER=arm-none-eabi-as" "A
TRACE::2025-03-12.14:03:32::SCWBDomain::RCHIVER=arm-none-eabi-ar" "COMPILER_FLAGS=  -O2 -c" "EXTRA_COMPILER_FLAGS=-mcpu=cortex-a9 -mfpu=vfpv3 -mfloat-abi=hard -nostart
TRACE::2025-03-12.14:03:32::SCWBDomain::files -g -Wall -Wextra -fno-tree-loop-distribute-patterns"

TRACE::2025-03-12.14:03:32::SCWBDomain::"Running Make libs in ps7_cortexa9_0/libsrc/dmaps_v2_9/src"

TRACE::2025-03-12.14:03:33::SCWBDomain::make -C ps7_cortexa9_0/libsrc/dmaps_v2_9/src -s libs  "SHELL=CMD" "COMPILER=arm-none-eabi-gcc" "ASSEMBLER=arm-none-eabi-as" "AR
TRACE::2025-03-12.14:03:33::SCWBDomain::CHIVER=arm-none-eabi-ar" "COMPILER_FLAGS=  -O2 -c" "EXTRA_COMPILER_FLAGS=-mcpu=cortex-a9 -mfpu=vfpv3 -mfloat-abi=hard -nostartf
TRACE::2025-03-12.14:03:33::SCWBDomain::iles -g -Wall -Wextra -fno-tree-loop-distribute-patterns"

TRACE::2025-03-12.14:03:33::SCWBDomain::"Running Make libs in ps7_cortexa9_0/libsrc/emacps_v3_19/src"

TRACE::2025-03-12.14:03:33::SCWBDomain::make -C ps7_cortexa9_0/libsrc/emacps_v3_19/src -s libs  "SHELL=CMD" "COMPILER=arm-none-eabi-gcc" "ASSEMBLER=arm-none-eabi-as" "
TRACE::2025-03-12.14:03:33::SCWBDomain::ARCHIVER=arm-none-eabi-ar" "COMPILER_FLAGS=  -O2 -c" "EXTRA_COMPILER_FLAGS=-mcpu=cortex-a9 -mfpu=vfpv3 -mfloat-abi=hard -nostar
TRACE::2025-03-12.14:03:33::SCWBDomain::tfiles -g -Wall -Wextra -fno-tree-loop-distribute-patterns"

TRACE::2025-03-12.14:03:33::SCWBDomain::"Running Make libs in ps7_cortexa9_0/libsrc/gpiops_v3_12/src"

TRACE::2025-03-12.14:03:33::SCWBDomain::make -C ps7_cortexa9_0/libsrc/gpiops_v3_12/src -s libs  "SHELL=CMD" "COMPILER=arm-none-eabi-gcc" "ASSEMBLER=arm-none-eabi-as" "
TRACE::2025-03-12.14:03:33::SCWBDomain::ARCHIVER=arm-none-eabi-ar" "COMPILER_FLAGS=  -O2 -c" "EXTRA_COMPILER_FLAGS=-mcpu=cortex-a9 -mfpu=vfpv3 -mfloat-abi=hard -nostar
TRACE::2025-03-12.14:03:33::SCWBDomain::tfiles -g -Wall -Wextra -fno-tree-loop-distribute-patterns"

TRACE::2025-03-12.14:03:33::SCWBDomain::"Running Make libs in ps7_cortexa9_0/libsrc/qspips_v3_11/src"

TRACE::2025-03-12.14:03:34::SCWBDomain::make -C ps7_cortexa9_0/libsrc/qspips_v3_11/src -s libs  "SHELL=CMD" "COMPILER=arm-none-eabi-gcc" "ASSEMBLER=arm-none-eabi-as" "
TRACE::2025-03-12.14:03:34::SCWBDomain::ARCHIVER=arm-none-eabi-ar" "COMPILER_FLAGS=  -O2 -c" "EXTRA_COMPILER_FLAGS=-mcpu=cortex-a9 -mfpu=vfpv3 -mfloat-abi=hard -nostar
TRACE::2025-03-12.14:03:34::SCWBDomain::tfiles -g -Wall -Wextra -fno-tree-loop-distribute-patterns"

TRACE::2025-03-12.14:03:34::SCWBDomain::"Running Make libs in ps7_cortexa9_0/libsrc/scugic_v5_2/src"

TRACE::2025-03-12.14:03:34::SCWBDomain::make -C ps7_cortexa9_0/libsrc/scugic_v5_2/src -s libs  "SHELL=CMD" "COMPILER=arm-none-eabi-gcc" "ASSEMBLER=arm-none-eabi-as" "A
TRACE::2025-03-12.14:03:34::SCWBDomain::RCHIVER=arm-none-eabi-ar" "COMPILER_FLAGS=  -O2 -c" "EXTRA_COMPILER_FLAGS=-mcpu=cortex-a9 -mfpu=vfpv3 -mfloat-abi=hard -nostart
TRACE::2025-03-12.14:03:34::SCWBDomain::files -g -Wall -Wextra -fno-tree-loop-distribute-patterns"

TRACE::2025-03-12.14:03:34::SCWBDomain::"Running Make libs in ps7_cortexa9_0/libsrc/scutimer_v2_5/src"

TRACE::2025-03-12.14:03:34::SCWBDomain::make -C ps7_cortexa9_0/libsrc/scutimer_v2_5/src -s libs  "SHELL=CMD" "COMPILER=arm-none-eabi-gcc" "ASSEMBLER=arm-none-eabi-as" 
TRACE::2025-03-12.14:03:34::SCWBDomain::"ARCHIVER=arm-none-eabi-ar" "COMPILER_FLAGS=  -O2 -c" "EXTRA_COMPILER_FLAGS=-mcpu=cortex-a9 -mfpu=vfpv3 -mfloat-abi=hard -nosta
TRACE::2025-03-12.14:03:34::SCWBDomain::rtfiles -g -Wall -Wextra -fno-tree-loop-distribute-patterns"

TRACE::2025-03-12.14:03:34::SCWBDomain::"Running Make libs in ps7_cortexa9_0/libsrc/scuwdt_v2_5/src"

TRACE::2025-03-12.14:03:35::SCWBDomain::make -C ps7_cortexa9_0/libsrc/scuwdt_v2_5/src -s libs  "SHELL=CMD" "COMPILER=arm-none-eabi-gcc" "ASSEMBLER=arm-none-eabi-as" "A
TRACE::2025-03-12.14:03:35::SCWBDomain::RCHIVER=arm-none-eabi-ar" "COMPILER_FLAGS=  -O2 -c" "EXTRA_COMPILER_FLAGS=-mcpu=cortex-a9 -mfpu=vfpv3 -mfloat-abi=hard -nostart
TRACE::2025-03-12.14:03:35::SCWBDomain::files -g -Wall -Wextra -fno-tree-loop-distribute-patterns"

TRACE::2025-03-12.14:03:35::SCWBDomain::"Running Make libs in ps7_cortexa9_0/libsrc/sdps_v4_2/src"

TRACE::2025-03-12.14:03:36::SCWBDomain::make -C ps7_cortexa9_0/libsrc/sdps_v4_2/src -s libs  "SHELL=CMD" "COMPILER=arm-none-eabi-gcc" "ASSEMBLER=arm-none-eabi-as" "ARC
TRACE::2025-03-12.14:03:36::SCWBDomain::HIVER=arm-none-eabi-ar" "COMPILER_FLAGS=  -O2 -c" "EXTRA_COMPILER_FLAGS=-mcpu=cortex-a9 -mfpu=vfpv3 -mfloat-abi=hard -nostartfi
TRACE::2025-03-12.14:03:36::SCWBDomain::les -g -Wall -Wextra -fno-tree-loop-distribute-patterns"

TRACE::2025-03-12.14:03:36::SCWBDomain::"Running Make libs in ps7_cortexa9_0/libsrc/standalone_v9_0/src"

TRACE::2025-03-12.14:03:38::SCWBDomain::make -C ps7_cortexa9_0/libsrc/standalone_v9_0/src -s libs  "SHELL=CMD" "COMPILER=arm-none-eabi-gcc" "ASSEMBLER=arm-none-eabi-as
TRACE::2025-03-12.14:03:38::SCWBDomain::" "ARCHIVER=arm-none-eabi-ar" "COMPILER_FLAGS=  -O2 -c" "EXTRA_COMPILER_FLAGS=-mcpu=cortex-a9 -mfpu=vfpv3 -mfloat-abi=hard -nos
TRACE::2025-03-12.14:03:38::SCWBDomain::tartfiles -g -Wall -Wextra -fno-tree-loop-distribute-patterns"

TRACE::2025-03-12.14:03:38::SCWBDomain::"Running Make libs in ps7_cortexa9_0/libsrc/ttcps_v3_18/src"

TRACE::2025-03-12.14:03:38::SCWBDomain::make -C ps7_cortexa9_0/libsrc/ttcps_v3_18/src -s libs  "SHELL=CMD" "COMPILER=arm-none-eabi-gcc" "ASSEMBLER=arm-none-eabi-as" "A
TRACE::2025-03-12.14:03:38::SCWBDomain::RCHIVER=arm-none-eabi-ar" "COMPILER_FLAGS=  -O2 -c" "EXTRA_COMPILER_FLAGS=-mcpu=cortex-a9 -mfpu=vfpv3 -mfloat-abi=hard -nostart
TRACE::2025-03-12.14:03:38::SCWBDomain::files -g -Wall -Wextra -fno-tree-loop-distribute-patterns"

TRACE::2025-03-12.14:03:38::SCWBDomain::"Running Make libs in ps7_cortexa9_0/libsrc/uartps_v3_13/src"

TRACE::2025-03-12.14:03:38::SCWBDomain::make -C ps7_cortexa9_0/libsrc/uartps_v3_13/src -s libs  "SHELL=CMD" "COMPILER=arm-none-eabi-gcc" "ASSEMBLER=arm-none-eabi-as" "
TRACE::2025-03-12.14:03:38::SCWBDomain::ARCHIVER=arm-none-eabi-ar" "COMPILER_FLAGS=  -O2 -c" "EXTRA_COMPILER_FLAGS=-mcpu=cortex-a9 -mfpu=vfpv3 -mfloat-abi=hard -nostar
TRACE::2025-03-12.14:03:38::SCWBDomain::tfiles -g -Wall -Wextra -fno-tree-loop-distribute-patterns"

TRACE::2025-03-12.14:03:39::SCWBDomain::"Running Make libs in ps7_cortexa9_0/libsrc/usbps_v2_8/src"

TRACE::2025-03-12.14:03:39::SCWBDomain::make -C ps7_cortexa9_0/libsrc/usbps_v2_8/src -s libs  "SHELL=CMD" "COMPILER=arm-none-eabi-gcc" "ASSEMBLER=arm-none-eabi-as" "AR
TRACE::2025-03-12.14:03:39::SCWBDomain::CHIVER=arm-none-eabi-ar" "COMPILER_FLAGS=  -O2 -c" "EXTRA_COMPILER_FLAGS=-mcpu=cortex-a9 -mfpu=vfpv3 -mfloat-abi=hard -nostartf
TRACE::2025-03-12.14:03:39::SCWBDomain::iles -g -Wall -Wextra -fno-tree-loop-distribute-patterns"

TRACE::2025-03-12.14:03:39::SCWBDomain::"Running Make libs in ps7_cortexa9_0/libsrc/xadcps_v2_7/src"

TRACE::2025-03-12.14:03:40::SCWBDomain::make -C ps7_cortexa9_0/libsrc/xadcps_v2_7/src -s libs  "SHELL=CMD" "COMPILER=arm-none-eabi-gcc" "ASSEMBLER=arm-none-eabi-as" "A
TRACE::2025-03-12.14:03:40::SCWBDomain::RCHIVER=arm-none-eabi-ar" "COMPILER_FLAGS=  -O2 -c" "EXTRA_COMPILER_FLAGS=-mcpu=cortex-a9 -mfpu=vfpv3 -mfloat-abi=hard -nostart
TRACE::2025-03-12.14:03:40::SCWBDomain::files -g -Wall -Wextra -fno-tree-loop-distribute-patterns"

TRACE::2025-03-12.14:03:40::SCWBDomain::"Running Make libs in ps7_cortexa9_0/libsrc/xilffs_v5_1/src"

TRACE::2025-03-12.14:03:40::SCWBDomain::make -C ps7_cortexa9_0/libsrc/xilffs_v5_1/src -s libs  "SHELL=CMD" "COMPILER=arm-none-eabi-gcc" "ASSEMBLER=arm-none-eabi-as" "A
TRACE::2025-03-12.14:03:40::SCWBDomain::RCHIVER=arm-none-eabi-ar" "COMPILER_FLAGS=  -O2 -c" "EXTRA_COMPILER_FLAGS=-mcpu=cortex-a9 -mfpu=vfpv3 -mfloat-abi=hard -nostart
TRACE::2025-03-12.14:03:40::SCWBDomain::files -g -Wall -Wextra -fno-tree-loop-distribute-patterns"

TRACE::2025-03-12.14:03:41::SCWBDomain::'Finished building libraries parallelly.'

TRACE::2025-03-12.14:03:41::SCWBDomain::make --no-print-directory archive

TRACE::2025-03-12.14:03:41::SCWBDomain::arm-none-eabi-ar -r  ps7_cortexa9_0/lib/libxil.a ps7_cortexa9_0/lib/_exit.o ps7_cortexa9_0/lib/_open.o ps7_cortexa9_0/lib/_sbrk
TRACE::2025-03-12.14:03:41::SCWBDomain::.o ps7_cortexa9_0/lib/abort.o ps7_cortexa9_0/lib/asm_vectors.o ps7_cortexa9_0/lib/boot.o ps7_cortexa9_0/lib/close.o ps7_cortexa
TRACE::2025-03-12.14:03:41::SCWBDomain::9_0/lib/cpputest_time.o ps7_cortexa9_0/lib/cpu_init.o ps7_cortexa9_0/lib/errno.o ps7_cortexa9_0/lib/fcntl.o ps7_cortexa9_0/lib/
TRACE::2025-03-12.14:03:41::SCWBDomain::fstat.o ps7_cortexa9_0/lib/getentropy.o ps7_cortexa9_0/lib/getpid.o ps7_cortexa9_0/lib/inbyte.o ps7_cortexa9_0/lib/isatty.o ps7
TRACE::2025-03-12.14:03:41::SCWBDomain::_cortexa9_0/lib/kill.o ps7_cortexa9_0/lib/lseek.o ps7_cortexa9_0/lib/open.o ps7_cortexa9_0/lib/outbyte.o ps7_cortexa9_0/lib/pri
TRACE::2025-03-12.14:03:41::SCWBDomain::nt.o ps7_cortexa9_0/lib/putnum.o ps7_cortexa9_0/lib/read.o ps7_cortexa9_0/lib/sbrk.o ps7_cortexa9_0/lib/sleep.o ps7_cortexa9_0/
TRACE::2025-03-12.14:03:41::SCWBDomain::lib/time.o ps7_cortexa9_0/lib/translation_table.o ps7_cortexa9_0/lib/unlink.o ps7_cortexa9_0/lib/usleep.o ps7_cortexa9_0/lib/ve
TRACE::2025-03-12.14:03:41::SCWBDomain::ctors.o ps7_cortexa9_0/lib/write.o ps7_cortexa9_0/lib/xadcps.o ps7_cortexa9_0/lib/xadcps_g.o ps7_cortexa9_0/lib/xadcps_intr.o p
TRACE::2025-03-12.14:03:41::SCWBDomain::s7_cortexa9_0/lib/xadcps_selftest.o ps7_cortexa9_0/lib/xadcps_sinit.o ps7_cortexa9_0/lib/xcoresightpsdcc.o ps7_cortexa9_0/lib/x
TRACE::2025-03-12.14:03:41::SCWBDomain::devcfg.o ps7_cortexa9_0/lib/xdevcfg_g.o ps7_cortexa9_0/lib/xdevcfg_hw.o ps7_cortexa9_0/lib/xdevcfg_intr.o ps7_cortexa9_0/lib/xd
TRACE::2025-03-12.14:03:41::SCWBDomain::evcfg_selftest.o ps7_cortexa9_0/lib/xdevcfg_sinit.o ps7_cortexa9_0/lib/xdmaps.o ps7_cortexa9_0/lib/xdmaps_g.o ps7_cortexa9_0/li
TRACE::2025-03-12.14:03:41::SCWBDomain::b/xdmaps_hw.o ps7_cortexa9_0/lib/xdmaps_selftest.o ps7_cortexa9_0/lib/xdmaps_sinit.o ps7_cortexa9_0/lib/xemacps.o ps7_cortexa9_
TRACE::2025-03-12.14:03:41::SCWBDomain::0/lib/xemacps_bdring.o ps7_cortexa9_0/lib/xemacps_control.o ps7_cortexa9_0/lib/xemacps_g.o ps7_cortexa9_0/lib/xemacps_hw.o ps7_
TRACE::2025-03-12.14:03:41::SCWBDomain::cortexa9_0/lib/xemacps_intr.o ps7_cortexa9_0/lib/xemacps_sinit.o ps7_cortexa9_0/lib/xgpiops.o ps7_cortexa9_0/lib/xgpiops_g.o ps
TRACE::2025-03-12.14:03:41::SCWBDomain::7_cortexa9_0/lib/xgpiops_hw.o ps7_cortexa9_0/lib/xgpiops_intr.o ps7_cortexa9_0/lib/xgpiops_selftest.o ps7_cortexa9_0/lib/xgpiop
TRACE::2025-03-12.14:03:41::SCWBDomain::s_sinit.o ps7_cortexa9_0/lib/xil-crt0.o ps7_cortexa9_0/lib/xil_assert.o ps7_cortexa9_0/lib/xil_cache.o ps7_cortexa9_0/lib/xil_c
TRACE::2025-03-12.14:03:41::SCWBDomain::locking.o ps7_cortexa9_0/lib/xil_exception.o ps7_cortexa9_0/lib/xil_mem.o ps7_cortexa9_0/lib/xil_misc_psreset_api.o ps7_cortexa
TRACE::2025-03-12.14:03:41::SCWBDomain::9_0/lib/xil_mmu.o ps7_cortexa9_0/lib/xil_printf.o ps7_cortexa9_0/lib/xil_sleepcommon.o ps7_cortexa9_0/lib/xil_sleeptimer.o ps7_
TRACE::2025-03-12.14:03:41::SCWBDomain::cortexa9_0/lib/xil_spinlock.o ps7_cortexa9_0/lib/xil_testcache.o ps7_cortexa9_0/lib/xil_testio.o ps7_cortexa9_0/lib/xil_testmem
TRACE::2025-03-12.14:03:41::SCWBDomain::.o ps7_cortexa9_0/lib/xil_util.o ps7_cortexa9_0/lib/xinterrupt_wrap.o ps7_cortexa9_0/lib/xl2cc_counter.o ps7_cortexa9_0/lib/xpl
TRACE::2025-03-12.14:03:41::SCWBDomain::atform_info.o ps7_cortexa9_0/lib/xpm_counter.o ps7_cortexa9_0/lib/xpm_init.o ps7_cortexa9_0/lib/xqspips.o ps7_cortexa9_0/lib/xq
TRACE::2025-03-12.14:03:41::SCWBDomain::spips_g.o ps7_cortexa9_0/lib/xqspips_hw.o ps7_cortexa9_0/lib/xqspips_options.o ps7_cortexa9_0/lib/xqspips_selftest.o ps7_cortex
TRACE::2025-03-12.14:03:41::SCWBDomain::a9_0/lib/xqspips_sinit.o ps7_cortexa9_0/lib/xscugic.o ps7_cortexa9_0/lib/xscugic_g.o ps7_cortexa9_0/lib/xscugic_hw.o ps7_cortex
TRACE::2025-03-12.14:03:41::SCWBDomain::a9_0/lib/xscugic_intr.o ps7_cortexa9_0/lib/xscugic_selftest.o ps7_cortexa9_0/lib/xscugic_sinit.o ps7_cortexa9_0/lib/xscutimer.o
TRACE::2025-03-12.14:03:41::SCWBDomain:: ps7_cortexa9_0/lib/xscutimer_g.o ps7_cortexa9_0/lib/xscutimer_selftest.o ps7_cortexa9_0/lib/xscutimer_sinit.o ps7_cortexa9_0/l
TRACE::2025-03-12.14:03:41::SCWBDomain::ib/xscuwdt.o ps7_cortexa9_0/lib/xscuwdt_g.o ps7_cortexa9_0/lib/xscuwdt_selftest.o ps7_cortexa9_0/lib/xscuwdt_sinit.o ps7_cortex
TRACE::2025-03-12.14:03:41::SCWBDomain::a9_0/lib/xsdps.o ps7_cortexa9_0/lib/xsdps_card.o ps7_cortexa9_0/lib/xsdps_g.o ps7_cortexa9_0/lib/xsdps_host.o ps7_cortexa9_0/li
TRACE::2025-03-12.14:03:41::SCWBDomain::b/xsdps_options.o ps7_cortexa9_0/lib/xsdps_sinit.o ps7_cortexa9_0/lib/xtime_l.o ps7_cortexa9_0/lib/xttcps.o ps7_cortexa9_0/lib/
TRACE::2025-03-12.14:03:41::SCWBDomain::xttcps_g.o ps7_cortexa9_0/lib/xttcps_options.o ps7_cortexa9_0/lib/xttcps_selftest.o ps7_cortexa9_0/lib/xttcps_sinit.o ps7_corte
TRACE::2025-03-12.14:03:41::SCWBDomain::xa9_0/lib/xuartps.o ps7_cortexa9_0/lib/xuartps_g.o ps7_cortexa9_0/lib/xuartps_hw.o ps7_cortexa9_0/lib/xuartps_intr.o ps7_cortex
TRACE::2025-03-12.14:03:41::SCWBDomain::a9_0/lib/xuartps_options.o ps7_cortexa9_0/lib/xuartps_selftest.o ps7_cortexa9_0/lib/xuartps_sinit.o ps7_cortexa9_0/lib/xusbps.o
TRACE::2025-03-12.14:03:41::SCWBDomain:: ps7_cortexa9_0/lib/xusbps_endpoint.o ps7_cortexa9_0/lib/xusbps_g.o ps7_cortexa9_0/lib/xusbps_hw.o ps7_cortexa9_0/lib/xusbps_in
TRACE::2025-03-12.14:03:41::SCWBDomain::tr.o ps7_cortexa9_0/lib/xusbps_sinit.o

TRACE::2025-03-12.14:03:41::SCWBDomain::'Finished building libraries'

TRACE::2025-03-12.14:03:41::SCWBDomain::make: Leaving directory 'C:/Users/Student/vitis_workspace/design_1_wrapper/zynq_fsbl/zynq_fsbl_bsp'

TRACE::2025-03-12.14:03:41::SCWBDomain::arm-none-eabi-gcc  -O2 -c -MMD -MP       -mcpu=cortex-a9 -mfpu=vfpv3 -mfloat-abi=hard  -c sd.c -o sd.o -Izynq_fsbl_bsp/ps7_cort
TRACE::2025-03-12.14:03:41::SCWBDomain::exa9_0/include -I.

TRACE::2025-03-12.14:03:41::SCWBDomain::arm-none-eabi-gcc  -O2 -c -MMD -MP       -mcpu=cortex-a9 -mfpu=vfpv3 -mfloat-abi=hard  -c nand.c -o nand.o -Izynq_fsbl_bsp/ps7_
TRACE::2025-03-12.14:03:41::SCWBDomain::cortexa9_0/include -I.

TRACE::2025-03-12.14:03:41::SCWBDomain::arm-none-eabi-gcc  -O2 -c -MMD -MP       -mcpu=cortex-a9 -mfpu=vfpv3 -mfloat-abi=hard  -c nor.c -o nor.o -Izynq_fsbl_bsp/ps7_co
TRACE::2025-03-12.14:03:41::SCWBDomain::rtexa9_0/include -I.

TRACE::2025-03-12.14:03:41::SCWBDomain::arm-none-eabi-gcc  -O2 -c -MMD -MP       -mcpu=cortex-a9 -mfpu=vfpv3 -mfloat-abi=hard  -c image_mover.c -o image_mover.o -Izynq
TRACE::2025-03-12.14:03:41::SCWBDomain::_fsbl_bsp/ps7_cortexa9_0/include -I.

TRACE::2025-03-12.14:03:42::SCWBDomain::arm-none-eabi-gcc  -O2 -c -MMD -MP       -mcpu=cortex-a9 -mfpu=vfpv3 -mfloat-abi=hard  -c md5.c -o md5.o -Izynq_fsbl_bsp/ps7_co
TRACE::2025-03-12.14:03:42::SCWBDomain::rtexa9_0/include -I.

TRACE::2025-03-12.14:03:42::SCWBDomain::arm-none-eabi-gcc  -O2 -c -MMD -MP       -mcpu=cortex-a9 -mfpu=vfpv3 -mfloat-abi=hard  -c fsbl_hooks.c -o fsbl_hooks.o -Izynq_f
TRACE::2025-03-12.14:03:42::SCWBDomain::sbl_bsp/ps7_cortexa9_0/include -I.

TRACE::2025-03-12.14:03:42::SCWBDomain::arm-none-eabi-gcc  -O2 -c -MMD -MP       -mcpu=cortex-a9 -mfpu=vfpv3 -mfloat-abi=hard  -c main.c -o main.o -Izynq_fsbl_bsp/ps7_
TRACE::2025-03-12.14:03:42::SCWBDomain::cortexa9_0/include -I.

TRACE::2025-03-12.14:03:42::SCWBDomain::arm-none-eabi-gcc  -O2 -c -MMD -MP       -mcpu=cortex-a9 -mfpu=vfpv3 -mfloat-abi=hard  -c rsa.c -o rsa.o -Izynq_fsbl_bsp/ps7_co
TRACE::2025-03-12.14:03:42::SCWBDomain::rtexa9_0/include -I.

TRACE::2025-03-12.14:03:42::SCWBDomain::arm-none-eabi-gcc  -O2 -c -MMD -MP       -mcpu=cortex-a9 -mfpu=vfpv3 -mfloat-abi=hard  -c qspi.c -o qspi.o -Izynq_fsbl_bsp/ps7_
TRACE::2025-03-12.14:03:42::SCWBDomain::cortexa9_0/include -I.

TRACE::2025-03-12.14:03:42::SCWBDomain::arm-none-eabi-gcc  -O2 -c -MMD -MP       -mcpu=cortex-a9 -mfpu=vfpv3 -mfloat-abi=hard  -c ps7_init.c -o ps7_init.o -Izynq_fsbl_
TRACE::2025-03-12.14:03:42::SCWBDomain::bsp/ps7_cortexa9_0/include -I.

TRACE::2025-03-12.14:03:42::SCWBDomain::arm-none-eabi-gcc  -O2 -c -MMD -MP       -mcpu=cortex-a9 -mfpu=vfpv3 -mfloat-abi=hard  -c pcap.c -o pcap.o -Izynq_fsbl_bsp/ps7_
TRACE::2025-03-12.14:03:42::SCWBDomain::cortexa9_0/include -I.

TRACE::2025-03-12.14:03:42::SCWBDomain::arm-none-eabi-gcc  -O2 -c -MMD -MP       -mcpu=cortex-a9 -mfpu=vfpv3 -mfloat-abi=hard  -c fsbl_handoff.S -o fsbl_handoff.o -Izy
TRACE::2025-03-12.14:03:42::SCWBDomain::nq_fsbl_bsp/ps7_cortexa9_0/include -I.

TRACE::2025-03-12.14:03:42::SCWBDomain::arm-none-eabi-gcc -o fsbl.elf fsbl_handoff.o fsbl_hooks.o image_mover.o main.o md5.o nand.o nor.o pcap.o ps7_init.o qspi.o rsa.
TRACE::2025-03-12.14:03:42::SCWBDomain::o sd.o -MMD -MP       -mcpu=cortex-a9 -mfpu=vfpv3 -mfloat-abi=hard   -mcpu=cortex-a9 -mfpu=vfpv3 -mfloat-abi=hard -Wl,-build-id
TRACE::2025-03-12.14:03:42::SCWBDomain::=none -specs=Xilinx.spec  -lrsa -Wl,--start-group,-lxil,-lgcc,-lc,--end-group -Wl,--start-group,-lxilffs,-lxil,-lgcc,-lc,--end-
TRACE::2025-03-12.14:03:42::SCWBDomain::group -Wl,--start-group,-lrsa,-lxil,-lgcc,-lc,--end-group                                     -Wl,--gc-sections -Lzynq_fsbl_bsp
TRACE::2025-03-12.14:03:42::SCWBDomain::/ps7_cortexa9_0/lib -L./ -Tlscript.ld

LOG::2025-03-12.14:03:43::SCWSystem::Checking the domain standalone_ps7_cortexa9_0
LOG::2025-03-12.14:03:43::SCWSystem::Not a boot domain 
LOG::2025-03-12.14:03:43::SCWSystem::Started Processing the domain standalone_ps7_cortexa9_0
TRACE::2025-03-12.14:03:43::SCWDomain::Generating domain artifcats
TRACE::2025-03-12.14:03:43::SCWMssOS::Generating standalone artifcats
TRACE::2025-03-12.14:03:43::SCWMssOS::Copying the qemu file from  C:/Users/Student/vitis_workspace/design_1_wrapper/resources/design_1_wrapper/standalone_ps7_cortexa9_0/qemu_args.txt To C:/Users/Student/vitis_workspace/design_1_wrapper/export/design_1_wrapper/sw/design_1_wrapper/qemu/
TRACE::2025-03-12.14:03:43::SCWMssOS::Copying the qemu file from  C:/Users/Student/vitis_workspace/design_1_wrapper/resources/design_1_wrapper/standalone_ps7_cortexa9_0/qemu_args.txt To C:/Users/Student/vitis_workspace/design_1_wrapper/export/design_1_wrapper/sw/design_1_wrapper/standalone_ps7_cortexa9_0/qemu/
TRACE::2025-03-12.14:03:43::SCWMssOS:: Copying the user libraries. 
TRACE::2025-03-12.14:03:43::SCWPlatform::Trying to open the hw design at C:/Users/Student/vitis_workspace/design_1_wrapper/hw/design_1_wrapper.xsa
TRACE::2025-03-12.14:03:43::SCWPlatform::DSA given C:/Users/Student/vitis_workspace/design_1_wrapper/hw/design_1_wrapper.xsa
TRACE::2025-03-12.14:03:43::SCWPlatform::DSA absoulate path C:/Users/Student/vitis_workspace/design_1_wrapper/hw/design_1_wrapper.xsa
TRACE::2025-03-12.14:03:43::SCWPlatform::DSA directory C:/Users/Student/vitis_workspace/design_1_wrapper/hw
TRACE::2025-03-12.14:03:43::SCWPlatform:: Platform Path C:/Users/Student/vitis_workspace/design_1_wrapper/hw/design_1_wrapper.xsa
TRACE::2025-03-12.14:03:43::SCWPlatform:: Unique name xilinx:zedboard::0.0
TRACE::2025-03-12.14:03:43::SCWPlatform::Trying to set the existing hwdb with name design_1_wrapper_0
TRACE::2025-03-12.14:03:43::SCWPlatform::Opened existing hwdb design_1_wrapper_0
TRACE::2025-03-12.14:03:43::SCWPlatform::Found the Hw Db part of the input DSA
TRACE::2025-03-12.14:03:43::SCWMssOS::Checking the sw design at  C:/Users/Student/vitis_workspace/design_1_wrapper/ps7_cortexa9_0/standalone_ps7_cortexa9_0/bsp/system.mss
TRACE::2025-03-12.14:03:43::SCWMssOS::DEBUG:  swdes dump  C:/Users/Student/vitis_workspace/design_1_wrapper/ps7_cortexa9_0/standalone_ps7_cortexa9_0/bsp/system.mss|system_0||
C:/Users/Student/vitis_workspace/design_1_wrapper/zynq_fsbl/zynq_fsbl_bsp/system.mss|system||

TRACE::2025-03-12.14:03:43::SCWMssOS::Sw design exists and opened at  C:/Users/Student/vitis_workspace/design_1_wrapper/ps7_cortexa9_0/standalone_ps7_cortexa9_0/bsp/system.mss
TRACE::2025-03-12.14:03:43::SCWMssOS::Completed writing the mss file at C:/Users/Student/vitis_workspace/design_1_wrapper/ps7_cortexa9_0/standalone_ps7_cortexa9_0/bsp
TRACE::2025-03-12.14:03:43::SCWMssOS::Mss edits present, copying mssfile into export location C:/Users/Student/vitis_workspace/design_1_wrapper/ps7_cortexa9_0/standalone_ps7_cortexa9_0/bsp/system.mss
TRACE::2025-03-12.14:03:43::SCWMssOS::bsp generated is upto date with the mss file. Skipping bsp generation.
TRACE::2025-03-12.14:03:43::SCWMssOS::BSP is already built. skipping the bsp build ... 
TRACE::2025-03-12.14:03:43::SCWDomain::Building the domain as part of full build :  standalone_ps7_cortexa9_0
TRACE::2025-03-12.14:03:43::SCWMssOS::doing bsp build ... 
TRACE::2025-03-12.14:03:43::SCWMssOS::System Command Ran  C: & cd  C:/Users/Student/vitis_workspace/design_1_wrapper/ps7_cortexa9_0/standalone_ps7_cortexa9_0/bsp & make 
TRACE::2025-03-12.14:03:43::SCWMssOS::make --no-print-directory seq_libs

TRACE::2025-03-12.14:03:43::SCWMssOS::"Running Make include in ps7_cortexa9_0/libsrc/coresightps_dcc_v1_9/src"

TRACE::2025-03-12.14:03:43::SCWMssOS::make -C ps7_cortexa9_0/libsrc/coresightps_dcc_v1_9/src -s include  "SHELL=CMD" "COMPILER=arm-none-eabi-gcc" "ASSEMBLER=arm-none
TRACE::2025-03-12.14:03:43::SCWMssOS::-eabi-as" "ARCHIVER=arm-none-eabi-ar" "COMPILER_FLAGS=  -O2 -c" "EXTRA_COMPILER_FLAGS=-mcpu=cortex-a9 -mfpu=vfpv3 -mfloat-abi=h
TRACE::2025-03-12.14:03:43::SCWMssOS::ard -nostartfiles -g -Wall -Wextra -fno-tree-loop-distribute-patterns"

TRACE::2025-03-12.14:03:43::SCWMssOS::"Running Make include in ps7_cortexa9_0/libsrc/cpu_cortexa9_v2_12/src"

TRACE::2025-03-12.14:03:43::SCWMssOS::make -C ps7_cortexa9_0/libsrc/cpu_cortexa9_v2_12/src -s include  "SHELL=CMD" "COMPILER=arm-none-eabi-gcc" "ASSEMBLER=arm-none-e
TRACE::2025-03-12.14:03:43::SCWMssOS::abi-as" "ARCHIVER=arm-none-eabi-ar" "COMPILER_FLAGS=  -O2 -c" "EXTRA_COMPILER_FLAGS=-mcpu=cortex-a9 -mfpu=vfpv3 -mfloat-abi=har
TRACE::2025-03-12.14:03:43::SCWMssOS::d -nostartfiles -g -Wall -Wextra -fno-tree-loop-distribute-patterns"

TRACE::2025-03-12.14:03:43::SCWMssOS::"Running Make include in ps7_cortexa9_0/libsrc/ddrps_v1_2/src"

TRACE::2025-03-12.14:03:43::SCWMssOS::make -C ps7_cortexa9_0/libsrc/ddrps_v1_2/src -s include  "SHELL=CMD" "COMPILER=arm-none-eabi-gcc" "ASSEMBLER=arm-none-eabi-as" 
TRACE::2025-03-12.14:03:43::SCWMssOS::"ARCHIVER=arm-none-eabi-ar" "COMPILER_FLAGS=  -O2 -c" "EXTRA_COMPILER_FLAGS=-mcpu=cortex-a9 -mfpu=vfpv3 -mfloat-abi=hard -nosta
TRACE::2025-03-12.14:03:43::SCWMssOS::rtfiles -g -Wall -Wextra -fno-tree-loop-distribute-patterns"

TRACE::2025-03-12.14:03:43::SCWMssOS::"Running Make include in ps7_cortexa9_0/libsrc/devcfg_v3_8/src"

TRACE::2025-03-12.14:03:43::SCWMssOS::make -C ps7_cortexa9_0/libsrc/devcfg_v3_8/src -s include  "SHELL=CMD" "COMPILER=arm-none-eabi-gcc" "ASSEMBLER=arm-none-eabi-as"
TRACE::2025-03-12.14:03:43::SCWMssOS:: "ARCHIVER=arm-none-eabi-ar" "COMPILER_FLAGS=  -O2 -c" "EXTRA_COMPILER_FLAGS=-mcpu=cortex-a9 -mfpu=vfpv3 -mfloat-abi=hard -nost
TRACE::2025-03-12.14:03:43::SCWMssOS::artfiles -g -Wall -Wextra -fno-tree-loop-distribute-patterns"

TRACE::2025-03-12.14:03:43::SCWMssOS::"Running Make include in ps7_cortexa9_0/libsrc/dmaps_v2_9/src"

TRACE::2025-03-12.14:03:43::SCWMssOS::make -C ps7_cortexa9_0/libsrc/dmaps_v2_9/src -s include  "SHELL=CMD" "COMPILER=arm-none-eabi-gcc" "ASSEMBLER=arm-none-eabi-as" 
TRACE::2025-03-12.14:03:43::SCWMssOS::"ARCHIVER=arm-none-eabi-ar" "COMPILER_FLAGS=  -O2 -c" "EXTRA_COMPILER_FLAGS=-mcpu=cortex-a9 -mfpu=vfpv3 -mfloat-abi=hard -nosta
TRACE::2025-03-12.14:03:43::SCWMssOS::rtfiles -g -Wall -Wextra -fno-tree-loop-distribute-patterns"

TRACE::2025-03-12.14:03:43::SCWMssOS::"Running Make include in ps7_cortexa9_0/libsrc/emacps_v3_19/src"

TRACE::2025-03-12.14:03:43::SCWMssOS::make -C ps7_cortexa9_0/libsrc/emacps_v3_19/src -s include  "SHELL=CMD" "COMPILER=arm-none-eabi-gcc" "ASSEMBLER=arm-none-eabi-as
TRACE::2025-03-12.14:03:43::SCWMssOS::" "ARCHIVER=arm-none-eabi-ar" "COMPILER_FLAGS=  -O2 -c" "EXTRA_COMPILER_FLAGS=-mcpu=cortex-a9 -mfpu=vfpv3 -mfloat-abi=hard -nos
TRACE::2025-03-12.14:03:43::SCWMssOS::tartfiles -g -Wall -Wextra -fno-tree-loop-distribute-patterns"

TRACE::2025-03-12.14:03:43::SCWMssOS::"Running Make include in ps7_cortexa9_0/libsrc/gpiops_v3_12/src"

TRACE::2025-03-12.14:03:43::SCWMssOS::make -C ps7_cortexa9_0/libsrc/gpiops_v3_12/src -s include  "SHELL=CMD" "COMPILER=arm-none-eabi-gcc" "ASSEMBLER=arm-none-eabi-as
TRACE::2025-03-12.14:03:43::SCWMssOS::" "ARCHIVER=arm-none-eabi-ar" "COMPILER_FLAGS=  -O2 -c" "EXTRA_COMPILER_FLAGS=-mcpu=cortex-a9 -mfpu=vfpv3 -mfloat-abi=hard -nos
TRACE::2025-03-12.14:03:43::SCWMssOS::tartfiles -g -Wall -Wextra -fno-tree-loop-distribute-patterns"

TRACE::2025-03-12.14:03:43::SCWMssOS::"Running Make include in ps7_cortexa9_0/libsrc/qspips_v3_11/src"

TRACE::2025-03-12.14:03:43::SCWMssOS::make -C ps7_cortexa9_0/libsrc/qspips_v3_11/src -s include  "SHELL=CMD" "COMPILER=arm-none-eabi-gcc" "ASSEMBLER=arm-none-eabi-as
TRACE::2025-03-12.14:03:43::SCWMssOS::" "ARCHIVER=arm-none-eabi-ar" "COMPILER_FLAGS=  -O2 -c" "EXTRA_COMPILER_FLAGS=-mcpu=cortex-a9 -mfpu=vfpv3 -mfloat-abi=hard -nos
TRACE::2025-03-12.14:03:43::SCWMssOS::tartfiles -g -Wall -Wextra -fno-tree-loop-distribute-patterns"

TRACE::2025-03-12.14:03:43::SCWMssOS::"Running Make include in ps7_cortexa9_0/libsrc/scugic_v5_2/src"

TRACE::2025-03-12.14:03:43::SCWMssOS::make -C ps7_cortexa9_0/libsrc/scugic_v5_2/src -s include  "SHELL=CMD" "COMPILER=arm-none-eabi-gcc" "ASSEMBLER=arm-none-eabi-as"
TRACE::2025-03-12.14:03:43::SCWMssOS:: "ARCHIVER=arm-none-eabi-ar" "COMPILER_FLAGS=  -O2 -c" "EXTRA_COMPILER_FLAGS=-mcpu=cortex-a9 -mfpu=vfpv3 -mfloat-abi=hard -nost
TRACE::2025-03-12.14:03:43::SCWMssOS::artfiles -g -Wall -Wextra -fno-tree-loop-distribute-patterns"

TRACE::2025-03-12.14:03:43::SCWMssOS::"Running Make include in ps7_cortexa9_0/libsrc/scutimer_v2_5/src"

TRACE::2025-03-12.14:03:43::SCWMssOS::make -C ps7_cortexa9_0/libsrc/scutimer_v2_5/src -s include  "SHELL=CMD" "COMPILER=arm-none-eabi-gcc" "ASSEMBLER=arm-none-eabi-a
TRACE::2025-03-12.14:03:43::SCWMssOS::s" "ARCHIVER=arm-none-eabi-ar" "COMPILER_FLAGS=  -O2 -c" "EXTRA_COMPILER_FLAGS=-mcpu=cortex-a9 -mfpu=vfpv3 -mfloat-abi=hard -no
TRACE::2025-03-12.14:03:43::SCWMssOS::startfiles -g -Wall -Wextra -fno-tree-loop-distribute-patterns"

TRACE::2025-03-12.14:03:43::SCWMssOS::"Running Make include in ps7_cortexa9_0/libsrc/scuwdt_v2_5/src"

TRACE::2025-03-12.14:03:43::SCWMssOS::make -C ps7_cortexa9_0/libsrc/scuwdt_v2_5/src -s include  "SHELL=CMD" "COMPILER=arm-none-eabi-gcc" "ASSEMBLER=arm-none-eabi-as"
TRACE::2025-03-12.14:03:43::SCWMssOS:: "ARCHIVER=arm-none-eabi-ar" "COMPILER_FLAGS=  -O2 -c" "EXTRA_COMPILER_FLAGS=-mcpu=cortex-a9 -mfpu=vfpv3 -mfloat-abi=hard -nost
TRACE::2025-03-12.14:03:43::SCWMssOS::artfiles -g -Wall -Wextra -fno-tree-loop-distribute-patterns"

TRACE::2025-03-12.14:03:43::SCWMssOS::"Running Make include in ps7_cortexa9_0/libsrc/sdps_v4_2/src"

TRACE::2025-03-12.14:03:43::SCWMssOS::make -C ps7_cortexa9_0/libsrc/sdps_v4_2/src -s include  "SHELL=CMD" "COMPILER=arm-none-eabi-gcc" "ASSEMBLER=arm-none-eabi-as" "
TRACE::2025-03-12.14:03:43::SCWMssOS::ARCHIVER=arm-none-eabi-ar" "COMPILER_FLAGS=  -O2 -c" "EXTRA_COMPILER_FLAGS=-mcpu=cortex-a9 -mfpu=vfpv3 -mfloat-abi=hard -nostar
TRACE::2025-03-12.14:03:43::SCWMssOS::tfiles -g -Wall -Wextra -fno-tree-loop-distribute-patterns"

TRACE::2025-03-12.14:03:44::SCWMssOS::"Running Make include in ps7_cortexa9_0/libsrc/ssd_ctrl_v1_0/src"

TRACE::2025-03-12.14:03:44::SCWMssOS::make -C ps7_cortexa9_0/libsrc/ssd_ctrl_v1_0/src -s include  "SHELL=CMD" "COMPILER=arm-none-eabi-gcc" "ASSEMBLER=arm-none-eabi-a
TRACE::2025-03-12.14:03:44::SCWMssOS::s" "ARCHIVER=arm-none-eabi-ar" "COMPILER_FLAGS=  -O2 -c" "EXTRA_COMPILER_FLAGS=-mcpu=cortex-a9 -mfpu=vfpv3 -mfloat-abi=hard -no
TRACE::2025-03-12.14:03:44::SCWMssOS::startfiles -g -Wall -Wextra -fno-tree-loop-distribute-patterns"

TRACE::2025-03-12.14:03:44::SCWMssOS::"Running Make include in ps7_cortexa9_0/libsrc/standalone_v9_0/src"

TRACE::2025-03-12.14:03:44::SCWMssOS::make -C ps7_cortexa9_0/libsrc/standalone_v9_0/src -s include  "SHELL=CMD" "COMPILER=arm-none-eabi-gcc" "ASSEMBLER=arm-none-eabi
TRACE::2025-03-12.14:03:44::SCWMssOS::-as" "ARCHIVER=arm-none-eabi-ar" "COMPILER_FLAGS=  -O2 -c" "EXTRA_COMPILER_FLAGS=-mcpu=cortex-a9 -mfpu=vfpv3 -mfloat-abi=hard -
TRACE::2025-03-12.14:03:44::SCWMssOS::nostartfiles -g -Wall -Wextra -fno-tree-loop-distribute-patterns"

TRACE::2025-03-12.14:03:44::SCWMssOS::"Running Make include in ps7_cortexa9_0/libsrc/ttcps_v3_18/src"

TRACE::2025-03-12.14:03:44::SCWMssOS::make -C ps7_cortexa9_0/libsrc/ttcps_v3_18/src -s include  "SHELL=CMD" "COMPILER=arm-none-eabi-gcc" "ASSEMBLER=arm-none-eabi-as"
TRACE::2025-03-12.14:03:44::SCWMssOS:: "ARCHIVER=arm-none-eabi-ar" "COMPILER_FLAGS=  -O2 -c" "EXTRA_COMPILER_FLAGS=-mcpu=cortex-a9 -mfpu=vfpv3 -mfloat-abi=hard -nost
TRACE::2025-03-12.14:03:44::SCWMssOS::artfiles -g -Wall -Wextra -fno-tree-loop-distribute-patterns"

TRACE::2025-03-12.14:03:44::SCWMssOS::"Running Make include in ps7_cortexa9_0/libsrc/uartps_v3_13/src"

TRACE::2025-03-12.14:03:44::SCWMssOS::make -C ps7_cortexa9_0/libsrc/uartps_v3_13/src -s include  "SHELL=CMD" "COMPILER=arm-none-eabi-gcc" "ASSEMBLER=arm-none-eabi-as
TRACE::2025-03-12.14:03:44::SCWMssOS::" "ARCHIVER=arm-none-eabi-ar" "COMPILER_FLAGS=  -O2 -c" "EXTRA_COMPILER_FLAGS=-mcpu=cortex-a9 -mfpu=vfpv3 -mfloat-abi=hard -nos
TRACE::2025-03-12.14:03:44::SCWMssOS::tartfiles -g -Wall -Wextra -fno-tree-loop-distribute-patterns"

TRACE::2025-03-12.14:03:44::SCWMssOS::"Running Make include in ps7_cortexa9_0/libsrc/usbps_v2_8/src"

TRACE::2025-03-12.14:03:44::SCWMssOS::make -C ps7_cortexa9_0/libsrc/usbps_v2_8/src -s include  "SHELL=CMD" "COMPILER=arm-none-eabi-gcc" "ASSEMBLER=arm-none-eabi-as" 
TRACE::2025-03-12.14:03:44::SCWMssOS::"ARCHIVER=arm-none-eabi-ar" "COMPILER_FLAGS=  -O2 -c" "EXTRA_COMPILER_FLAGS=-mcpu=cortex-a9 -mfpu=vfpv3 -mfloat-abi=hard -nosta
TRACE::2025-03-12.14:03:44::SCWMssOS::rtfiles -g -Wall -Wextra -fno-tree-loop-distribute-patterns"

TRACE::2025-03-12.14:03:44::SCWMssOS::"Running Make include in ps7_cortexa9_0/libsrc/xadcps_v2_7/src"

TRACE::2025-03-12.14:03:44::SCWMssOS::make -C ps7_cortexa9_0/libsrc/xadcps_v2_7/src -s include  "SHELL=CMD" "COMPILER=arm-none-eabi-gcc" "ASSEMBLER=arm-none-eabi-as"
TRACE::2025-03-12.14:03:44::SCWMssOS:: "ARCHIVER=arm-none-eabi-ar" "COMPILER_FLAGS=  -O2 -c" "EXTRA_COMPILER_FLAGS=-mcpu=cortex-a9 -mfpu=vfpv3 -mfloat-abi=hard -nost
TRACE::2025-03-12.14:03:44::SCWMssOS::artfiles -g -Wall -Wextra -fno-tree-loop-distribute-patterns"

TRACE::2025-03-12.14:03:44::SCWMssOS::"Running Make libs in ps7_cortexa9_0/libsrc/ssd_ctrl_v1_0/src"

TRACE::2025-03-12.14:03:44::SCWMssOS::make -C ps7_cortexa9_0/libsrc/ssd_ctrl_v1_0/src -s libs  "SHELL=CMD" "COMPILER=arm-none-eabi-gcc" "ASSEMBLER=arm-none-eabi-as" 
TRACE::2025-03-12.14:03:44::SCWMssOS::"ARCHIVER=arm-none-eabi-ar" "COMPILER_FLAGS=  -O2 -c" "EXTRA_COMPILER_FLAGS=-mcpu=cortex-a9 -mfpu=vfpv3 -mfloat-abi=hard -nosta
TRACE::2025-03-12.14:03:44::SCWMssOS::rtfiles -g -Wall -Wextra -fno-tree-loop-distribute-patterns"

TRACE::2025-03-12.14:03:44::SCWMssOS::"Compiling ssd_ctrl..."

TRACE::2025-03-12.14:03:44::SCWMssOS::'Finished building libraries sequentially.'

TRACE::2025-03-12.14:03:44::SCWMssOS::make -j 22 --no-print-directory par_libs

TRACE::2025-03-12.14:03:44::SCWMssOS::"Running Make include in ps7_cortexa9_0/libsrc/coresightps_dcc_v1_9/src"

TRACE::2025-03-12.14:03:44::SCWMssOS::make -C ps7_cortexa9_0/libsrc/coresightps_dcc_v1_9/src -s include  "SHELL=CMD" "COMPILER=arm-none-eabi-gcc" "ASSEMBLER=arm-none
TRACE::2025-03-12.14:03:44::SCWMssOS::-eabi-as" "ARCHIVER=arm-none-eabi-ar" "COMPILER_FLAGS=  -O2 -c" "EXTRA_COMPILER_FLAGS=-mcpu=cortex-a9 -mfpu=vfpv3 -mfloat-abi=h
TRACE::2025-03-12.14:03:44::SCWMssOS::ard -nostartfiles -g -Wall -Wextra -fno-tree-loop-distribute-patterns"

TRACE::2025-03-12.14:03:44::SCWMssOS::"Running Make include in ps7_cortexa9_0/libsrc/cpu_cortexa9_v2_12/src"

TRACE::2025-03-12.14:03:44::SCWMssOS::make -C ps7_cortexa9_0/libsrc/cpu_cortexa9_v2_12/src -s include  "SHELL=CMD" "COMPILER=arm-none-eabi-gcc" "ASSEMBLER=arm-none-e
TRACE::2025-03-12.14:03:44::SCWMssOS::abi-as" "ARCHIVER=arm-none-eabi-ar" "COMPILER_FLAGS=  -O2 -c" "EXTRA_COMPILER_FLAGS=-mcpu=cortex-a9 -mfpu=vfpv3 -mfloat-abi=har
TRACE::2025-03-12.14:03:44::SCWMssOS::d -nostartfiles -g -Wall -Wextra -fno-tree-loop-distribute-patterns"

TRACE::2025-03-12.14:03:44::SCWMssOS::"Running Make include in ps7_cortexa9_0/libsrc/ddrps_v1_2/src"

TRACE::2025-03-12.14:03:44::SCWMssOS::make -C ps7_cortexa9_0/libsrc/ddrps_v1_2/src -s include  "SHELL=CMD" "COMPILER=arm-none-eabi-gcc" "ASSEMBLER=arm-none-eabi-as" 
TRACE::2025-03-12.14:03:44::SCWMssOS::"ARCHIVER=arm-none-eabi-ar" "COMPILER_FLAGS=  -O2 -c" "EXTRA_COMPILER_FLAGS=-mcpu=cortex-a9 -mfpu=vfpv3 -mfloat-abi=hard -nosta
TRACE::2025-03-12.14:03:44::SCWMssOS::rtfiles -g -Wall -Wextra -fno-tree-loop-distribute-patterns"

TRACE::2025-03-12.14:03:44::SCWMssOS::"Running Make include in ps7_cortexa9_0/libsrc/devcfg_v3_8/src"

TRACE::2025-03-12.14:03:44::SCWMssOS::make -C ps7_cortexa9_0/libsrc/devcfg_v3_8/src -s include  "SHELL=CMD" "COMPILER=arm-none-eabi-gcc" "ASSEMBLER=arm-none-eabi-as"
TRACE::2025-03-12.14:03:44::SCWMssOS:: "ARCHIVER=arm-none-eabi-ar" "COMPILER_FLAGS=  -O2 -c" "EXTRA_COMPILER_FLAGS=-mcpu=cortex-a9 -mfpu=vfpv3 -mfloat-abi=hard -nost
TRACE::2025-03-12.14:03:44::SCWMssOS::artfiles -g -Wall -Wextra -fno-tree-loop-distribute-patterns"

TRACE::2025-03-12.14:03:44::SCWMssOS::"Running Make include in ps7_cortexa9_0/libsrc/dmaps_v2_9/src"

TRACE::2025-03-12.14:03:44::SCWMssOS::make -C ps7_cortexa9_0/libsrc/dmaps_v2_9/src -s include  "SHELL=CMD" "COMPILER=arm-none-eabi-gcc" "ASSEMBLER=arm-none-eabi-as" 
TRACE::2025-03-12.14:03:44::SCWMssOS::"ARCHIVER=arm-none-eabi-ar" "COMPILER_FLAGS=  -O2 -c" "EXTRA_COMPILER_FLAGS=-mcpu=cortex-a9 -mfpu=vfpv3 -mfloat-abi=hard -nosta
TRACE::2025-03-12.14:03:44::SCWMssOS::rtfiles -g -Wall -Wextra -fno-tree-loop-distribute-patterns"

TRACE::2025-03-12.14:03:44::SCWMssOS::"Running Make include in ps7_cortexa9_0/libsrc/emacps_v3_19/src"

TRACE::2025-03-12.14:03:44::SCWMssOS::make -C ps7_cortexa9_0/libsrc/emacps_v3_19/src -s include  "SHELL=CMD" "COMPILER=arm-none-eabi-gcc" "ASSEMBLER=arm-none-eabi-as
TRACE::2025-03-12.14:03:44::SCWMssOS::" "ARCHIVER=arm-none-eabi-ar" "COMPILER_FLAGS=  -O2 -c" "EXTRA_COMPILER_FLAGS=-mcpu=cortex-a9 -mfpu=vfpv3 -mfloat-abi=hard -nos
TRACE::2025-03-12.14:03:44::SCWMssOS::tartfiles -g -Wall -Wextra -fno-tree-loop-distribute-patterns"

TRACE::2025-03-12.14:03:44::SCWMssOS::"Running Make include in ps7_cortexa9_0/libsrc/gpiops_v3_12/src"

TRACE::2025-03-12.14:03:44::SCWMssOS::make -C ps7_cortexa9_0/libsrc/gpiops_v3_12/src -s include  "SHELL=CMD" "COMPILER=arm-none-eabi-gcc" "ASSEMBLER=arm-none-eabi-as
TRACE::2025-03-12.14:03:44::SCWMssOS::" "ARCHIVER=arm-none-eabi-ar" "COMPILER_FLAGS=  -O2 -c" "EXTRA_COMPILER_FLAGS=-mcpu=cortex-a9 -mfpu=vfpv3 -mfloat-abi=hard -nos
TRACE::2025-03-12.14:03:44::SCWMssOS::tartfiles -g -Wall -Wextra -fno-tree-loop-distribute-patterns"

TRACE::2025-03-12.14:03:44::SCWMssOS::"Running Make include in ps7_cortexa9_0/libsrc/qspips_v3_11/src"

TRACE::2025-03-12.14:03:44::SCWMssOS::make -C ps7_cortexa9_0/libsrc/qspips_v3_11/src -s include  "SHELL=CMD" "COMPILER=arm-none-eabi-gcc" "ASSEMBLER=arm-none-eabi-as
TRACE::2025-03-12.14:03:44::SCWMssOS::" "ARCHIVER=arm-none-eabi-ar" "COMPILER_FLAGS=  -O2 -c" "EXTRA_COMPILER_FLAGS=-mcpu=cortex-a9 -mfpu=vfpv3 -mfloat-abi=hard -nos
TRACE::2025-03-12.14:03:44::SCWMssOS::tartfiles -g -Wall -Wextra -fno-tree-loop-distribute-patterns"

TRACE::2025-03-12.14:03:44::SCWMssOS::"Running Make include in ps7_cortexa9_0/libsrc/scugic_v5_2/src"

TRACE::2025-03-12.14:03:44::SCWMssOS::make -C ps7_cortexa9_0/libsrc/scugic_v5_2/src -s include  "SHELL=CMD" "COMPILER=arm-none-eabi-gcc" "ASSEMBLER=arm-none-eabi-as"
TRACE::2025-03-12.14:03:44::SCWMssOS:: "ARCHIVER=arm-none-eabi-ar" "COMPILER_FLAGS=  -O2 -c" "EXTRA_COMPILER_FLAGS=-mcpu=cortex-a9 -mfpu=vfpv3 -mfloat-abi=hard -nost
TRACE::2025-03-12.14:03:44::SCWMssOS::artfiles -g -Wall -Wextra -fno-tree-loop-distribute-patterns"

TRACE::2025-03-12.14:03:44::SCWMssOS::"Running Make include in ps7_cortexa9_0/libsrc/scutimer_v2_5/src"

TRACE::2025-03-12.14:03:44::SCWMssOS::make -C ps7_cortexa9_0/libsrc/scutimer_v2_5/src -s include  "SHELL=CMD" "COMPILER=arm-none-eabi-gcc" "ASSEMBLER=arm-none-eabi-a
TRACE::2025-03-12.14:03:44::SCWMssOS::s" "ARCHIVER=arm-none-eabi-ar" "COMPILER_FLAGS=  -O2 -c" "EXTRA_COMPILER_FLAGS=-mcpu=cortex-a9 -mfpu=vfpv3 -mfloat-abi=hard -no
TRACE::2025-03-12.14:03:44::SCWMssOS::startfiles -g -Wall -Wextra -fno-tree-loop-distribute-patterns"

TRACE::2025-03-12.14:03:44::SCWMssOS::"Running Make include in ps7_cortexa9_0/libsrc/scuwdt_v2_5/src"

TRACE::2025-03-12.14:03:44::SCWMssOS::make -C ps7_cortexa9_0/libsrc/scuwdt_v2_5/src -s include  "SHELL=CMD" "COMPILER=arm-none-eabi-gcc" "ASSEMBLER=arm-none-eabi-as"
TRACE::2025-03-12.14:03:44::SCWMssOS:: "ARCHIVER=arm-none-eabi-ar" "COMPILER_FLAGS=  -O2 -c" "EXTRA_COMPILER_FLAGS=-mcpu=cortex-a9 -mfpu=vfpv3 -mfloat-abi=hard -nost
TRACE::2025-03-12.14:03:44::SCWMssOS::artfiles -g -Wall -Wextra -fno-tree-loop-distribute-patterns"

TRACE::2025-03-12.14:03:44::SCWMssOS::"Running Make include in ps7_cortexa9_0/libsrc/sdps_v4_2/src"

TRACE::2025-03-12.14:03:44::SCWMssOS::make -C ps7_cortexa9_0/libsrc/sdps_v4_2/src -s include  "SHELL=CMD" "COMPILER=arm-none-eabi-gcc" "ASSEMBLER=arm-none-eabi-as" "
TRACE::2025-03-12.14:03:44::SCWMssOS::ARCHIVER=arm-none-eabi-ar" "COMPILER_FLAGS=  -O2 -c" "EXTRA_COMPILER_FLAGS=-mcpu=cortex-a9 -mfpu=vfpv3 -mfloat-abi=hard -nostar
TRACE::2025-03-12.14:03:44::SCWMssOS::tfiles -g -Wall -Wextra -fno-tree-loop-distribute-patterns"

TRACE::2025-03-12.14:03:44::SCWMssOS::"Running Make include in ps7_cortexa9_0/libsrc/ssd_ctrl_v1_0/src"

TRACE::2025-03-12.14:03:44::SCWMssOS::make -C ps7_cortexa9_0/libsrc/ssd_ctrl_v1_0/src -s include  "SHELL=CMD" "COMPILER=arm-none-eabi-gcc" "ASSEMBLER=arm-none-eabi-a
TRACE::2025-03-12.14:03:44::SCWMssOS::s" "ARCHIVER=arm-none-eabi-ar" "COMPILER_FLAGS=  -O2 -c" "EXTRA_COMPILER_FLAGS=-mcpu=cortex-a9 -mfpu=vfpv3 -mfloat-abi=hard -no
TRACE::2025-03-12.14:03:44::SCWMssOS::startfiles -g -Wall -Wextra -fno-tree-loop-distribute-patterns"

TRACE::2025-03-12.14:03:44::SCWMssOS::"Running Make include in ps7_cortexa9_0/libsrc/standalone_v9_0/src"

TRACE::2025-03-12.14:03:44::SCWMssOS::make -C ps7_cortexa9_0/libsrc/standalone_v9_0/src -s include  "SHELL=CMD" "COMPILER=arm-none-eabi-gcc" "ASSEMBLER=arm-none-eabi
TRACE::2025-03-12.14:03:44::SCWMssOS::-as" "ARCHIVER=arm-none-eabi-ar" "COMPILER_FLAGS=  -O2 -c" "EXTRA_COMPILER_FLAGS=-mcpu=cortex-a9 -mfpu=vfpv3 -mfloat-abi=hard -
TRACE::2025-03-12.14:03:44::SCWMssOS::nostartfiles -g -Wall -Wextra -fno-tree-loop-distribute-patterns"

TRACE::2025-03-12.14:03:44::SCWMssOS::"Running Make include in ps7_cortexa9_0/libsrc/ttcps_v3_18/src"

TRACE::2025-03-12.14:03:45::SCWMssOS::make -C ps7_cortexa9_0/libsrc/ttcps_v3_18/src -s include  "SHELL=CMD" "COMPILER=arm-none-eabi-gcc" "ASSEMBLER=arm-none-eabi-as"
TRACE::2025-03-12.14:03:45::SCWMssOS:: "ARCHIVER=arm-none-eabi-ar" "COMPILER_FLAGS=  -O2 -c" "EXTRA_COMPILER_FLAGS=-mcpu=cortex-a9 -mfpu=vfpv3 -mfloat-abi=hard -nost
TRACE::2025-03-12.14:03:45::SCWMssOS::artfiles -g -Wall -Wextra -fno-tree-loop-distribute-patterns"

TRACE::2025-03-12.14:03:45::SCWMssOS::"Running Make include in ps7_cortexa9_0/libsrc/uartps_v3_13/src"

TRACE::2025-03-12.14:03:45::SCWMssOS::make -C ps7_cortexa9_0/libsrc/uartps_v3_13/src -s include  "SHELL=CMD" "COMPILER=arm-none-eabi-gcc" "ASSEMBLER=arm-none-eabi-as
TRACE::2025-03-12.14:03:45::SCWMssOS::" "ARCHIVER=arm-none-eabi-ar" "COMPILER_FLAGS=  -O2 -c" "EXTRA_COMPILER_FLAGS=-mcpu=cortex-a9 -mfpu=vfpv3 -mfloat-abi=hard -nos
TRACE::2025-03-12.14:03:45::SCWMssOS::tartfiles -g -Wall -Wextra -fno-tree-loop-distribute-patterns"

TRACE::2025-03-12.14:03:45::SCWMssOS::"Running Make include in ps7_cortexa9_0/libsrc/usbps_v2_8/src"

TRACE::2025-03-12.14:03:45::SCWMssOS::make -C ps7_cortexa9_0/libsrc/usbps_v2_8/src -s include  "SHELL=CMD" "COMPILER=arm-none-eabi-gcc" "ASSEMBLER=arm-none-eabi-as" 
TRACE::2025-03-12.14:03:45::SCWMssOS::"ARCHIVER=arm-none-eabi-ar" "COMPILER_FLAGS=  -O2 -c" "EXTRA_COMPILER_FLAGS=-mcpu=cortex-a9 -mfpu=vfpv3 -mfloat-abi=hard -nosta
TRACE::2025-03-12.14:03:45::SCWMssOS::rtfiles -g -Wall -Wextra -fno-tree-loop-distribute-patterns"

TRACE::2025-03-12.14:03:45::SCWMssOS::"Running Make include in ps7_cortexa9_0/libsrc/xadcps_v2_7/src"

TRACE::2025-03-12.14:03:45::SCWMssOS::make -C ps7_cortexa9_0/libsrc/xadcps_v2_7/src -s include  "SHELL=CMD" "COMPILER=arm-none-eabi-gcc" "ASSEMBLER=arm-none-eabi-as"
TRACE::2025-03-12.14:03:45::SCWMssOS:: "ARCHIVER=arm-none-eabi-ar" "COMPILER_FLAGS=  -O2 -c" "EXTRA_COMPILER_FLAGS=-mcpu=cortex-a9 -mfpu=vfpv3 -mfloat-abi=hard -nost
TRACE::2025-03-12.14:03:45::SCWMssOS::artfiles -g -Wall -Wextra -fno-tree-loop-distribute-patterns"

TRACE::2025-03-12.14:03:45::SCWMssOS::"Running Make libs in ps7_cortexa9_0/libsrc/coresightps_dcc_v1_9/src"

TRACE::2025-03-12.14:03:45::SCWMssOS::make -C ps7_cortexa9_0/libsrc/coresightps_dcc_v1_9/src -s libs  "SHELL=CMD" "COMPILER=arm-none-eabi-gcc" "ASSEMBLER=arm-none-ea
TRACE::2025-03-12.14:03:45::SCWMssOS::bi-as" "ARCHIVER=arm-none-eabi-ar" "COMPILER_FLAGS=  -O2 -c" "EXTRA_COMPILER_FLAGS=-mcpu=cortex-a9 -mfpu=vfpv3 -mfloat-abi=hard
TRACE::2025-03-12.14:03:45::SCWMssOS:: -nostartfiles -g -Wall -Wextra -fno-tree-loop-distribute-patterns"

TRACE::2025-03-12.14:03:45::SCWMssOS::"Running Make libs in ps7_cortexa9_0/libsrc/cpu_cortexa9_v2_12/src"

TRACE::2025-03-12.14:03:45::SCWMssOS::make -C ps7_cortexa9_0/libsrc/cpu_cortexa9_v2_12/src -s libs  "SHELL=CMD" "COMPILER=arm-none-eabi-gcc" "ASSEMBLER=arm-none-eabi
TRACE::2025-03-12.14:03:45::SCWMssOS::-as" "ARCHIVER=arm-none-eabi-ar" "COMPILER_FLAGS=  -O2 -c" "EXTRA_COMPILER_FLAGS=-mcpu=cortex-a9 -mfpu=vfpv3 -mfloat-abi=hard -
TRACE::2025-03-12.14:03:45::SCWMssOS::nostartfiles -g -Wall -Wextra -fno-tree-loop-distribute-patterns"

TRACE::2025-03-12.14:03:45::SCWMssOS::"Running Make libs in ps7_cortexa9_0/libsrc/ddrps_v1_2/src"

TRACE::2025-03-12.14:03:45::SCWMssOS::make -C ps7_cortexa9_0/libsrc/ddrps_v1_2/src -s libs  "SHELL=CMD" "COMPILER=arm-none-eabi-gcc" "ASSEMBLER=arm-none-eabi-as" "AR
TRACE::2025-03-12.14:03:45::SCWMssOS::CHIVER=arm-none-eabi-ar" "COMPILER_FLAGS=  -O2 -c" "EXTRA_COMPILER_FLAGS=-mcpu=cortex-a9 -mfpu=vfpv3 -mfloat-abi=hard -nostartf
TRACE::2025-03-12.14:03:45::SCWMssOS::iles -g -Wall -Wextra -fno-tree-loop-distribute-patterns"

TRACE::2025-03-12.14:03:45::SCWMssOS::"Running Make libs in ps7_cortexa9_0/libsrc/devcfg_v3_8/src"

TRACE::2025-03-12.14:03:45::SCWMssOS::make -C ps7_cortexa9_0/libsrc/devcfg_v3_8/src -s libs  "SHELL=CMD" "COMPILER=arm-none-eabi-gcc" "ASSEMBLER=arm-none-eabi-as" "A
TRACE::2025-03-12.14:03:45::SCWMssOS::RCHIVER=arm-none-eabi-ar" "COMPILER_FLAGS=  -O2 -c" "EXTRA_COMPILER_FLAGS=-mcpu=cortex-a9 -mfpu=vfpv3 -mfloat-abi=hard -nostart
TRACE::2025-03-12.14:03:45::SCWMssOS::files -g -Wall -Wextra -fno-tree-loop-distribute-patterns"

TRACE::2025-03-12.14:03:45::SCWMssOS::"Running Make libs in ps7_cortexa9_0/libsrc/dmaps_v2_9/src"

TRACE::2025-03-12.14:03:45::SCWMssOS::make -C ps7_cortexa9_0/libsrc/dmaps_v2_9/src -s libs  "SHELL=CMD" "COMPILER=arm-none-eabi-gcc" "ASSEMBLER=arm-none-eabi-as" "AR
TRACE::2025-03-12.14:03:45::SCWMssOS::CHIVER=arm-none-eabi-ar" "COMPILER_FLAGS=  -O2 -c" "EXTRA_COMPILER_FLAGS=-mcpu=cortex-a9 -mfpu=vfpv3 -mfloat-abi=hard -nostartf
TRACE::2025-03-12.14:03:45::SCWMssOS::iles -g -Wall -Wextra -fno-tree-loop-distribute-patterns"

TRACE::2025-03-12.14:03:45::SCWMssOS::"Running Make libs in ps7_cortexa9_0/libsrc/emacps_v3_19/src"

TRACE::2025-03-12.14:03:45::SCWMssOS::make -C ps7_cortexa9_0/libsrc/emacps_v3_19/src -s libs  "SHELL=CMD" "COMPILER=arm-none-eabi-gcc" "ASSEMBLER=arm-none-eabi-as" "
TRACE::2025-03-12.14:03:45::SCWMssOS::ARCHIVER=arm-none-eabi-ar" "COMPILER_FLAGS=  -O2 -c" "EXTRA_COMPILER_FLAGS=-mcpu=cortex-a9 -mfpu=vfpv3 -mfloat-abi=hard -nostar
TRACE::2025-03-12.14:03:45::SCWMssOS::tfiles -g -Wall -Wextra -fno-tree-loop-distribute-patterns"

TRACE::2025-03-12.14:03:45::SCWMssOS::"Running Make libs in ps7_cortexa9_0/libsrc/gpiops_v3_12/src"

TRACE::2025-03-12.14:03:45::SCWMssOS::make -C ps7_cortexa9_0/libsrc/gpiops_v3_12/src -s libs  "SHELL=CMD" "COMPILER=arm-none-eabi-gcc" "ASSEMBLER=arm-none-eabi-as" "
TRACE::2025-03-12.14:03:45::SCWMssOS::ARCHIVER=arm-none-eabi-ar" "COMPILER_FLAGS=  -O2 -c" "EXTRA_COMPILER_FLAGS=-mcpu=cortex-a9 -mfpu=vfpv3 -mfloat-abi=hard -nostar
TRACE::2025-03-12.14:03:45::SCWMssOS::tfiles -g -Wall -Wextra -fno-tree-loop-distribute-patterns"

TRACE::2025-03-12.14:03:45::SCWMssOS::"Running Make libs in ps7_cortexa9_0/libsrc/qspips_v3_11/src"

TRACE::2025-03-12.14:03:45::SCWMssOS::make -C ps7_cortexa9_0/libsrc/qspips_v3_11/src -s libs  "SHELL=CMD" "COMPILER=arm-none-eabi-gcc" "ASSEMBLER=arm-none-eabi-as" "
TRACE::2025-03-12.14:03:45::SCWMssOS::ARCHIVER=arm-none-eabi-ar" "COMPILER_FLAGS=  -O2 -c" "EXTRA_COMPILER_FLAGS=-mcpu=cortex-a9 -mfpu=vfpv3 -mfloat-abi=hard -nostar
TRACE::2025-03-12.14:03:45::SCWMssOS::tfiles -g -Wall -Wextra -fno-tree-loop-distribute-patterns"

TRACE::2025-03-12.14:03:45::SCWMssOS::"Running Make libs in ps7_cortexa9_0/libsrc/scugic_v5_2/src"

TRACE::2025-03-12.14:03:45::SCWMssOS::make -C ps7_cortexa9_0/libsrc/scugic_v5_2/src -s libs  "SHELL=CMD" "COMPILER=arm-none-eabi-gcc" "ASSEMBLER=arm-none-eabi-as" "A
TRACE::2025-03-12.14:03:45::SCWMssOS::RCHIVER=arm-none-eabi-ar" "COMPILER_FLAGS=  -O2 -c" "EXTRA_COMPILER_FLAGS=-mcpu=cortex-a9 -mfpu=vfpv3 -mfloat-abi=hard -nostart
TRACE::2025-03-12.14:03:45::SCWMssOS::files -g -Wall -Wextra -fno-tree-loop-distribute-patterns"

TRACE::2025-03-12.14:03:45::SCWMssOS::"Running Make libs in ps7_cortexa9_0/libsrc/scutimer_v2_5/src"

TRACE::2025-03-12.14:03:45::SCWMssOS::make -C ps7_cortexa9_0/libsrc/scutimer_v2_5/src -s libs  "SHELL=CMD" "COMPILER=arm-none-eabi-gcc" "ASSEMBLER=arm-none-eabi-as" 
TRACE::2025-03-12.14:03:45::SCWMssOS::"ARCHIVER=arm-none-eabi-ar" "COMPILER_FLAGS=  -O2 -c" "EXTRA_COMPILER_FLAGS=-mcpu=cortex-a9 -mfpu=vfpv3 -mfloat-abi=hard -nosta
TRACE::2025-03-12.14:03:45::SCWMssOS::rtfiles -g -Wall -Wextra -fno-tree-loop-distribute-patterns"

TRACE::2025-03-12.14:03:45::SCWMssOS::"Running Make libs in ps7_cortexa9_0/libsrc/scuwdt_v2_5/src"

TRACE::2025-03-12.14:03:45::SCWMssOS::make -C ps7_cortexa9_0/libsrc/scuwdt_v2_5/src -s libs  "SHELL=CMD" "COMPILER=arm-none-eabi-gcc" "ASSEMBLER=arm-none-eabi-as" "A
TRACE::2025-03-12.14:03:45::SCWMssOS::RCHIVER=arm-none-eabi-ar" "COMPILER_FLAGS=  -O2 -c" "EXTRA_COMPILER_FLAGS=-mcpu=cortex-a9 -mfpu=vfpv3 -mfloat-abi=hard -nostart
TRACE::2025-03-12.14:03:45::SCWMssOS::files -g -Wall -Wextra -fno-tree-loop-distribute-patterns"

TRACE::2025-03-12.14:03:45::SCWMssOS::"Running Make libs in ps7_cortexa9_0/libsrc/sdps_v4_2/src"

TRACE::2025-03-12.14:03:45::SCWMssOS::make -C ps7_cortexa9_0/libsrc/sdps_v4_2/src -s libs  "SHELL=CMD" "COMPILER=arm-none-eabi-gcc" "ASSEMBLER=arm-none-eabi-as" "ARC
TRACE::2025-03-12.14:03:45::SCWMssOS::HIVER=arm-none-eabi-ar" "COMPILER_FLAGS=  -O2 -c" "EXTRA_COMPILER_FLAGS=-mcpu=cortex-a9 -mfpu=vfpv3 -mfloat-abi=hard -nostartfi
TRACE::2025-03-12.14:03:45::SCWMssOS::les -g -Wall -Wextra -fno-tree-loop-distribute-patterns"

TRACE::2025-03-12.14:03:45::SCWMssOS::"Running Make libs in ps7_cortexa9_0/libsrc/standalone_v9_0/src"

TRACE::2025-03-12.14:03:45::SCWMssOS::make -C ps7_cortexa9_0/libsrc/standalone_v9_0/src -s libs  "SHELL=CMD" "COMPILER=arm-none-eabi-gcc" "ASSEMBLER=arm-none-eabi-as
TRACE::2025-03-12.14:03:45::SCWMssOS::" "ARCHIVER=arm-none-eabi-ar" "COMPILER_FLAGS=  -O2 -c" "EXTRA_COMPILER_FLAGS=-mcpu=cortex-a9 -mfpu=vfpv3 -mfloat-abi=hard -nos
TRACE::2025-03-12.14:03:45::SCWMssOS::tartfiles -g -Wall -Wextra -fno-tree-loop-distribute-patterns"

TRACE::2025-03-12.14:03:45::SCWMssOS::"Running Make libs in ps7_cortexa9_0/libsrc/ttcps_v3_18/src"

TRACE::2025-03-12.14:03:45::SCWMssOS::make -C ps7_cortexa9_0/libsrc/ttcps_v3_18/src -s libs  "SHELL=CMD" "COMPILER=arm-none-eabi-gcc" "ASSEMBLER=arm-none-eabi-as" "A
TRACE::2025-03-12.14:03:45::SCWMssOS::RCHIVER=arm-none-eabi-ar" "COMPILER_FLAGS=  -O2 -c" "EXTRA_COMPILER_FLAGS=-mcpu=cortex-a9 -mfpu=vfpv3 -mfloat-abi=hard -nostart
TRACE::2025-03-12.14:03:45::SCWMssOS::files -g -Wall -Wextra -fno-tree-loop-distribute-patterns"

TRACE::2025-03-12.14:03:45::SCWMssOS::"Running Make libs in ps7_cortexa9_0/libsrc/uartps_v3_13/src"

TRACE::2025-03-12.14:03:45::SCWMssOS::make -C ps7_cortexa9_0/libsrc/uartps_v3_13/src -s libs  "SHELL=CMD" "COMPILER=arm-none-eabi-gcc" "ASSEMBLER=arm-none-eabi-as" "
TRACE::2025-03-12.14:03:45::SCWMssOS::ARCHIVER=arm-none-eabi-ar" "COMPILER_FLAGS=  -O2 -c" "EXTRA_COMPILER_FLAGS=-mcpu=cortex-a9 -mfpu=vfpv3 -mfloat-abi=hard -nostar
TRACE::2025-03-12.14:03:45::SCWMssOS::tfiles -g -Wall -Wextra -fno-tree-loop-distribute-patterns"

TRACE::2025-03-12.14:03:45::SCWMssOS::"Running Make libs in ps7_cortexa9_0/libsrc/usbps_v2_8/src"

TRACE::2025-03-12.14:03:45::SCWMssOS::make -C ps7_cortexa9_0/libsrc/usbps_v2_8/src -s libs  "SHELL=CMD" "COMPILER=arm-none-eabi-gcc" "ASSEMBLER=arm-none-eabi-as" "AR
TRACE::2025-03-12.14:03:45::SCWMssOS::CHIVER=arm-none-eabi-ar" "COMPILER_FLAGS=  -O2 -c" "EXTRA_COMPILER_FLAGS=-mcpu=cortex-a9 -mfpu=vfpv3 -mfloat-abi=hard -nostartf
TRACE::2025-03-12.14:03:45::SCWMssOS::iles -g -Wall -Wextra -fno-tree-loop-distribute-patterns"

TRACE::2025-03-12.14:03:45::SCWMssOS::"Running Make libs in ps7_cortexa9_0/libsrc/xadcps_v2_7/src"

TRACE::2025-03-12.14:03:45::SCWMssOS::make -C ps7_cortexa9_0/libsrc/xadcps_v2_7/src -s libs  "SHELL=CMD" "COMPILER=arm-none-eabi-gcc" "ASSEMBLER=arm-none-eabi-as" "A
TRACE::2025-03-12.14:03:45::SCWMssOS::RCHIVER=arm-none-eabi-ar" "COMPILER_FLAGS=  -O2 -c" "EXTRA_COMPILER_FLAGS=-mcpu=cortex-a9 -mfpu=vfpv3 -mfloat-abi=hard -nostart
TRACE::2025-03-12.14:03:45::SCWMssOS::files -g -Wall -Wextra -fno-tree-loop-distribute-patterns"

TRACE::2025-03-12.14:03:46::SCWMssOS::'Finished building libraries parallelly.'

TRACE::2025-03-12.14:03:46::SCWMssOS::make --no-print-directory archive

TRACE::2025-03-12.14:03:46::SCWMssOS::arm-none-eabi-ar -r  ps7_cortexa9_0/lib/libxil.a ps7_cortexa9_0/lib/_exit.o ps7_cortexa9_0/lib/_open.o ps7_cortexa9_0/lib/_sbrk
TRACE::2025-03-12.14:03:46::SCWMssOS::.o ps7_cortexa9_0/lib/abort.o ps7_cortexa9_0/lib/asm_vectors.o ps7_cortexa9_0/lib/boot.o ps7_cortexa9_0/lib/close.o ps7_cortexa
TRACE::2025-03-12.14:03:46::SCWMssOS::9_0/lib/cpputest_time.o ps7_cortexa9_0/lib/cpu_init.o ps7_cortexa9_0/lib/errno.o ps7_cortexa9_0/lib/fcntl.o ps7_cortexa9_0/lib/
TRACE::2025-03-12.14:03:46::SCWMssOS::fstat.o ps7_cortexa9_0/lib/getentropy.o ps7_cortexa9_0/lib/getpid.o ps7_cortexa9_0/lib/inbyte.o ps7_cortexa9_0/lib/isatty.o ps7
TRACE::2025-03-12.14:03:46::SCWMssOS::_cortexa9_0/lib/kill.o ps7_cortexa9_0/lib/lseek.o ps7_cortexa9_0/lib/open.o ps7_cortexa9_0/lib/outbyte.o ps7_cortexa9_0/lib/pri
TRACE::2025-03-12.14:03:46::SCWMssOS::nt.o ps7_cortexa9_0/lib/putnum.o ps7_cortexa9_0/lib/read.o ps7_cortexa9_0/lib/sbrk.o ps7_cortexa9_0/lib/sleep.o ps7_cortexa9_0/
TRACE::2025-03-12.14:03:46::SCWMssOS::lib/time.o ps7_cortexa9_0/lib/translation_table.o ps7_cortexa9_0/lib/unlink.o ps7_cortexa9_0/lib/usleep.o ps7_cortexa9_0/lib/ve
TRACE::2025-03-12.14:03:46::SCWMssOS::ctors.o ps7_cortexa9_0/lib/write.o ps7_cortexa9_0/lib/xadcps.o ps7_cortexa9_0/lib/xadcps_g.o ps7_cortexa9_0/lib/xadcps_intr.o p
TRACE::2025-03-12.14:03:46::SCWMssOS::s7_cortexa9_0/lib/xadcps_selftest.o ps7_cortexa9_0/lib/xadcps_sinit.o ps7_cortexa9_0/lib/xcoresightpsdcc.o ps7_cortexa9_0/lib/x
TRACE::2025-03-12.14:03:46::SCWMssOS::devcfg.o ps7_cortexa9_0/lib/xdevcfg_g.o ps7_cortexa9_0/lib/xdevcfg_hw.o ps7_cortexa9_0/lib/xdevcfg_intr.o ps7_cortexa9_0/lib/xd
TRACE::2025-03-12.14:03:46::SCWMssOS::evcfg_selftest.o ps7_cortexa9_0/lib/xdevcfg_sinit.o ps7_cortexa9_0/lib/xdmaps.o ps7_cortexa9_0/lib/xdmaps_g.o ps7_cortexa9_0/li
TRACE::2025-03-12.14:03:46::SCWMssOS::b/xdmaps_hw.o ps7_cortexa9_0/lib/xdmaps_selftest.o ps7_cortexa9_0/lib/xdmaps_sinit.o ps7_cortexa9_0/lib/xemacps.o ps7_cortexa9_
TRACE::2025-03-12.14:03:46::SCWMssOS::0/lib/xemacps_bdring.o ps7_cortexa9_0/lib/xemacps_control.o ps7_cortexa9_0/lib/xemacps_g.o ps7_cortexa9_0/lib/xemacps_hw.o ps7_
TRACE::2025-03-12.14:03:46::SCWMssOS::cortexa9_0/lib/xemacps_intr.o ps7_cortexa9_0/lib/xemacps_sinit.o ps7_cortexa9_0/lib/xgpiops.o ps7_cortexa9_0/lib/xgpiops_g.o ps
TRACE::2025-03-12.14:03:46::SCWMssOS::7_cortexa9_0/lib/xgpiops_hw.o ps7_cortexa9_0/lib/xgpiops_intr.o ps7_cortexa9_0/lib/xgpiops_selftest.o ps7_cortexa9_0/lib/xgpiop
TRACE::2025-03-12.14:03:46::SCWMssOS::s_sinit.o ps7_cortexa9_0/lib/xil-crt0.o ps7_cortexa9_0/lib/xil_assert.o ps7_cortexa9_0/lib/xil_cache.o ps7_cortexa9_0/lib/xil_c
TRACE::2025-03-12.14:03:46::SCWMssOS::locking.o ps7_cortexa9_0/lib/xil_exception.o ps7_cortexa9_0/lib/xil_mem.o ps7_cortexa9_0/lib/xil_misc_psreset_api.o ps7_cortexa
TRACE::2025-03-12.14:03:46::SCWMssOS::9_0/lib/xil_mmu.o ps7_cortexa9_0/lib/xil_printf.o ps7_cortexa9_0/lib/xil_sleepcommon.o ps7_cortexa9_0/lib/xil_sleeptimer.o ps7_
TRACE::2025-03-12.14:03:46::SCWMssOS::cortexa9_0/lib/xil_spinlock.o ps7_cortexa9_0/lib/xil_testcache.o ps7_cortexa9_0/lib/xil_testio.o ps7_cortexa9_0/lib/xil_testmem
TRACE::2025-03-12.14:03:46::SCWMssOS::.o ps7_cortexa9_0/lib/xil_util.o ps7_cortexa9_0/lib/xinterrupt_wrap.o ps7_cortexa9_0/lib/xl2cc_counter.o ps7_cortexa9_0/lib/xpl
TRACE::2025-03-12.14:03:46::SCWMssOS::atform_info.o ps7_cortexa9_0/lib/xpm_counter.o ps7_cortexa9_0/lib/xpm_init.o ps7_cortexa9_0/lib/xqspips.o ps7_cortexa9_0/lib/xq
TRACE::2025-03-12.14:03:46::SCWMssOS::spips_g.o ps7_cortexa9_0/lib/xqspips_hw.o ps7_cortexa9_0/lib/xqspips_options.o ps7_cortexa9_0/lib/xqspips_selftest.o ps7_cortex
TRACE::2025-03-12.14:03:46::SCWMssOS::a9_0/lib/xqspips_sinit.o ps7_cortexa9_0/lib/xscugic.o ps7_cortexa9_0/lib/xscugic_g.o ps7_cortexa9_0/lib/xscugic_hw.o ps7_cortex
TRACE::2025-03-12.14:03:46::SCWMssOS::a9_0/lib/xscugic_intr.o ps7_cortexa9_0/lib/xscugic_selftest.o ps7_cortexa9_0/lib/xscugic_sinit.o ps7_cortexa9_0/lib/xscutimer.o
TRACE::2025-03-12.14:03:46::SCWMssOS:: ps7_cortexa9_0/lib/xscutimer_g.o ps7_cortexa9_0/lib/xscutimer_selftest.o ps7_cortexa9_0/lib/xscutimer_sinit.o ps7_cortexa9_0/l
TRACE::2025-03-12.14:03:46::SCWMssOS::ib/xscuwdt.o ps7_cortexa9_0/lib/xscuwdt_g.o ps7_cortexa9_0/lib/xscuwdt_selftest.o ps7_cortexa9_0/lib/xscuwdt_sinit.o ps7_cortex
TRACE::2025-03-12.14:03:46::SCWMssOS::a9_0/lib/xsdps.o ps7_cortexa9_0/lib/xsdps_card.o ps7_cortexa9_0/lib/xsdps_g.o ps7_cortexa9_0/lib/xsdps_host.o ps7_cortexa9_0/li
TRACE::2025-03-12.14:03:46::SCWMssOS::b/xsdps_options.o ps7_cortexa9_0/lib/xsdps_sinit.o ps7_cortexa9_0/lib/xtime_l.o ps7_cortexa9_0/lib/xttcps.o ps7_cortexa9_0/lib/
TRACE::2025-03-12.14:03:46::SCWMssOS::xttcps_g.o ps7_cortexa9_0/lib/xttcps_options.o ps7_cortexa9_0/lib/xttcps_selftest.o ps7_cortexa9_0/lib/xttcps_sinit.o ps7_corte
TRACE::2025-03-12.14:03:46::SCWMssOS::xa9_0/lib/xuartps.o ps7_cortexa9_0/lib/xuartps_g.o ps7_cortexa9_0/lib/xuartps_hw.o ps7_cortexa9_0/lib/xuartps_intr.o ps7_cortex
TRACE::2025-03-12.14:03:46::SCWMssOS::a9_0/lib/xuartps_options.o ps7_cortexa9_0/lib/xuartps_selftest.o ps7_cortexa9_0/lib/xuartps_sinit.o ps7_cortexa9_0/lib/xusbps.o
TRACE::2025-03-12.14:03:46::SCWMssOS:: ps7_cortexa9_0/lib/xusbps_endpoint.o ps7_cortexa9_0/lib/xusbps_g.o ps7_cortexa9_0/lib/xusbps_hw.o ps7_cortexa9_0/lib/xusbps_in
TRACE::2025-03-12.14:03:46::SCWMssOS::tr.o ps7_cortexa9_0/lib/xusbps_sinit.o

TRACE::2025-03-12.14:03:47::SCWMssOS::'Finished building libraries'

TRACE::2025-03-12.14:03:47::SCWMssOS::Copying to export directory.
TRACE::2025-03-12.14:03:47::SCWMssOS:: Checking if to create the Supporting Applications
TRACE::2025-03-12.14:03:47::SCWMssOS:: No Linux domain exists, trying to generate FSBL 
LOG::2025-03-12.14:03:47::SCWSystem::Completed Processing the domain standalone_ps7_cortexa9_0
LOG::2025-03-12.14:03:47::SCWSystem::Completed Processing the sysconfig design_1_wrapper
LOG::2025-03-12.14:03:47::SCWPlatform::Completed generating the artifacts for system configuration design_1_wrapper
TRACE::2025-03-12.14:03:47::SCWPlatform::Started preparing the platform 
TRACE::2025-03-12.14:03:47::SCWSystem::Writing the bif file for system config design_1_wrapper
TRACE::2025-03-12.14:03:47::SCWSystem::dir created 
TRACE::2025-03-12.14:03:47::SCWSystem::Writing the bif 
TRACE::2025-03-12.14:03:47::SCWPlatform::Started writing the spfm file 
TRACE::2025-03-12.14:03:47::SCWPlatform::Started writing the xpfm file 
TRACE::2025-03-12.14:03:47::SCWPlatform::Completed generating the platform
TRACE::2025-03-12.14:03:47::SCWMssOS::Saving the mss changes C:/Users/Student/vitis_workspace/design_1_wrapper/zynq_fsbl/zynq_fsbl_bsp/system.mss
TRACE::2025-03-12.14:03:47::SCWMssOS::Found a swdesign opened with the mssfile.
TRACE::2025-03-12.14:03:47::SCWMssOS::Completed writemss as part of save.
TRACE::2025-03-12.14:03:47::SCWMssOS::Commit changes completed.
TRACE::2025-03-12.14:03:47::SCWMssOS::Saving the mss changes C:/Users/Student/vitis_workspace/design_1_wrapper/ps7_cortexa9_0/standalone_ps7_cortexa9_0/bsp/system.mss
TRACE::2025-03-12.14:03:47::SCWMssOS::Found a swdesign opened with the mssfile.
TRACE::2025-03-12.14:03:47::SCWMssOS::Completed writemss as part of save.
TRACE::2025-03-12.14:03:47::SCWMssOS::Commit changes completed.
TRACE::2025-03-12.14:03:47::SCWPlatform::Trying to open the hw design at C:/Users/Student/vitis_workspace/design_1_wrapper/hw/design_1_wrapper.xsa
TRACE::2025-03-12.14:03:47::SCWPlatform::DSA given C:/Users/Student/vitis_workspace/design_1_wrapper/hw/design_1_wrapper.xsa
TRACE::2025-03-12.14:03:47::SCWPlatform::DSA absoulate path C:/Users/Student/vitis_workspace/design_1_wrapper/hw/design_1_wrapper.xsa
TRACE::2025-03-12.14:03:47::SCWPlatform::DSA directory C:/Users/Student/vitis_workspace/design_1_wrapper/hw
TRACE::2025-03-12.14:03:47::SCWPlatform:: Platform Path C:/Users/Student/vitis_workspace/design_1_wrapper/hw/design_1_wrapper.xsa
TRACE::2025-03-12.14:03:47::SCWPlatform:: Unique name xilinx:zedboard::0.0
TRACE::2025-03-12.14:03:47::SCWPlatform::Trying to set the existing hwdb with name design_1_wrapper_0
TRACE::2025-03-12.14:03:47::SCWPlatform::Opened existing hwdb design_1_wrapper_0
TRACE::2025-03-12.14:03:47::SCWPlatform::Found the Hw Db part of the input DSA
TRACE::2025-03-12.14:03:47::SCWMssOS::Checking the sw design at  C:/Users/Student/vitis_workspace/design_1_wrapper/zynq_fsbl/zynq_fsbl_bsp/system.mss
TRACE::2025-03-12.14:03:47::SCWMssOS::DEBUG:  swdes dump  C:/Users/Student/vitis_workspace/design_1_wrapper/ps7_cortexa9_0/standalone_ps7_cortexa9_0/bsp/system.mss|system_0||
C:/Users/Student/vitis_workspace/design_1_wrapper/zynq_fsbl/zynq_fsbl_bsp/system.mss|system||

TRACE::2025-03-12.14:03:47::SCWMssOS::Sw design exists and opened at  C:/Users/Student/vitis_workspace/design_1_wrapper/zynq_fsbl/zynq_fsbl_bsp/system.mss
TRACE::2025-03-12.14:03:47::SCWPlatform::Trying to open the hw design at C:/Users/Student/vitis_workspace/design_1_wrapper/hw/design_1_wrapper.xsa
TRACE::2025-03-12.14:03:47::SCWPlatform::DSA given C:/Users/Student/vitis_workspace/design_1_wrapper/hw/design_1_wrapper.xsa
TRACE::2025-03-12.14:03:47::SCWPlatform::DSA absoulate path C:/Users/Student/vitis_workspace/design_1_wrapper/hw/design_1_wrapper.xsa
TRACE::2025-03-12.14:03:47::SCWPlatform::DSA directory C:/Users/Student/vitis_workspace/design_1_wrapper/hw
TRACE::2025-03-12.14:03:47::SCWPlatform:: Platform Path C:/Users/Student/vitis_workspace/design_1_wrapper/hw/design_1_wrapper.xsa
TRACE::2025-03-12.14:03:47::SCWPlatform:: Unique name xilinx:zedboard::0.0
TRACE::2025-03-12.14:03:47::SCWPlatform::Trying to set the existing hwdb with name design_1_wrapper_0
TRACE::2025-03-12.14:03:47::SCWPlatform::Opened existing hwdb design_1_wrapper_0
TRACE::2025-03-12.14:03:47::SCWPlatform::Found the Hw Db part of the input DSA
TRACE::2025-03-12.14:03:47::SCWMssOS::Checking the sw design at  C:/Users/Student/vitis_workspace/design_1_wrapper/zynq_fsbl/zynq_fsbl_bsp/system.mss
TRACE::2025-03-12.14:03:47::SCWMssOS::DEBUG:  swdes dump  C:/Users/Student/vitis_workspace/design_1_wrapper/ps7_cortexa9_0/standalone_ps7_cortexa9_0/bsp/system.mss|system_0||
C:/Users/Student/vitis_workspace/design_1_wrapper/zynq_fsbl/zynq_fsbl_bsp/system.mss|system||

TRACE::2025-03-12.14:03:47::SCWMssOS::Sw design exists and opened at  C:/Users/Student/vitis_workspace/design_1_wrapper/zynq_fsbl/zynq_fsbl_bsp/system.mss
TRACE::2025-03-12.14:03:47::SCWPlatform::Trying to open the hw design at C:/Users/Student/vitis_workspace/design_1_wrapper/hw/design_1_wrapper.xsa
TRACE::2025-03-12.14:03:47::SCWPlatform::DSA given C:/Users/Student/vitis_workspace/design_1_wrapper/hw/design_1_wrapper.xsa
TRACE::2025-03-12.14:03:47::SCWPlatform::DSA absoulate path C:/Users/Student/vitis_workspace/design_1_wrapper/hw/design_1_wrapper.xsa
TRACE::2025-03-12.14:03:47::SCWPlatform::DSA directory C:/Users/Student/vitis_workspace/design_1_wrapper/hw
TRACE::2025-03-12.14:03:47::SCWPlatform:: Platform Path C:/Users/Student/vitis_workspace/design_1_wrapper/hw/design_1_wrapper.xsa
TRACE::2025-03-12.14:03:47::SCWPlatform:: Unique name xilinx:zedboard::0.0
TRACE::2025-03-12.14:03:47::SCWPlatform::Trying to set the existing hwdb with name design_1_wrapper_0
TRACE::2025-03-12.14:03:47::SCWPlatform::Opened existing hwdb design_1_wrapper_0
TRACE::2025-03-12.14:03:47::SCWPlatform::Found the Hw Db part of the input DSA
TRACE::2025-03-12.14:03:47::SCWMssOS::Checking the sw design at  C:/Users/Student/vitis_workspace/design_1_wrapper/zynq_fsbl/zynq_fsbl_bsp/system.mss
TRACE::2025-03-12.14:03:47::SCWMssOS::DEBUG:  swdes dump  C:/Users/Student/vitis_workspace/design_1_wrapper/ps7_cortexa9_0/standalone_ps7_cortexa9_0/bsp/system.mss|system_0||
C:/Users/Student/vitis_workspace/design_1_wrapper/zynq_fsbl/zynq_fsbl_bsp/system.mss|system||

TRACE::2025-03-12.14:03:47::SCWMssOS::Sw design exists and opened at  C:/Users/Student/vitis_workspace/design_1_wrapper/zynq_fsbl/zynq_fsbl_bsp/system.mss
TRACE::2025-03-12.14:03:47::SCWPlatform::Trying to open the hw design at C:/Users/Student/vitis_workspace/design_1_wrapper/hw/design_1_wrapper.xsa
TRACE::2025-03-12.14:03:47::SCWPlatform::DSA given C:/Users/Student/vitis_workspace/design_1_wrapper/hw/design_1_wrapper.xsa
TRACE::2025-03-12.14:03:47::SCWPlatform::DSA absoulate path C:/Users/Student/vitis_workspace/design_1_wrapper/hw/design_1_wrapper.xsa
TRACE::2025-03-12.14:03:47::SCWPlatform::DSA directory C:/Users/Student/vitis_workspace/design_1_wrapper/hw
TRACE::2025-03-12.14:03:47::SCWPlatform:: Platform Path C:/Users/Student/vitis_workspace/design_1_wrapper/hw/design_1_wrapper.xsa
TRACE::2025-03-12.14:03:47::SCWPlatform:: Unique name xilinx:zedboard::0.0
TRACE::2025-03-12.14:03:47::SCWPlatform::Trying to set the existing hwdb with name design_1_wrapper_0
TRACE::2025-03-12.14:03:47::SCWPlatform::Opened existing hwdb design_1_wrapper_0
TRACE::2025-03-12.14:03:47::SCWPlatform::Found the Hw Db part of the input DSA
TRACE::2025-03-12.14:03:47::SCWMssOS::Checking the sw design at  C:/Users/Student/vitis_workspace/design_1_wrapper/ps7_cortexa9_0/standalone_ps7_cortexa9_0/bsp/system.mss
TRACE::2025-03-12.14:03:47::SCWMssOS::DEBUG:  swdes dump  C:/Users/Student/vitis_workspace/design_1_wrapper/ps7_cortexa9_0/standalone_ps7_cortexa9_0/bsp/system.mss|system_0||
C:/Users/Student/vitis_workspace/design_1_wrapper/zynq_fsbl/zynq_fsbl_bsp/system.mss|system||

TRACE::2025-03-12.14:03:47::SCWMssOS::Sw design exists and opened at  C:/Users/Student/vitis_workspace/design_1_wrapper/ps7_cortexa9_0/standalone_ps7_cortexa9_0/bsp/system.mss
TRACE::2025-03-12.14:03:47::SCWPlatform::Trying to open the hw design at C:/Users/Student/vitis_workspace/design_1_wrapper/hw/design_1_wrapper.xsa
TRACE::2025-03-12.14:03:47::SCWPlatform::DSA given C:/Users/Student/vitis_workspace/design_1_wrapper/hw/design_1_wrapper.xsa
TRACE::2025-03-12.14:03:47::SCWPlatform::DSA absoulate path C:/Users/Student/vitis_workspace/design_1_wrapper/hw/design_1_wrapper.xsa
TRACE::2025-03-12.14:03:47::SCWPlatform::DSA directory C:/Users/Student/vitis_workspace/design_1_wrapper/hw
TRACE::2025-03-12.14:03:47::SCWPlatform:: Platform Path C:/Users/Student/vitis_workspace/design_1_wrapper/hw/design_1_wrapper.xsa
TRACE::2025-03-12.14:03:47::SCWPlatform:: Unique name xilinx:zedboard::0.0
TRACE::2025-03-12.14:03:47::SCWPlatform::Trying to set the existing hwdb with name design_1_wrapper_0
TRACE::2025-03-12.14:03:47::SCWPlatform::Opened existing hwdb design_1_wrapper_0
TRACE::2025-03-12.14:03:47::SCWPlatform::Found the Hw Db part of the input DSA
TRACE::2025-03-12.14:03:47::SCWMssOS::Checking the sw design at  C:/Users/Student/vitis_workspace/design_1_wrapper/ps7_cortexa9_0/standalone_ps7_cortexa9_0/bsp/system.mss
TRACE::2025-03-12.14:03:47::SCWMssOS::DEBUG:  swdes dump  C:/Users/Student/vitis_workspace/design_1_wrapper/ps7_cortexa9_0/standalone_ps7_cortexa9_0/bsp/system.mss|system_0||
C:/Users/Student/vitis_workspace/design_1_wrapper/zynq_fsbl/zynq_fsbl_bsp/system.mss|system||

TRACE::2025-03-12.14:03:47::SCWMssOS::Sw design exists and opened at  C:/Users/Student/vitis_workspace/design_1_wrapper/ps7_cortexa9_0/standalone_ps7_cortexa9_0/bsp/system.mss
TRACE::2025-03-12.14:03:47::SCWPlatform::Trying to open the hw design at C:/Users/Student/vitis_workspace/design_1_wrapper/hw/design_1_wrapper.xsa
TRACE::2025-03-12.14:03:47::SCWPlatform::DSA given C:/Users/Student/vitis_workspace/design_1_wrapper/hw/design_1_wrapper.xsa
TRACE::2025-03-12.14:03:47::SCWPlatform::DSA absoulate path C:/Users/Student/vitis_workspace/design_1_wrapper/hw/design_1_wrapper.xsa
TRACE::2025-03-12.14:03:47::SCWPlatform::DSA directory C:/Users/Student/vitis_workspace/design_1_wrapper/hw
TRACE::2025-03-12.14:03:47::SCWPlatform:: Platform Path C:/Users/Student/vitis_workspace/design_1_wrapper/hw/design_1_wrapper.xsa
TRACE::2025-03-12.14:03:47::SCWPlatform:: Unique name xilinx:zedboard::0.0
TRACE::2025-03-12.14:03:47::SCWPlatform::Trying to set the existing hwdb with name design_1_wrapper_0
TRACE::2025-03-12.14:03:47::SCWPlatform::Opened existing hwdb design_1_wrapper_0
TRACE::2025-03-12.14:03:47::SCWPlatform::Found the Hw Db part of the input DSA
TRACE::2025-03-12.14:03:47::SCWMssOS::Checking the sw design at  C:/Users/Student/vitis_workspace/design_1_wrapper/ps7_cortexa9_0/standalone_ps7_cortexa9_0/bsp/system.mss
TRACE::2025-03-12.14:03:47::SCWMssOS::DEBUG:  swdes dump  C:/Users/Student/vitis_workspace/design_1_wrapper/ps7_cortexa9_0/standalone_ps7_cortexa9_0/bsp/system.mss|system_0||
C:/Users/Student/vitis_workspace/design_1_wrapper/zynq_fsbl/zynq_fsbl_bsp/system.mss|system||

TRACE::2025-03-12.14:03:47::SCWMssOS::Sw design exists and opened at  C:/Users/Student/vitis_workspace/design_1_wrapper/ps7_cortexa9_0/standalone_ps7_cortexa9_0/bsp/system.mss
TRACE::2025-03-12.14:03:47::SCWWriter::formatted JSON is {
	"platformName":	"design_1_wrapper",
	"sprVersion":	"2.0",
	"mode":	"gui",
	"dsaType":	"Fixed",
	"platformDesc":	"design_1_wrapper",
	"platHandOff":	"C:/Users/Student/Desktop/lab07/design_1_wrapper.xsa",
	"platIntHandOff":	"<platformDir>/hw/design_1_wrapper.xsa",
	"deviceType":	"zynq",
	"platIsPrebuiltAutogen":	"false",
	"platIsNoBootBsp":	"false",
	"platFsblTarget":	"ps7_cortexa9_0",
	"hasFsblMakeHasChanges":	"false",
	"hasPmufwMakeHasChanges":	"false",
	"fsblExtraCompilerFlags":	"-MMD -MP       -mcpu=cortex-a9 -mfpu=vfpv3 -mfloat-abi=hard ",
	"platPreBuiltFlag":	false,
	"platformSamplesDir":	"",
	"platActiveSys":	"design_1_wrapper",
	"systems":	[{
			"systemName":	"design_1_wrapper",
			"systemDesc":	"design_1_wrapper",
			"sysIsBootAutoGen":	"true",
			"systemDispName":	"design_1_wrapper",
			"sysActiveDom":	"standalone_ps7_cortexa9_0",
			"sysDefaultDom":	"standalone_ps7_cortexa9_0",
			"domains":	[{
					"domainName":	"zynq_fsbl",
					"domainDispName":	"zynq_fsbl",
					"domainDesc":	"FSBL Application BSP - Auto Generated.",
					"processors":	"ps7_cortexa9_0",
					"os":	"standalone",
					"sdxOs":	"standalone",
					"debugEnable":	"",
					"domRuntimes":	["cpp"],
					"swRepo":	"",
					"mssOsVer":	"9.0",
					"mssFile":	"",
					"md5Digest":	"404a1cf66f6b2f4ef576ee597aa5ed59",
					"compatibleApp":	"zynq_fsbl",
					"domType":	"bootDomain",
					"arch":	"32-bit",
					"appSettings":	{
						"appCompilerFlags":	"",
						"appLinkerFlags":	""
					},
					"addedLibs":	["xilffs:5.1", "xilrsa:1.7"],
					"libOptions":	{
						"libsContainingOptions":	[]
					},
					"prebuiltLibs":	{
						"prebuiltIncPath":	[],
						"prebuiltLibPath":	[]
					},
					"isolation":	{
					}
				}, {
					"domainName":	"standalone_ps7_cortexa9_0",
					"domainDispName":	"standalone_ps7_cortexa9_0",
					"domainDesc":	"standalone_ps7_cortexa9_0",
					"processors":	"ps7_cortexa9_0",
					"os":	"standalone",
					"sdxOs":	"standalone",
					"qemuArgs":	"<platformDir>/resources/design_1_wrapper/standalone_ps7_cortexa9_0/qemu_args.txt",
					"qemuData":	"<platformDir>/resources/design_1_wrapper/standalone_ps7_cortexa9_0/qemu",
					"debugEnable":	"False",
					"domRuntimes":	["cpp"],
					"swRepo":	"",
					"mssOsVer":	"9.0",
					"mssFile":	"",
					"md5Digest":	"5a37a14a1c69e26fc24163d27b470f4d",
					"compatibleApp":	"hello_world",
					"domType":	"mssDomain",
					"arch":	"32-bit",
					"appSettings":	{
						"appCompilerFlags":	"",
						"appLinkerFlags":	""
					},
					"addedLibs":	[],
					"libOptions":	{
						"libsContainingOptions":	[]
					},
					"prebuiltLibs":	{
						"prebuiltIncPath":	[],
						"prebuiltLibPath":	[]
					},
					"isolation":	{
					}
				}]
		}]
}
KEYINFO::2025-03-12.14:03:47::SCWPlatform::updated the xpfm file.
TRACE::2025-03-12.14:03:47::SCWPlatform::Trying to open the hw design at C:/Users/Student/vitis_workspace/design_1_wrapper/hw/design_1_wrapper.xsa
TRACE::2025-03-12.14:03:47::SCWPlatform::DSA given C:/Users/Student/vitis_workspace/design_1_wrapper/hw/design_1_wrapper.xsa
TRACE::2025-03-12.14:03:47::SCWPlatform::DSA absoulate path C:/Users/Student/vitis_workspace/design_1_wrapper/hw/design_1_wrapper.xsa
TRACE::2025-03-12.14:03:47::SCWPlatform::DSA directory C:/Users/Student/vitis_workspace/design_1_wrapper/hw
TRACE::2025-03-12.14:03:47::SCWPlatform:: Platform Path C:/Users/Student/vitis_workspace/design_1_wrapper/hw/design_1_wrapper.xsa
TRACE::2025-03-12.14:03:47::SCWPlatform:: Unique name xilinx:zedboard::0.0
TRACE::2025-03-12.14:03:47::SCWPlatform::Trying to set the existing hwdb with name design_1_wrapper_0
TRACE::2025-03-12.14:03:47::SCWPlatform::Opened existing hwdb design_1_wrapper_0
TRACE::2025-03-12.14:03:47::SCWPlatform::Found the Hw Db part of the input DSA
TRACE::2025-03-12.14:03:47::SCWMssOS::Checking the sw design at  C:/Users/Student/vitis_workspace/design_1_wrapper/ps7_cortexa9_0/standalone_ps7_cortexa9_0/bsp/system.mss
TRACE::2025-03-12.14:03:47::SCWMssOS::DEBUG:  swdes dump  C:/Users/Student/vitis_workspace/design_1_wrapper/ps7_cortexa9_0/standalone_ps7_cortexa9_0/bsp/system.mss|system_0||
C:/Users/Student/vitis_workspace/design_1_wrapper/zynq_fsbl/zynq_fsbl_bsp/system.mss|system||

TRACE::2025-03-12.14:03:47::SCWMssOS::Sw design exists and opened at  C:/Users/Student/vitis_workspace/design_1_wrapper/ps7_cortexa9_0/standalone_ps7_cortexa9_0/bsp/system.mss
