Copyright 1986-2022 Xilinx, Inc. All Rights Reserved. Copyright 2022-2023 Advanced Micro Devices, Inc. All Rights Reserved.
---------------------------------------------------------------------------------------------------------------------------------------------------------------------------------------------------------------------------------------------
| Tool Version : Vivado v.2023.2 (win64) Build 4029153 Fri Oct 13 20:14:34 MDT 2023
| Date         : Wed Mar 12 13:53:50 2025
| Host         : 102-041 running 64-bit major release  (build 9200)
| Command      : report_timing_summary -max_paths 10 -report_unconstrained -file design_1_wrapper_timing_summary_routed.rpt -pb design_1_wrapper_timing_summary_routed.pb -rpx design_1_wrapper_timing_summary_routed.rpx -warn_on_violation
| Design       : design_1_wrapper
| Device       : 7z020-clg484
| Speed File   : -1  PRODUCTION 1.12 2019-11-22
| Design State : Routed
---------------------------------------------------------------------------------------------------------------------------------------------------------------------------------------------------------------------------------------------

Timing Summary Report

------------------------------------------------------------------------------------------------
| Timer Settings
| --------------
------------------------------------------------------------------------------------------------

  Enable Multi Corner Analysis               :  Yes
  Enable Pessimism Removal                   :  Yes
  Pessimism Removal Resolution               :  Nearest Common Node
  Enable Input Delay Default Clock           :  No
  Enable Preset / Clear Arcs                 :  No
  Disable Flight Delays                      :  No
  Ignore I/O Paths                           :  No
  Timing Early Launch at Borrowing Latches   :  No
  Borrow Time for Max Delay Exceptions       :  Yes
  Merge Timing Exceptions                    :  Yes
  Inter-SLR Compensation                     :  Conservative

  Corner  Analyze    Analyze    
  Name    Max Paths  Min Paths  
  ------  ---------  ---------  
  Slow    Yes        Yes        
  Fast    Yes        Yes        


------------------------------------------------------------------------------------------------
| Report Methodology
| ------------------
------------------------------------------------------------------------------------------------

Rule       Severity          Description                    Violations  
---------  ----------------  -----------------------------  ----------  
TIMING-17  Critical Warning  Non-clocked sequential cell    1           
TIMING-18  Warning           Missing input or output delay  16          

Note: This report is based on the most recent report_methodology run and may not be up-to-date. Run report_methodology on the current design for the latest report.



check_timing report

Table of Contents
-----------------
1. checking no_clock (1)
2. checking constant_clock (0)
3. checking pulse_width_clock (0)
4. checking unconstrained_internal_endpoints (1)
5. checking no_input_delay (1)
6. checking no_output_delay (16)
7. checking multiple_clock (0)
8. checking generated_clocks (0)
9. checking loops (0)
10. checking partial_input_delay (0)
11. checking partial_output_delay (0)
12. checking latch_loops (0)

1. checking no_clock (1)
------------------------
 There is 1 register/latch pin with no clock driven by root clock pin: design_1_i/ssd_ctrl_0/U0/ssd_display_inst/clk100hz_reg/Q (HIGH)


2. checking constant_clock (0)
------------------------------
 There are 0 register/latch pins with constant_clock.


3. checking pulse_width_clock (0)
---------------------------------
 There are 0 register/latch pins which need pulse_width check


4. checking unconstrained_internal_endpoints (1)
------------------------------------------------
 There is 1 pin that is not constrained for maximum delay. (HIGH)

 There are 0 pins that are not constrained for maximum delay due to constant clock.


5. checking no_input_delay (1)
------------------------------
 There is 1 input port with no input delay specified. (HIGH)

 There are 0 input ports with no input delay but user has a false path constraint.


6. checking no_output_delay (16)
--------------------------------
 There are 16 ports with no output delay specified. (HIGH)

 There are 0 ports with no output delay but user has a false path constraint

 There are 0 ports with no output delay but with a timing clock defined on it or propagating through it


7. checking multiple_clock (0)
------------------------------
 There are 0 register/latch pins with multiple clocks.


8. checking generated_clocks (0)
--------------------------------
 There are 0 generated clocks that are not connected to a clock source.


9. checking loops (0)
---------------------
 There are 0 combinational loops in the design.


10. checking partial_input_delay (0)
------------------------------------
 There are 0 input ports with partial input delay specified.


11. checking partial_output_delay (0)
-------------------------------------
 There are 0 ports with partial output delay specified.


12. checking latch_loops (0)
----------------------------
 There are 0 combinational latch loops in the design through latch input



------------------------------------------------------------------------------------------------
| Design Timing Summary
| ---------------------
------------------------------------------------------------------------------------------------

    WNS(ns)      TNS(ns)  TNS Failing Endpoints  TNS Total Endpoints      WHS(ns)      THS(ns)  THS Failing Endpoints  THS Total Endpoints     WPWS(ns)     TPWS(ns)  TPWS Failing Endpoints  TPWS Total Endpoints  
    -------      -------  ---------------------  -------------------      -------      -------  ---------------------  -------------------     --------     --------  ----------------------  --------------------  
      3.574        0.000                      0                 1462        0.047        0.000                      0                 1462        4.020        0.000                       0                   675  


All user specified timing constraints are met.


------------------------------------------------------------------------------------------------
| Clock Summary
| -------------
------------------------------------------------------------------------------------------------

Clock       Waveform(ns)       Period(ns)      Frequency(MHz)
-----       ------------       ----------      --------------
clk_fpga_0  {0.000 5.000}      10.000          100.000         


------------------------------------------------------------------------------------------------
| Intra Clock Table
| -----------------
------------------------------------------------------------------------------------------------

Clock             WNS(ns)      TNS(ns)  TNS Failing Endpoints  TNS Total Endpoints      WHS(ns)      THS(ns)  THS Failing Endpoints  THS Total Endpoints     WPWS(ns)     TPWS(ns)  TPWS Failing Endpoints  TPWS Total Endpoints  
-----             -------      -------  ---------------------  -------------------      -------      -------  ---------------------  -------------------     --------     --------  ----------------------  --------------------  
clk_fpga_0          3.574        0.000                      0                 1462        0.047        0.000                      0                 1462        4.020        0.000                       0                   675  


------------------------------------------------------------------------------------------------
| Inter Clock Table
| -----------------
------------------------------------------------------------------------------------------------

From Clock    To Clock          WNS(ns)      TNS(ns)  TNS Failing Endpoints  TNS Total Endpoints      WHS(ns)      THS(ns)  THS Failing Endpoints  THS Total Endpoints  
----------    --------          -------      -------  ---------------------  -------------------      -------      -------  ---------------------  -------------------  


------------------------------------------------------------------------------------------------
| Other Path Groups Table
| -----------------------
------------------------------------------------------------------------------------------------

Path Group    From Clock    To Clock          WNS(ns)      TNS(ns)  TNS Failing Endpoints  TNS Total Endpoints      WHS(ns)      THS(ns)  THS Failing Endpoints  THS Total Endpoints  
----------    ----------    --------          -------      -------  ---------------------  -------------------      -------      -------  ---------------------  -------------------  


------------------------------------------------------------------------------------------------
| User Ignored Path Table
| -----------------------
------------------------------------------------------------------------------------------------

Path Group    From Clock    To Clock    
----------    ----------    --------    
(none)                      clk_fpga_0    


------------------------------------------------------------------------------------------------
| Unconstrained Path Table
| ------------------------
------------------------------------------------------------------------------------------------

Path Group    From Clock    To Clock    
----------    ----------    --------    
(none)                                    
(none)        clk_fpga_0                  
(none)                      clk_fpga_0    


------------------------------------------------------------------------------------------------
| Timing Details
| --------------
------------------------------------------------------------------------------------------------


---------------------------------------------------------------------------------------------------
From Clock:  clk_fpga_0
  To Clock:  clk_fpga_0

Setup :            0  Failing Endpoints,  Worst Slack        3.574ns,  Total Violation        0.000ns
Hold  :            0  Failing Endpoints,  Worst Slack        0.047ns,  Total Violation        0.000ns
PW    :            0  Failing Endpoints,  Worst Slack        4.020ns,  Total Violation        0.000ns
---------------------------------------------------------------------------------------------------


Max Delay Paths
--------------------------------------------------------------------------------------
Slack (MET) :             3.574ns  (required time - arrival time)
  Source:                 design_1_i/ps7_0_axi_periph/s00_couplers/auto_pc/inst/gen_axilite.gen_b2s_conv.axilite_b2s/SI_REG/aw.aw_pipe/m_payload_i_reg[39]/C
                            (rising edge-triggered cell FDRE clocked by clk_fpga_0  {rise@0.000ns fall@5.000ns period=10.000ns})
  Destination:            design_1_i/ps7_0_axi_periph/s00_couplers/auto_pc/inst/gen_axilite.gen_b2s_conv.axilite_b2s/WR.aw_channel_0/cmd_translator_0/incr_cmd_0/axaddr_incr_reg[3]/D
                            (rising edge-triggered cell FDRE clocked by clk_fpga_0  {rise@0.000ns fall@5.000ns period=10.000ns})
  Path Group:             clk_fpga_0
  Path Type:              Setup (Max at Slow Process Corner)
  Requirement:            10.000ns  (clk_fpga_0 rise@10.000ns - clk_fpga_0 rise@0.000ns)
  Data Path Delay:        6.036ns  (logic 2.311ns (38.284%)  route 3.725ns (61.716%))
  Logic Levels:           6  (CARRY4=1 LUT3=3 LUT4=1 LUT6=1)
  Clock Path Skew:        -0.353ns (DCD - SCD + CPR)
    Destination Clock Delay (DCD):    2.704ns = ( 12.704 - 10.000 ) 
    Source Clock Delay      (SCD):    3.186ns
    Clock Pessimism Removal (CPR):    0.129ns
  Clock Uncertainty:      0.154ns  ((TSJ^2 + TIJ^2)^1/2 + DJ) / 2 + PE
    Total System Jitter     (TSJ):    0.071ns
    Total Input Jitter      (TIJ):    0.300ns
    Discrete Jitter          (DJ):    0.000ns
    Phase Error              (PE):    0.000ns

    Location             Delay type                Incr(ns)  Path(ns)    Netlist Resource(s)
  -------------------------------------------------------------------    -------------------
                         (clock clk_fpga_0 rise edge)
                                                      0.000     0.000 r  
    PS7_X0Y0             PS7                          0.000     0.000 r  design_1_i/processing_system7_0/inst/PS7_i/FCLKCLK[0]
                         net (fo=1, routed)           1.193     1.193    design_1_i/processing_system7_0/inst/FCLK_CLK_unbuffered[0]
    BUFGCTRL_X0Y16       BUFG (Prop_bufg_I_O)         0.101     1.294 r  design_1_i/processing_system7_0/inst/buffer_fclk_clk_0.FCLK_CLK_0_BUFG/O
                         net (fo=675, routed)         1.892     3.186    design_1_i/ps7_0_axi_periph/s00_couplers/auto_pc/inst/gen_axilite.gen_b2s_conv.axilite_b2s/SI_REG/aw.aw_pipe/aclk
    SLICE_X28Y100        FDRE                                         r  design_1_i/ps7_0_axi_periph/s00_couplers/auto_pc/inst/gen_axilite.gen_b2s_conv.axilite_b2s/SI_REG/aw.aw_pipe/m_payload_i_reg[39]/C
  -------------------------------------------------------------------    -------------------
    SLICE_X28Y100        FDRE (Prop_fdre_C_Q)         0.419     3.605 r  design_1_i/ps7_0_axi_periph/s00_couplers/auto_pc/inst/gen_axilite.gen_b2s_conv.axilite_b2s/SI_REG/aw.aw_pipe/m_payload_i_reg[39]/Q
                         net (fo=6, routed)           0.901     4.506    design_1_i/ps7_0_axi_periph/s00_couplers/auto_pc/inst/gen_axilite.gen_b2s_conv.axilite_b2s/WR.aw_channel_0/cmd_translator_0/axlen_cnt_reg[3][11]
    SLICE_X33Y96         LUT3 (Prop_lut3_I1_O)        0.296     4.802 f  design_1_i/ps7_0_axi_periph/s00_couplers/auto_pc/inst/gen_axilite.gen_b2s_conv.axilite_b2s/WR.aw_channel_0/cmd_translator_0/FSM_sequential_state[1]_i_2/O
                         net (fo=3, routed)           0.285     5.087    design_1_i/ps7_0_axi_periph/s00_couplers/auto_pc/inst/gen_axilite.gen_b2s_conv.axilite_b2s/WR.aw_channel_0/aw_cmd_fsm_0/FSM_sequential_state_reg[1]_0
    SLICE_X33Y96         LUT6 (Prop_lut6_I3_O)        0.124     5.211 r  design_1_i/ps7_0_axi_periph/s00_couplers/auto_pc/inst/gen_axilite.gen_b2s_conv.axilite_b2s/WR.aw_channel_0/aw_cmd_fsm_0/memory_reg[3][0]_srl4_i_1/O
                         net (fo=30, routed)          1.023     6.233    design_1_i/ps7_0_axi_periph/s00_couplers/auto_pc/inst/gen_axilite.gen_b2s_conv.axilite_b2s/WR.aw_channel_0/aw_cmd_fsm_0/m_axi_awready_0
    SLICE_X34Y94         LUT3 (Prop_lut3_I2_O)        0.150     6.383 r  design_1_i/ps7_0_axi_periph/s00_couplers/auto_pc/inst/gen_axilite.gen_b2s_conv.axilite_b2s/WR.aw_channel_0/aw_cmd_fsm_0/next_pending_r_i_3/O
                         net (fo=15, routed)          0.861     7.244    design_1_i/ps7_0_axi_periph/s00_couplers/auto_pc/inst/gen_axilite.gen_b2s_conv.axilite_b2s/WR.aw_channel_0/cmd_translator_0/incr_cmd_0/next
    SLICE_X31Y94         LUT4 (Prop_lut4_I3_O)        0.348     7.592 r  design_1_i/ps7_0_axi_periph/s00_couplers/auto_pc/inst/gen_axilite.gen_b2s_conv.axilite_b2s/WR.aw_channel_0/cmd_translator_0/incr_cmd_0/axaddr_incr[3]_i_9/O
                         net (fo=1, routed)           0.000     7.592    design_1_i/ps7_0_axi_periph/s00_couplers/auto_pc/inst/gen_axilite.gen_b2s_conv.axilite_b2s/SI_REG/aw.aw_pipe/axaddr_incr_reg[3][1]
    SLICE_X31Y94         CARRY4 (Prop_carry4_S[1]_O[3])
                                                      0.640     8.232 r  design_1_i/ps7_0_axi_periph/s00_couplers/auto_pc/inst/gen_axilite.gen_b2s_conv.axilite_b2s/SI_REG/aw.aw_pipe/axaddr_incr_reg[3]_i_2/O[3]
                         net (fo=1, routed)           0.656     8.888    design_1_i/ps7_0_axi_periph/s00_couplers/auto_pc/inst/gen_axilite.gen_b2s_conv.axilite_b2s/WR.aw_channel_0/cmd_translator_0/incr_cmd_0/axaddr_incr[3]
    SLICE_X30Y94         LUT3 (Prop_lut3_I0_O)        0.334     9.222 r  design_1_i/ps7_0_axi_periph/s00_couplers/auto_pc/inst/gen_axilite.gen_b2s_conv.axilite_b2s/WR.aw_channel_0/cmd_translator_0/incr_cmd_0/axaddr_incr[3]_i_1/O
                         net (fo=1, routed)           0.000     9.222    design_1_i/ps7_0_axi_periph/s00_couplers/auto_pc/inst/gen_axilite.gen_b2s_conv.axilite_b2s/WR.aw_channel_0/cmd_translator_0/incr_cmd_0/p_1_in[3]
    SLICE_X30Y94         FDRE                                         r  design_1_i/ps7_0_axi_periph/s00_couplers/auto_pc/inst/gen_axilite.gen_b2s_conv.axilite_b2s/WR.aw_channel_0/cmd_translator_0/incr_cmd_0/axaddr_incr_reg[3]/D
  -------------------------------------------------------------------    -------------------

                         (clock clk_fpga_0 rise edge)
                                                     10.000    10.000 r  
    PS7_X0Y0             PS7                          0.000    10.000 r  design_1_i/processing_system7_0/inst/PS7_i/FCLKCLK[0]
                         net (fo=1, routed)           1.088    11.088    design_1_i/processing_system7_0/inst/FCLK_CLK_unbuffered[0]
    BUFGCTRL_X0Y16       BUFG (Prop_bufg_I_O)         0.091    11.179 r  design_1_i/processing_system7_0/inst/buffer_fclk_clk_0.FCLK_CLK_0_BUFG/O
                         net (fo=675, routed)         1.525    12.704    design_1_i/ps7_0_axi_periph/s00_couplers/auto_pc/inst/gen_axilite.gen_b2s_conv.axilite_b2s/WR.aw_channel_0/cmd_translator_0/incr_cmd_0/aclk
    SLICE_X30Y94         FDRE                                         r  design_1_i/ps7_0_axi_periph/s00_couplers/auto_pc/inst/gen_axilite.gen_b2s_conv.axilite_b2s/WR.aw_channel_0/cmd_translator_0/incr_cmd_0/axaddr_incr_reg[3]/C
                         clock pessimism              0.129    12.833    
                         clock uncertainty           -0.154    12.679    
    SLICE_X30Y94         FDRE (Setup_fdre_C_D)        0.118    12.797    design_1_i/ps7_0_axi_periph/s00_couplers/auto_pc/inst/gen_axilite.gen_b2s_conv.axilite_b2s/WR.aw_channel_0/cmd_translator_0/incr_cmd_0/axaddr_incr_reg[3]
  -------------------------------------------------------------------
                         required time                         12.797    
                         arrival time                          -9.222    
  -------------------------------------------------------------------
                         slack                                  3.574    

Slack (MET) :             3.763ns  (required time - arrival time)
  Source:                 design_1_i/ps7_0_axi_periph/s00_couplers/auto_pc/inst/gen_axilite.gen_b2s_conv.axilite_b2s/SI_REG/aw.aw_pipe/m_payload_i_reg[39]/C
                            (rising edge-triggered cell FDRE clocked by clk_fpga_0  {rise@0.000ns fall@5.000ns period=10.000ns})
  Destination:            design_1_i/ps7_0_axi_periph/s00_couplers/auto_pc/inst/gen_axilite.gen_b2s_conv.axilite_b2s/WR.aw_channel_0/cmd_translator_0/incr_cmd_0/axaddr_incr_reg[2]/D
                            (rising edge-triggered cell FDRE clocked by clk_fpga_0  {rise@0.000ns fall@5.000ns period=10.000ns})
  Path Group:             clk_fpga_0
  Path Type:              Setup (Max at Slow Process Corner)
  Requirement:            10.000ns  (clk_fpga_0 rise@10.000ns - clk_fpga_0 rise@0.000ns)
  Data Path Delay:        5.810ns  (logic 2.219ns (38.190%)  route 3.591ns (61.810%))
  Logic Levels:           6  (CARRY4=1 LUT3=3 LUT4=1 LUT6=1)
  Clock Path Skew:        -0.353ns (DCD - SCD + CPR)
    Destination Clock Delay (DCD):    2.704ns = ( 12.704 - 10.000 ) 
    Source Clock Delay      (SCD):    3.186ns
    Clock Pessimism Removal (CPR):    0.129ns
  Clock Uncertainty:      0.154ns  ((TSJ^2 + TIJ^2)^1/2 + DJ) / 2 + PE
    Total System Jitter     (TSJ):    0.071ns
    Total Input Jitter      (TIJ):    0.300ns
    Discrete Jitter          (DJ):    0.000ns
    Phase Error              (PE):    0.000ns

    Location             Delay type                Incr(ns)  Path(ns)    Netlist Resource(s)
  -------------------------------------------------------------------    -------------------
                         (clock clk_fpga_0 rise edge)
                                                      0.000     0.000 r  
    PS7_X0Y0             PS7                          0.000     0.000 r  design_1_i/processing_system7_0/inst/PS7_i/FCLKCLK[0]
                         net (fo=1, routed)           1.193     1.193    design_1_i/processing_system7_0/inst/FCLK_CLK_unbuffered[0]
    BUFGCTRL_X0Y16       BUFG (Prop_bufg_I_O)         0.101     1.294 r  design_1_i/processing_system7_0/inst/buffer_fclk_clk_0.FCLK_CLK_0_BUFG/O
                         net (fo=675, routed)         1.892     3.186    design_1_i/ps7_0_axi_periph/s00_couplers/auto_pc/inst/gen_axilite.gen_b2s_conv.axilite_b2s/SI_REG/aw.aw_pipe/aclk
    SLICE_X28Y100        FDRE                                         r  design_1_i/ps7_0_axi_periph/s00_couplers/auto_pc/inst/gen_axilite.gen_b2s_conv.axilite_b2s/SI_REG/aw.aw_pipe/m_payload_i_reg[39]/C
  -------------------------------------------------------------------    -------------------
    SLICE_X28Y100        FDRE (Prop_fdre_C_Q)         0.419     3.605 r  design_1_i/ps7_0_axi_periph/s00_couplers/auto_pc/inst/gen_axilite.gen_b2s_conv.axilite_b2s/SI_REG/aw.aw_pipe/m_payload_i_reg[39]/Q
                         net (fo=6, routed)           0.901     4.506    design_1_i/ps7_0_axi_periph/s00_couplers/auto_pc/inst/gen_axilite.gen_b2s_conv.axilite_b2s/WR.aw_channel_0/cmd_translator_0/axlen_cnt_reg[3][11]
    SLICE_X33Y96         LUT3 (Prop_lut3_I1_O)        0.296     4.802 f  design_1_i/ps7_0_axi_periph/s00_couplers/auto_pc/inst/gen_axilite.gen_b2s_conv.axilite_b2s/WR.aw_channel_0/cmd_translator_0/FSM_sequential_state[1]_i_2/O
                         net (fo=3, routed)           0.285     5.087    design_1_i/ps7_0_axi_periph/s00_couplers/auto_pc/inst/gen_axilite.gen_b2s_conv.axilite_b2s/WR.aw_channel_0/aw_cmd_fsm_0/FSM_sequential_state_reg[1]_0
    SLICE_X33Y96         LUT6 (Prop_lut6_I3_O)        0.124     5.211 r  design_1_i/ps7_0_axi_periph/s00_couplers/auto_pc/inst/gen_axilite.gen_b2s_conv.axilite_b2s/WR.aw_channel_0/aw_cmd_fsm_0/memory_reg[3][0]_srl4_i_1/O
                         net (fo=30, routed)          1.023     6.233    design_1_i/ps7_0_axi_periph/s00_couplers/auto_pc/inst/gen_axilite.gen_b2s_conv.axilite_b2s/WR.aw_channel_0/aw_cmd_fsm_0/m_axi_awready_0
    SLICE_X34Y94         LUT3 (Prop_lut3_I2_O)        0.150     6.383 r  design_1_i/ps7_0_axi_periph/s00_couplers/auto_pc/inst/gen_axilite.gen_b2s_conv.axilite_b2s/WR.aw_channel_0/aw_cmd_fsm_0/next_pending_r_i_3/O
                         net (fo=15, routed)          0.861     7.244    design_1_i/ps7_0_axi_periph/s00_couplers/auto_pc/inst/gen_axilite.gen_b2s_conv.axilite_b2s/WR.aw_channel_0/cmd_translator_0/incr_cmd_0/next
    SLICE_X31Y94         LUT4 (Prop_lut4_I3_O)        0.348     7.592 r  design_1_i/ps7_0_axi_periph/s00_couplers/auto_pc/inst/gen_axilite.gen_b2s_conv.axilite_b2s/WR.aw_channel_0/cmd_translator_0/incr_cmd_0/axaddr_incr[3]_i_9/O
                         net (fo=1, routed)           0.000     7.592    design_1_i/ps7_0_axi_periph/s00_couplers/auto_pc/inst/gen_axilite.gen_b2s_conv.axilite_b2s/SI_REG/aw.aw_pipe/axaddr_incr_reg[3][1]
    SLICE_X31Y94         CARRY4 (Prop_carry4_S[1]_O[2])
                                                      0.580     8.172 r  design_1_i/ps7_0_axi_periph/s00_couplers/auto_pc/inst/gen_axilite.gen_b2s_conv.axilite_b2s/SI_REG/aw.aw_pipe/axaddr_incr_reg[3]_i_2/O[2]
                         net (fo=1, routed)           0.522     8.694    design_1_i/ps7_0_axi_periph/s00_couplers/auto_pc/inst/gen_axilite.gen_b2s_conv.axilite_b2s/WR.aw_channel_0/cmd_translator_0/incr_cmd_0/axaddr_incr[2]
    SLICE_X30Y94         LUT3 (Prop_lut3_I0_O)        0.302     8.996 r  design_1_i/ps7_0_axi_periph/s00_couplers/auto_pc/inst/gen_axilite.gen_b2s_conv.axilite_b2s/WR.aw_channel_0/cmd_translator_0/incr_cmd_0/axaddr_incr[2]_i_1/O
                         net (fo=1, routed)           0.000     8.996    design_1_i/ps7_0_axi_periph/s00_couplers/auto_pc/inst/gen_axilite.gen_b2s_conv.axilite_b2s/WR.aw_channel_0/cmd_translator_0/incr_cmd_0/p_1_in[2]
    SLICE_X30Y94         FDRE                                         r  design_1_i/ps7_0_axi_periph/s00_couplers/auto_pc/inst/gen_axilite.gen_b2s_conv.axilite_b2s/WR.aw_channel_0/cmd_translator_0/incr_cmd_0/axaddr_incr_reg[2]/D
  -------------------------------------------------------------------    -------------------

                         (clock clk_fpga_0 rise edge)
                                                     10.000    10.000 r  
    PS7_X0Y0             PS7                          0.000    10.000 r  design_1_i/processing_system7_0/inst/PS7_i/FCLKCLK[0]
                         net (fo=1, routed)           1.088    11.088    design_1_i/processing_system7_0/inst/FCLK_CLK_unbuffered[0]
    BUFGCTRL_X0Y16       BUFG (Prop_bufg_I_O)         0.091    11.179 r  design_1_i/processing_system7_0/inst/buffer_fclk_clk_0.FCLK_CLK_0_BUFG/O
                         net (fo=675, routed)         1.525    12.704    design_1_i/ps7_0_axi_periph/s00_couplers/auto_pc/inst/gen_axilite.gen_b2s_conv.axilite_b2s/WR.aw_channel_0/cmd_translator_0/incr_cmd_0/aclk
    SLICE_X30Y94         FDRE                                         r  design_1_i/ps7_0_axi_periph/s00_couplers/auto_pc/inst/gen_axilite.gen_b2s_conv.axilite_b2s/WR.aw_channel_0/cmd_translator_0/incr_cmd_0/axaddr_incr_reg[2]/C
                         clock pessimism              0.129    12.833    
                         clock uncertainty           -0.154    12.679    
    SLICE_X30Y94         FDRE (Setup_fdre_C_D)        0.081    12.760    design_1_i/ps7_0_axi_periph/s00_couplers/auto_pc/inst/gen_axilite.gen_b2s_conv.axilite_b2s/WR.aw_channel_0/cmd_translator_0/incr_cmd_0/axaddr_incr_reg[2]
  -------------------------------------------------------------------
                         required time                         12.760    
                         arrival time                          -8.996    
  -------------------------------------------------------------------
                         slack                                  3.763    

Slack (MET) :             3.790ns  (required time - arrival time)
  Source:                 design_1_i/ps7_0_axi_periph/s00_couplers/auto_pc/inst/gen_axilite.gen_b2s_conv.axilite_b2s/SI_REG/aw.aw_pipe/m_payload_i_reg[39]/C
                            (rising edge-triggered cell FDRE clocked by clk_fpga_0  {rise@0.000ns fall@5.000ns period=10.000ns})
  Destination:            design_1_i/ps7_0_axi_periph/s00_couplers/auto_pc/inst/gen_axilite.gen_b2s_conv.axilite_b2s/WR.aw_channel_0/cmd_translator_0/incr_cmd_0/axaddr_incr_reg[1]/D
                            (rising edge-triggered cell FDRE clocked by clk_fpga_0  {rise@0.000ns fall@5.000ns period=10.000ns})
  Path Group:             clk_fpga_0
  Path Type:              Setup (Max at Slow Process Corner)
  Requirement:            10.000ns  (clk_fpga_0 rise@10.000ns - clk_fpga_0 rise@0.000ns)
  Data Path Delay:        5.820ns  (logic 2.088ns (35.876%)  route 3.732ns (64.124%))
  Logic Levels:           6  (CARRY4=1 LUT3=3 LUT4=1 LUT6=1)
  Clock Path Skew:        -0.353ns (DCD - SCD + CPR)
    Destination Clock Delay (DCD):    2.704ns = ( 12.704 - 10.000 ) 
    Source Clock Delay      (SCD):    3.186ns
    Clock Pessimism Removal (CPR):    0.129ns
  Clock Uncertainty:      0.154ns  ((TSJ^2 + TIJ^2)^1/2 + DJ) / 2 + PE
    Total System Jitter     (TSJ):    0.071ns
    Total Input Jitter      (TIJ):    0.300ns
    Discrete Jitter          (DJ):    0.000ns
    Phase Error              (PE):    0.000ns

    Location             Delay type                Incr(ns)  Path(ns)    Netlist Resource(s)
  -------------------------------------------------------------------    -------------------
                         (clock clk_fpga_0 rise edge)
                                                      0.000     0.000 r  
    PS7_X0Y0             PS7                          0.000     0.000 r  design_1_i/processing_system7_0/inst/PS7_i/FCLKCLK[0]
                         net (fo=1, routed)           1.193     1.193    design_1_i/processing_system7_0/inst/FCLK_CLK_unbuffered[0]
    BUFGCTRL_X0Y16       BUFG (Prop_bufg_I_O)         0.101     1.294 r  design_1_i/processing_system7_0/inst/buffer_fclk_clk_0.FCLK_CLK_0_BUFG/O
                         net (fo=675, routed)         1.892     3.186    design_1_i/ps7_0_axi_periph/s00_couplers/auto_pc/inst/gen_axilite.gen_b2s_conv.axilite_b2s/SI_REG/aw.aw_pipe/aclk
    SLICE_X28Y100        FDRE                                         r  design_1_i/ps7_0_axi_periph/s00_couplers/auto_pc/inst/gen_axilite.gen_b2s_conv.axilite_b2s/SI_REG/aw.aw_pipe/m_payload_i_reg[39]/C
  -------------------------------------------------------------------    -------------------
    SLICE_X28Y100        FDRE (Prop_fdre_C_Q)         0.419     3.605 r  design_1_i/ps7_0_axi_periph/s00_couplers/auto_pc/inst/gen_axilite.gen_b2s_conv.axilite_b2s/SI_REG/aw.aw_pipe/m_payload_i_reg[39]/Q
                         net (fo=6, routed)           0.901     4.506    design_1_i/ps7_0_axi_periph/s00_couplers/auto_pc/inst/gen_axilite.gen_b2s_conv.axilite_b2s/WR.aw_channel_0/cmd_translator_0/axlen_cnt_reg[3][11]
    SLICE_X33Y96         LUT3 (Prop_lut3_I1_O)        0.296     4.802 f  design_1_i/ps7_0_axi_periph/s00_couplers/auto_pc/inst/gen_axilite.gen_b2s_conv.axilite_b2s/WR.aw_channel_0/cmd_translator_0/FSM_sequential_state[1]_i_2/O
                         net (fo=3, routed)           0.285     5.087    design_1_i/ps7_0_axi_periph/s00_couplers/auto_pc/inst/gen_axilite.gen_b2s_conv.axilite_b2s/WR.aw_channel_0/aw_cmd_fsm_0/FSM_sequential_state_reg[1]_0
    SLICE_X33Y96         LUT6 (Prop_lut6_I3_O)        0.124     5.211 r  design_1_i/ps7_0_axi_periph/s00_couplers/auto_pc/inst/gen_axilite.gen_b2s_conv.axilite_b2s/WR.aw_channel_0/aw_cmd_fsm_0/memory_reg[3][0]_srl4_i_1/O
                         net (fo=30, routed)          1.023     6.233    design_1_i/ps7_0_axi_periph/s00_couplers/auto_pc/inst/gen_axilite.gen_b2s_conv.axilite_b2s/WR.aw_channel_0/aw_cmd_fsm_0/m_axi_awready_0
    SLICE_X34Y94         LUT3 (Prop_lut3_I2_O)        0.150     6.383 r  design_1_i/ps7_0_axi_periph/s00_couplers/auto_pc/inst/gen_axilite.gen_b2s_conv.axilite_b2s/WR.aw_channel_0/aw_cmd_fsm_0/next_pending_r_i_3/O
                         net (fo=15, routed)          0.857     7.240    design_1_i/ps7_0_axi_periph/s00_couplers/auto_pc/inst/gen_axilite.gen_b2s_conv.axilite_b2s/WR.aw_channel_0/cmd_translator_0/incr_cmd_0/next
    SLICE_X31Y94         LUT4 (Prop_lut4_I3_O)        0.348     7.588 r  design_1_i/ps7_0_axi_periph/s00_couplers/auto_pc/inst/gen_axilite.gen_b2s_conv.axilite_b2s/WR.aw_channel_0/cmd_translator_0/incr_cmd_0/axaddr_incr[3]_i_10/O
                         net (fo=1, routed)           0.000     7.588    design_1_i/ps7_0_axi_periph/s00_couplers/auto_pc/inst/gen_axilite.gen_b2s_conv.axilite_b2s/SI_REG/aw.aw_pipe/axaddr_incr_reg[3][0]
    SLICE_X31Y94         CARRY4 (Prop_carry4_S[0]_O[1])
                                                      0.424     8.012 r  design_1_i/ps7_0_axi_periph/s00_couplers/auto_pc/inst/gen_axilite.gen_b2s_conv.axilite_b2s/SI_REG/aw.aw_pipe/axaddr_incr_reg[3]_i_2/O[1]
                         net (fo=1, routed)           0.667     8.679    design_1_i/ps7_0_axi_periph/s00_couplers/auto_pc/inst/gen_axilite.gen_b2s_conv.axilite_b2s/WR.aw_channel_0/cmd_translator_0/incr_cmd_0/axaddr_incr[1]
    SLICE_X30Y94         LUT3 (Prop_lut3_I0_O)        0.327     9.006 r  design_1_i/ps7_0_axi_periph/s00_couplers/auto_pc/inst/gen_axilite.gen_b2s_conv.axilite_b2s/WR.aw_channel_0/cmd_translator_0/incr_cmd_0/axaddr_incr[1]_i_1/O
                         net (fo=1, routed)           0.000     9.006    design_1_i/ps7_0_axi_periph/s00_couplers/auto_pc/inst/gen_axilite.gen_b2s_conv.axilite_b2s/WR.aw_channel_0/cmd_translator_0/incr_cmd_0/p_1_in[1]
    SLICE_X30Y94         FDRE                                         r  design_1_i/ps7_0_axi_periph/s00_couplers/auto_pc/inst/gen_axilite.gen_b2s_conv.axilite_b2s/WR.aw_channel_0/cmd_translator_0/incr_cmd_0/axaddr_incr_reg[1]/D
  -------------------------------------------------------------------    -------------------

                         (clock clk_fpga_0 rise edge)
                                                     10.000    10.000 r  
    PS7_X0Y0             PS7                          0.000    10.000 r  design_1_i/processing_system7_0/inst/PS7_i/FCLKCLK[0]
                         net (fo=1, routed)           1.088    11.088    design_1_i/processing_system7_0/inst/FCLK_CLK_unbuffered[0]
    BUFGCTRL_X0Y16       BUFG (Prop_bufg_I_O)         0.091    11.179 r  design_1_i/processing_system7_0/inst/buffer_fclk_clk_0.FCLK_CLK_0_BUFG/O
                         net (fo=675, routed)         1.525    12.704    design_1_i/ps7_0_axi_periph/s00_couplers/auto_pc/inst/gen_axilite.gen_b2s_conv.axilite_b2s/WR.aw_channel_0/cmd_translator_0/incr_cmd_0/aclk
    SLICE_X30Y94         FDRE                                         r  design_1_i/ps7_0_axi_periph/s00_couplers/auto_pc/inst/gen_axilite.gen_b2s_conv.axilite_b2s/WR.aw_channel_0/cmd_translator_0/incr_cmd_0/axaddr_incr_reg[1]/C
                         clock pessimism              0.129    12.833    
                         clock uncertainty           -0.154    12.679    
    SLICE_X30Y94         FDRE (Setup_fdre_C_D)        0.118    12.797    design_1_i/ps7_0_axi_periph/s00_couplers/auto_pc/inst/gen_axilite.gen_b2s_conv.axilite_b2s/WR.aw_channel_0/cmd_translator_0/incr_cmd_0/axaddr_incr_reg[1]
  -------------------------------------------------------------------
                         required time                         12.797    
                         arrival time                          -9.006    
  -------------------------------------------------------------------
                         slack                                  3.790    

Slack (MET) :             4.193ns  (required time - arrival time)
  Source:                 design_1_i/ps7_0_axi_periph/s00_couplers/auto_pc/inst/gen_axilite.gen_b2s_conv.axilite_b2s/SI_REG/aw.aw_pipe/m_payload_i_reg[39]/C
                            (rising edge-triggered cell FDRE clocked by clk_fpga_0  {rise@0.000ns fall@5.000ns period=10.000ns})
  Destination:            design_1_i/ps7_0_axi_periph/s00_couplers/auto_pc/inst/gen_axilite.gen_b2s_conv.axilite_b2s/WR.aw_channel_0/cmd_translator_0/incr_cmd_0/axaddr_incr_reg[0]/D
                            (rising edge-triggered cell FDRE clocked by clk_fpga_0  {rise@0.000ns fall@5.000ns period=10.000ns})
  Path Group:             clk_fpga_0
  Path Type:              Setup (Max at Slow Process Corner)
  Requirement:            10.000ns  (clk_fpga_0 rise@10.000ns - clk_fpga_0 rise@0.000ns)
  Data Path Delay:        5.377ns  (logic 1.883ns (35.020%)  route 3.494ns (64.980%))
  Logic Levels:           6  (CARRY4=1 LUT3=3 LUT4=1 LUT6=1)
  Clock Path Skew:        -0.353ns (DCD - SCD + CPR)
    Destination Clock Delay (DCD):    2.704ns = ( 12.704 - 10.000 ) 
    Source Clock Delay      (SCD):    3.186ns
    Clock Pessimism Removal (CPR):    0.129ns
  Clock Uncertainty:      0.154ns  ((TSJ^2 + TIJ^2)^1/2 + DJ) / 2 + PE
    Total System Jitter     (TSJ):    0.071ns
    Total Input Jitter      (TIJ):    0.300ns
    Discrete Jitter          (DJ):    0.000ns
    Phase Error              (PE):    0.000ns

    Location             Delay type                Incr(ns)  Path(ns)    Netlist Resource(s)
  -------------------------------------------------------------------    -------------------
                         (clock clk_fpga_0 rise edge)
                                                      0.000     0.000 r  
    PS7_X0Y0             PS7                          0.000     0.000 r  design_1_i/processing_system7_0/inst/PS7_i/FCLKCLK[0]
                         net (fo=1, routed)           1.193     1.193    design_1_i/processing_system7_0/inst/FCLK_CLK_unbuffered[0]
    BUFGCTRL_X0Y16       BUFG (Prop_bufg_I_O)         0.101     1.294 r  design_1_i/processing_system7_0/inst/buffer_fclk_clk_0.FCLK_CLK_0_BUFG/O
                         net (fo=675, routed)         1.892     3.186    design_1_i/ps7_0_axi_periph/s00_couplers/auto_pc/inst/gen_axilite.gen_b2s_conv.axilite_b2s/SI_REG/aw.aw_pipe/aclk
    SLICE_X28Y100        FDRE                                         r  design_1_i/ps7_0_axi_periph/s00_couplers/auto_pc/inst/gen_axilite.gen_b2s_conv.axilite_b2s/SI_REG/aw.aw_pipe/m_payload_i_reg[39]/C
  -------------------------------------------------------------------    -------------------
    SLICE_X28Y100        FDRE (Prop_fdre_C_Q)         0.419     3.605 r  design_1_i/ps7_0_axi_periph/s00_couplers/auto_pc/inst/gen_axilite.gen_b2s_conv.axilite_b2s/SI_REG/aw.aw_pipe/m_payload_i_reg[39]/Q
                         net (fo=6, routed)           0.901     4.506    design_1_i/ps7_0_axi_periph/s00_couplers/auto_pc/inst/gen_axilite.gen_b2s_conv.axilite_b2s/WR.aw_channel_0/cmd_translator_0/axlen_cnt_reg[3][11]
    SLICE_X33Y96         LUT3 (Prop_lut3_I1_O)        0.296     4.802 f  design_1_i/ps7_0_axi_periph/s00_couplers/auto_pc/inst/gen_axilite.gen_b2s_conv.axilite_b2s/WR.aw_channel_0/cmd_translator_0/FSM_sequential_state[1]_i_2/O
                         net (fo=3, routed)           0.285     5.087    design_1_i/ps7_0_axi_periph/s00_couplers/auto_pc/inst/gen_axilite.gen_b2s_conv.axilite_b2s/WR.aw_channel_0/aw_cmd_fsm_0/FSM_sequential_state_reg[1]_0
    SLICE_X33Y96         LUT6 (Prop_lut6_I3_O)        0.124     5.211 r  design_1_i/ps7_0_axi_periph/s00_couplers/auto_pc/inst/gen_axilite.gen_b2s_conv.axilite_b2s/WR.aw_channel_0/aw_cmd_fsm_0/memory_reg[3][0]_srl4_i_1/O
                         net (fo=30, routed)          1.023     6.233    design_1_i/ps7_0_axi_periph/s00_couplers/auto_pc/inst/gen_axilite.gen_b2s_conv.axilite_b2s/WR.aw_channel_0/aw_cmd_fsm_0/m_axi_awready_0
    SLICE_X34Y94         LUT3 (Prop_lut3_I2_O)        0.150     6.383 r  design_1_i/ps7_0_axi_periph/s00_couplers/auto_pc/inst/gen_axilite.gen_b2s_conv.axilite_b2s/WR.aw_channel_0/aw_cmd_fsm_0/next_pending_r_i_3/O
                         net (fo=15, routed)          0.857     7.240    design_1_i/ps7_0_axi_periph/s00_couplers/auto_pc/inst/gen_axilite.gen_b2s_conv.axilite_b2s/WR.aw_channel_0/cmd_translator_0/incr_cmd_0/next
    SLICE_X31Y94         LUT4 (Prop_lut4_I3_O)        0.348     7.588 r  design_1_i/ps7_0_axi_periph/s00_couplers/auto_pc/inst/gen_axilite.gen_b2s_conv.axilite_b2s/WR.aw_channel_0/cmd_translator_0/incr_cmd_0/axaddr_incr[3]_i_10/O
                         net (fo=1, routed)           0.000     7.588    design_1_i/ps7_0_axi_periph/s00_couplers/auto_pc/inst/gen_axilite.gen_b2s_conv.axilite_b2s/SI_REG/aw.aw_pipe/axaddr_incr_reg[3][0]
    SLICE_X31Y94         CARRY4 (Prop_carry4_S[0]_O[0])
                                                      0.247     7.835 r  design_1_i/ps7_0_axi_periph/s00_couplers/auto_pc/inst/gen_axilite.gen_b2s_conv.axilite_b2s/SI_REG/aw.aw_pipe/axaddr_incr_reg[3]_i_2/O[0]
                         net (fo=1, routed)           0.429     8.264    design_1_i/ps7_0_axi_periph/s00_couplers/auto_pc/inst/gen_axilite.gen_b2s_conv.axilite_b2s/WR.aw_channel_0/cmd_translator_0/incr_cmd_0/axaddr_incr[0]
    SLICE_X30Y94         LUT3 (Prop_lut3_I0_O)        0.299     8.563 r  design_1_i/ps7_0_axi_periph/s00_couplers/auto_pc/inst/gen_axilite.gen_b2s_conv.axilite_b2s/WR.aw_channel_0/cmd_translator_0/incr_cmd_0/axaddr_incr[0]_i_1/O
                         net (fo=1, routed)           0.000     8.563    design_1_i/ps7_0_axi_periph/s00_couplers/auto_pc/inst/gen_axilite.gen_b2s_conv.axilite_b2s/WR.aw_channel_0/cmd_translator_0/incr_cmd_0/p_1_in[0]
    SLICE_X30Y94         FDRE                                         r  design_1_i/ps7_0_axi_periph/s00_couplers/auto_pc/inst/gen_axilite.gen_b2s_conv.axilite_b2s/WR.aw_channel_0/cmd_translator_0/incr_cmd_0/axaddr_incr_reg[0]/D
  -------------------------------------------------------------------    -------------------

                         (clock clk_fpga_0 rise edge)
                                                     10.000    10.000 r  
    PS7_X0Y0             PS7                          0.000    10.000 r  design_1_i/processing_system7_0/inst/PS7_i/FCLKCLK[0]
                         net (fo=1, routed)           1.088    11.088    design_1_i/processing_system7_0/inst/FCLK_CLK_unbuffered[0]
    BUFGCTRL_X0Y16       BUFG (Prop_bufg_I_O)         0.091    11.179 r  design_1_i/processing_system7_0/inst/buffer_fclk_clk_0.FCLK_CLK_0_BUFG/O
                         net (fo=675, routed)         1.525    12.704    design_1_i/ps7_0_axi_periph/s00_couplers/auto_pc/inst/gen_axilite.gen_b2s_conv.axilite_b2s/WR.aw_channel_0/cmd_translator_0/incr_cmd_0/aclk
    SLICE_X30Y94         FDRE                                         r  design_1_i/ps7_0_axi_periph/s00_couplers/auto_pc/inst/gen_axilite.gen_b2s_conv.axilite_b2s/WR.aw_channel_0/cmd_translator_0/incr_cmd_0/axaddr_incr_reg[0]/C
                         clock pessimism              0.129    12.833    
                         clock uncertainty           -0.154    12.679    
    SLICE_X30Y94         FDRE (Setup_fdre_C_D)        0.077    12.756    design_1_i/ps7_0_axi_periph/s00_couplers/auto_pc/inst/gen_axilite.gen_b2s_conv.axilite_b2s/WR.aw_channel_0/cmd_translator_0/incr_cmd_0/axaddr_incr_reg[0]
  -------------------------------------------------------------------
                         required time                         12.756    
                         arrival time                          -8.563    
  -------------------------------------------------------------------
                         slack                                  4.193    

Slack (MET) :             4.382ns  (required time - arrival time)
  Source:                 design_1_i/ps7_0_axi_periph/s00_couplers/auto_pc/inst/gen_axilite.gen_b2s_conv.axilite_b2s/SI_REG/aw.aw_pipe/m_payload_i_reg[36]/C
                            (rising edge-triggered cell FDRE clocked by clk_fpga_0  {rise@0.000ns fall@5.000ns period=10.000ns})
  Destination:            design_1_i/ps7_0_axi_periph/s00_couplers/auto_pc/inst/gen_axilite.gen_b2s_conv.axilite_b2s/WR.aw_channel_0/cmd_translator_0/wrap_cmd_0/wrap_cnt_r_reg[2]/D
                            (rising edge-triggered cell FDRE clocked by clk_fpga_0  {rise@0.000ns fall@5.000ns period=10.000ns})
  Path Group:             clk_fpga_0
  Path Type:              Setup (Max at Slow Process Corner)
  Requirement:            10.000ns  (clk_fpga_0 rise@10.000ns - clk_fpga_0 rise@0.000ns)
  Data Path Delay:        5.095ns  (logic 1.090ns (21.392%)  route 4.005ns (78.608%))
  Logic Levels:           4  (LUT6=4)
  Clock Path Skew:        -0.399ns (DCD - SCD + CPR)
    Destination Clock Delay (DCD):    2.658ns = ( 12.658 - 10.000 ) 
    Source Clock Delay      (SCD):    3.186ns
    Clock Pessimism Removal (CPR):    0.129ns
  Clock Uncertainty:      0.154ns  ((TSJ^2 + TIJ^2)^1/2 + DJ) / 2 + PE
    Total System Jitter     (TSJ):    0.071ns
    Total Input Jitter      (TIJ):    0.300ns
    Discrete Jitter          (DJ):    0.000ns
    Phase Error              (PE):    0.000ns

    Location             Delay type                Incr(ns)  Path(ns)    Netlist Resource(s)
  -------------------------------------------------------------------    -------------------
                         (clock clk_fpga_0 rise edge)
                                                      0.000     0.000 r  
    PS7_X0Y0             PS7                          0.000     0.000 r  design_1_i/processing_system7_0/inst/PS7_i/FCLKCLK[0]
                         net (fo=1, routed)           1.193     1.193    design_1_i/processing_system7_0/inst/FCLK_CLK_unbuffered[0]
    BUFGCTRL_X0Y16       BUFG (Prop_bufg_I_O)         0.101     1.294 r  design_1_i/processing_system7_0/inst/buffer_fclk_clk_0.FCLK_CLK_0_BUFG/O
                         net (fo=675, routed)         1.892     3.186    design_1_i/ps7_0_axi_periph/s00_couplers/auto_pc/inst/gen_axilite.gen_b2s_conv.axilite_b2s/SI_REG/aw.aw_pipe/aclk
    SLICE_X28Y100        FDRE                                         r  design_1_i/ps7_0_axi_periph/s00_couplers/auto_pc/inst/gen_axilite.gen_b2s_conv.axilite_b2s/SI_REG/aw.aw_pipe/m_payload_i_reg[36]/C
  -------------------------------------------------------------------    -------------------
    SLICE_X28Y100        FDRE (Prop_fdre_C_Q)         0.419     3.605 r  design_1_i/ps7_0_axi_periph/s00_couplers/auto_pc/inst/gen_axilite.gen_b2s_conv.axilite_b2s/SI_REG/aw.aw_pipe/m_payload_i_reg[36]/Q
                         net (fo=26, routed)          1.704     5.309    design_1_i/ps7_0_axi_periph/s00_couplers/auto_pc/inst/gen_axilite.gen_b2s_conv.axilite_b2s/SI_REG/aw.aw_pipe/m_payload_i_reg[61]_0[36]
    SLICE_X33Y93         LUT6 (Prop_lut6_I3_O)        0.299     5.608 r  design_1_i/ps7_0_axi_periph/s00_couplers/auto_pc/inst/gen_axilite.gen_b2s_conv.axilite_b2s/SI_REG/aw.aw_pipe/axaddr_offset_r[0]_i_2/O
                         net (fo=1, routed)           0.568     6.176    design_1_i/ps7_0_axi_periph/s00_couplers/auto_pc/inst/gen_axilite.gen_b2s_conv.axilite_b2s/WR.aw_channel_0/aw_cmd_fsm_0/axaddr_offset_r_reg[0]
    SLICE_X35Y93         LUT6 (Prop_lut6_I5_O)        0.124     6.300 r  design_1_i/ps7_0_axi_periph/s00_couplers/auto_pc/inst/gen_axilite.gen_b2s_conv.axilite_b2s/WR.aw_channel_0/aw_cmd_fsm_0/axaddr_offset_r[0]_i_1/O
                         net (fo=9, routed)           1.043     7.343    design_1_i/ps7_0_axi_periph/s00_couplers/auto_pc/inst/gen_axilite.gen_b2s_conv.axilite_b2s/WR.aw_channel_0/aw_cmd_fsm_0/axaddr_offset[0]
    SLICE_X37Y94         LUT6 (Prop_lut6_I3_O)        0.124     7.467 r  design_1_i/ps7_0_axi_periph/s00_couplers/auto_pc/inst/gen_axilite.gen_b2s_conv.axilite_b2s/WR.aw_channel_0/aw_cmd_fsm_0/wrap_second_len_r[1]_i_1/O
                         net (fo=3, routed)           0.690     8.157    design_1_i/ps7_0_axi_periph/s00_couplers/auto_pc/inst/gen_axilite.gen_b2s_conv.axilite_b2s/WR.aw_channel_0/aw_cmd_fsm_0/wrap_second_len_r_reg[3][1]
    SLICE_X37Y94         LUT6 (Prop_lut6_I5_O)        0.124     8.281 r  design_1_i/ps7_0_axi_periph/s00_couplers/auto_pc/inst/gen_axilite.gen_b2s_conv.axilite_b2s/WR.aw_channel_0/aw_cmd_fsm_0/wrap_cnt_r[2]_i_1/O
                         net (fo=1, routed)           0.000     8.281    design_1_i/ps7_0_axi_periph/s00_couplers/auto_pc/inst/gen_axilite.gen_b2s_conv.axilite_b2s/WR.aw_channel_0/cmd_translator_0/wrap_cmd_0/wrap_cnt_r_reg[3]_0[2]
    SLICE_X37Y94         FDRE                                         r  design_1_i/ps7_0_axi_periph/s00_couplers/auto_pc/inst/gen_axilite.gen_b2s_conv.axilite_b2s/WR.aw_channel_0/cmd_translator_0/wrap_cmd_0/wrap_cnt_r_reg[2]/D
  -------------------------------------------------------------------    -------------------

                         (clock clk_fpga_0 rise edge)
                                                     10.000    10.000 r  
    PS7_X0Y0             PS7                          0.000    10.000 r  design_1_i/processing_system7_0/inst/PS7_i/FCLKCLK[0]
                         net (fo=1, routed)           1.088    11.088    design_1_i/processing_system7_0/inst/FCLK_CLK_unbuffered[0]
    BUFGCTRL_X0Y16       BUFG (Prop_bufg_I_O)         0.091    11.179 r  design_1_i/processing_system7_0/inst/buffer_fclk_clk_0.FCLK_CLK_0_BUFG/O
                         net (fo=675, routed)         1.479    12.658    design_1_i/ps7_0_axi_periph/s00_couplers/auto_pc/inst/gen_axilite.gen_b2s_conv.axilite_b2s/WR.aw_channel_0/cmd_translator_0/wrap_cmd_0/aclk
    SLICE_X37Y94         FDRE                                         r  design_1_i/ps7_0_axi_periph/s00_couplers/auto_pc/inst/gen_axilite.gen_b2s_conv.axilite_b2s/WR.aw_channel_0/cmd_translator_0/wrap_cmd_0/wrap_cnt_r_reg[2]/C
                         clock pessimism              0.129    12.787    
                         clock uncertainty           -0.154    12.633    
    SLICE_X37Y94         FDRE (Setup_fdre_C_D)        0.031    12.664    design_1_i/ps7_0_axi_periph/s00_couplers/auto_pc/inst/gen_axilite.gen_b2s_conv.axilite_b2s/WR.aw_channel_0/cmd_translator_0/wrap_cmd_0/wrap_cnt_r_reg[2]
  -------------------------------------------------------------------
                         required time                         12.664    
                         arrival time                          -8.281    
  -------------------------------------------------------------------
                         slack                                  4.382    

Slack (MET) :             4.394ns  (required time - arrival time)
  Source:                 design_1_i/ps7_0_axi_periph/s00_couplers/auto_pc/inst/gen_axilite.gen_b2s_conv.axilite_b2s/SI_REG/ar.ar_pipe/m_valid_i_reg/C
                            (rising edge-triggered cell FDRE clocked by clk_fpga_0  {rise@0.000ns fall@5.000ns period=10.000ns})
  Destination:            design_1_i/ps7_0_axi_periph/s00_couplers/auto_pc/inst/gen_axilite.gen_b2s_conv.axilite_b2s/RD.ar_channel_0/cmd_translator_0/incr_cmd_0/axlen_cnt_reg[4]/R
                            (rising edge-triggered cell FDRE clocked by clk_fpga_0  {rise@0.000ns fall@5.000ns period=10.000ns})
  Path Group:             clk_fpga_0
  Path Type:              Setup (Max at Slow Process Corner)
  Requirement:            10.000ns  (clk_fpga_0 rise@10.000ns - clk_fpga_0 rise@0.000ns)
  Data Path Delay:        4.818ns  (logic 1.058ns (21.960%)  route 3.760ns (78.040%))
  Logic Levels:           3  (LUT3=1 LUT5=2)
  Clock Path Skew:        -0.110ns (DCD - SCD + CPR)
    Destination Clock Delay (DCD):    2.652ns = ( 12.652 - 10.000 ) 
    Source Clock Delay      (SCD):    2.991ns
    Clock Pessimism Removal (CPR):    0.229ns
  Clock Uncertainty:      0.154ns  ((TSJ^2 + TIJ^2)^1/2 + DJ) / 2 + PE
    Total System Jitter     (TSJ):    0.071ns
    Total Input Jitter      (TIJ):    0.300ns
    Discrete Jitter          (DJ):    0.000ns
    Phase Error              (PE):    0.000ns

    Location             Delay type                Incr(ns)  Path(ns)    Netlist Resource(s)
  -------------------------------------------------------------------    -------------------
                         (clock clk_fpga_0 rise edge)
                                                      0.000     0.000 r  
    PS7_X0Y0             PS7                          0.000     0.000 r  design_1_i/processing_system7_0/inst/PS7_i/FCLKCLK[0]
                         net (fo=1, routed)           1.193     1.193    design_1_i/processing_system7_0/inst/FCLK_CLK_unbuffered[0]
    BUFGCTRL_X0Y16       BUFG (Prop_bufg_I_O)         0.101     1.294 r  design_1_i/processing_system7_0/inst/buffer_fclk_clk_0.FCLK_CLK_0_BUFG/O
                         net (fo=675, routed)         1.697     2.991    design_1_i/ps7_0_axi_periph/s00_couplers/auto_pc/inst/gen_axilite.gen_b2s_conv.axilite_b2s/SI_REG/ar.ar_pipe/aclk
    SLICE_X29Y90         FDRE                                         r  design_1_i/ps7_0_axi_periph/s00_couplers/auto_pc/inst/gen_axilite.gen_b2s_conv.axilite_b2s/SI_REG/ar.ar_pipe/m_valid_i_reg/C
  -------------------------------------------------------------------    -------------------
    SLICE_X29Y90         FDRE (Prop_fdre_C_Q)         0.456     3.447 r  design_1_i/ps7_0_axi_periph/s00_couplers/auto_pc/inst/gen_axilite.gen_b2s_conv.axilite_b2s/SI_REG/ar.ar_pipe/m_valid_i_reg/Q
                         net (fo=20, routed)          1.761     5.208    design_1_i/ps7_0_axi_periph/s00_couplers/auto_pc/inst/gen_axilite.gen_b2s_conv.axilite_b2s/RD.ar_channel_0/ar_cmd_fsm_0/si_rs_arvalid
    SLICE_X34Y87         LUT3 (Prop_lut3_I2_O)        0.150     5.358 f  design_1_i/ps7_0_axi_periph/s00_couplers/auto_pc/inst/gen_axilite.gen_b2s_conv.axilite_b2s/RD.ar_channel_0/ar_cmd_fsm_0/axlen_cnt[2]_i_2__0/O
                         net (fo=15, routed)          0.747     6.105    design_1_i/ps7_0_axi_periph/s00_couplers/auto_pc/inst/gen_axilite.gen_b2s_conv.axilite_b2s/RD.ar_channel_0/cmd_translator_0/incr_cmd_0/axlen_cnt_reg[2]_0
    SLICE_X34Y83         LUT5 (Prop_lut5_I0_O)        0.328     6.433 f  design_1_i/ps7_0_axi_periph/s00_couplers/auto_pc/inst/gen_axilite.gen_b2s_conv.axilite_b2s/RD.ar_channel_0/cmd_translator_0/incr_cmd_0/next_pending_r_i_2__0/O
                         net (fo=6, routed)           0.610     7.043    design_1_i/ps7_0_axi_periph/s00_couplers/auto_pc/inst/gen_axilite.gen_b2s_conv.axilite_b2s/RD.ar_channel_0/ar_cmd_fsm_0/axlen_cnt_reg[7]
    SLICE_X32Y86         LUT5 (Prop_lut5_I4_O)        0.124     7.167 r  design_1_i/ps7_0_axi_periph/s00_couplers/auto_pc/inst/gen_axilite.gen_b2s_conv.axilite_b2s/RD.ar_channel_0/ar_cmd_fsm_0/axlen_cnt[7]_i_1/O
                         net (fo=4, routed)           0.641     7.809    design_1_i/ps7_0_axi_periph/s00_couplers/auto_pc/inst/gen_axilite.gen_b2s_conv.axilite_b2s/RD.ar_channel_0/cmd_translator_0/incr_cmd_0/axlen_cnt_reg[7]_1
    SLICE_X34Y83         FDRE                                         r  design_1_i/ps7_0_axi_periph/s00_couplers/auto_pc/inst/gen_axilite.gen_b2s_conv.axilite_b2s/RD.ar_channel_0/cmd_translator_0/incr_cmd_0/axlen_cnt_reg[4]/R
  -------------------------------------------------------------------    -------------------

                         (clock clk_fpga_0 rise edge)
                                                     10.000    10.000 r  
    PS7_X0Y0             PS7                          0.000    10.000 r  design_1_i/processing_system7_0/inst/PS7_i/FCLKCLK[0]
                         net (fo=1, routed)           1.088    11.088    design_1_i/processing_system7_0/inst/FCLK_CLK_unbuffered[0]
    BUFGCTRL_X0Y16       BUFG (Prop_bufg_I_O)         0.091    11.179 r  design_1_i/processing_system7_0/inst/buffer_fclk_clk_0.FCLK_CLK_0_BUFG/O
                         net (fo=675, routed)         1.473    12.652    design_1_i/ps7_0_axi_periph/s00_couplers/auto_pc/inst/gen_axilite.gen_b2s_conv.axilite_b2s/RD.ar_channel_0/cmd_translator_0/incr_cmd_0/aclk
    SLICE_X34Y83         FDRE                                         r  design_1_i/ps7_0_axi_periph/s00_couplers/auto_pc/inst/gen_axilite.gen_b2s_conv.axilite_b2s/RD.ar_channel_0/cmd_translator_0/incr_cmd_0/axlen_cnt_reg[4]/C
                         clock pessimism              0.229    12.881    
                         clock uncertainty           -0.154    12.727    
    SLICE_X34Y83         FDRE (Setup_fdre_C_R)       -0.524    12.203    design_1_i/ps7_0_axi_periph/s00_couplers/auto_pc/inst/gen_axilite.gen_b2s_conv.axilite_b2s/RD.ar_channel_0/cmd_translator_0/incr_cmd_0/axlen_cnt_reg[4]
  -------------------------------------------------------------------
                         required time                         12.203    
                         arrival time                          -7.809    
  -------------------------------------------------------------------
                         slack                                  4.394    

Slack (MET) :             4.394ns  (required time - arrival time)
  Source:                 design_1_i/ps7_0_axi_periph/s00_couplers/auto_pc/inst/gen_axilite.gen_b2s_conv.axilite_b2s/SI_REG/ar.ar_pipe/m_valid_i_reg/C
                            (rising edge-triggered cell FDRE clocked by clk_fpga_0  {rise@0.000ns fall@5.000ns period=10.000ns})
  Destination:            design_1_i/ps7_0_axi_periph/s00_couplers/auto_pc/inst/gen_axilite.gen_b2s_conv.axilite_b2s/RD.ar_channel_0/cmd_translator_0/incr_cmd_0/axlen_cnt_reg[6]/R
                            (rising edge-triggered cell FDRE clocked by clk_fpga_0  {rise@0.000ns fall@5.000ns period=10.000ns})
  Path Group:             clk_fpga_0
  Path Type:              Setup (Max at Slow Process Corner)
  Requirement:            10.000ns  (clk_fpga_0 rise@10.000ns - clk_fpga_0 rise@0.000ns)
  Data Path Delay:        4.818ns  (logic 1.058ns (21.960%)  route 3.760ns (78.040%))
  Logic Levels:           3  (LUT3=1 LUT5=2)
  Clock Path Skew:        -0.110ns (DCD - SCD + CPR)
    Destination Clock Delay (DCD):    2.652ns = ( 12.652 - 10.000 ) 
    Source Clock Delay      (SCD):    2.991ns
    Clock Pessimism Removal (CPR):    0.229ns
  Clock Uncertainty:      0.154ns  ((TSJ^2 + TIJ^2)^1/2 + DJ) / 2 + PE
    Total System Jitter     (TSJ):    0.071ns
    Total Input Jitter      (TIJ):    0.300ns
    Discrete Jitter          (DJ):    0.000ns
    Phase Error              (PE):    0.000ns

    Location             Delay type                Incr(ns)  Path(ns)    Netlist Resource(s)
  -------------------------------------------------------------------    -------------------
                         (clock clk_fpga_0 rise edge)
                                                      0.000     0.000 r  
    PS7_X0Y0             PS7                          0.000     0.000 r  design_1_i/processing_system7_0/inst/PS7_i/FCLKCLK[0]
                         net (fo=1, routed)           1.193     1.193    design_1_i/processing_system7_0/inst/FCLK_CLK_unbuffered[0]
    BUFGCTRL_X0Y16       BUFG (Prop_bufg_I_O)         0.101     1.294 r  design_1_i/processing_system7_0/inst/buffer_fclk_clk_0.FCLK_CLK_0_BUFG/O
                         net (fo=675, routed)         1.697     2.991    design_1_i/ps7_0_axi_periph/s00_couplers/auto_pc/inst/gen_axilite.gen_b2s_conv.axilite_b2s/SI_REG/ar.ar_pipe/aclk
    SLICE_X29Y90         FDRE                                         r  design_1_i/ps7_0_axi_periph/s00_couplers/auto_pc/inst/gen_axilite.gen_b2s_conv.axilite_b2s/SI_REG/ar.ar_pipe/m_valid_i_reg/C
  -------------------------------------------------------------------    -------------------
    SLICE_X29Y90         FDRE (Prop_fdre_C_Q)         0.456     3.447 r  design_1_i/ps7_0_axi_periph/s00_couplers/auto_pc/inst/gen_axilite.gen_b2s_conv.axilite_b2s/SI_REG/ar.ar_pipe/m_valid_i_reg/Q
                         net (fo=20, routed)          1.761     5.208    design_1_i/ps7_0_axi_periph/s00_couplers/auto_pc/inst/gen_axilite.gen_b2s_conv.axilite_b2s/RD.ar_channel_0/ar_cmd_fsm_0/si_rs_arvalid
    SLICE_X34Y87         LUT3 (Prop_lut3_I2_O)        0.150     5.358 f  design_1_i/ps7_0_axi_periph/s00_couplers/auto_pc/inst/gen_axilite.gen_b2s_conv.axilite_b2s/RD.ar_channel_0/ar_cmd_fsm_0/axlen_cnt[2]_i_2__0/O
                         net (fo=15, routed)          0.747     6.105    design_1_i/ps7_0_axi_periph/s00_couplers/auto_pc/inst/gen_axilite.gen_b2s_conv.axilite_b2s/RD.ar_channel_0/cmd_translator_0/incr_cmd_0/axlen_cnt_reg[2]_0
    SLICE_X34Y83         LUT5 (Prop_lut5_I0_O)        0.328     6.433 f  design_1_i/ps7_0_axi_periph/s00_couplers/auto_pc/inst/gen_axilite.gen_b2s_conv.axilite_b2s/RD.ar_channel_0/cmd_translator_0/incr_cmd_0/next_pending_r_i_2__0/O
                         net (fo=6, routed)           0.610     7.043    design_1_i/ps7_0_axi_periph/s00_couplers/auto_pc/inst/gen_axilite.gen_b2s_conv.axilite_b2s/RD.ar_channel_0/ar_cmd_fsm_0/axlen_cnt_reg[7]
    SLICE_X32Y86         LUT5 (Prop_lut5_I4_O)        0.124     7.167 r  design_1_i/ps7_0_axi_periph/s00_couplers/auto_pc/inst/gen_axilite.gen_b2s_conv.axilite_b2s/RD.ar_channel_0/ar_cmd_fsm_0/axlen_cnt[7]_i_1/O
                         net (fo=4, routed)           0.641     7.809    design_1_i/ps7_0_axi_periph/s00_couplers/auto_pc/inst/gen_axilite.gen_b2s_conv.axilite_b2s/RD.ar_channel_0/cmd_translator_0/incr_cmd_0/axlen_cnt_reg[7]_1
    SLICE_X34Y83         FDRE                                         r  design_1_i/ps7_0_axi_periph/s00_couplers/auto_pc/inst/gen_axilite.gen_b2s_conv.axilite_b2s/RD.ar_channel_0/cmd_translator_0/incr_cmd_0/axlen_cnt_reg[6]/R
  -------------------------------------------------------------------    -------------------

                         (clock clk_fpga_0 rise edge)
                                                     10.000    10.000 r  
    PS7_X0Y0             PS7                          0.000    10.000 r  design_1_i/processing_system7_0/inst/PS7_i/FCLKCLK[0]
                         net (fo=1, routed)           1.088    11.088    design_1_i/processing_system7_0/inst/FCLK_CLK_unbuffered[0]
    BUFGCTRL_X0Y16       BUFG (Prop_bufg_I_O)         0.091    11.179 r  design_1_i/processing_system7_0/inst/buffer_fclk_clk_0.FCLK_CLK_0_BUFG/O
                         net (fo=675, routed)         1.473    12.652    design_1_i/ps7_0_axi_periph/s00_couplers/auto_pc/inst/gen_axilite.gen_b2s_conv.axilite_b2s/RD.ar_channel_0/cmd_translator_0/incr_cmd_0/aclk
    SLICE_X34Y83         FDRE                                         r  design_1_i/ps7_0_axi_periph/s00_couplers/auto_pc/inst/gen_axilite.gen_b2s_conv.axilite_b2s/RD.ar_channel_0/cmd_translator_0/incr_cmd_0/axlen_cnt_reg[6]/C
                         clock pessimism              0.229    12.881    
                         clock uncertainty           -0.154    12.727    
    SLICE_X34Y83         FDRE (Setup_fdre_C_R)       -0.524    12.203    design_1_i/ps7_0_axi_periph/s00_couplers/auto_pc/inst/gen_axilite.gen_b2s_conv.axilite_b2s/RD.ar_channel_0/cmd_translator_0/incr_cmd_0/axlen_cnt_reg[6]
  -------------------------------------------------------------------
                         required time                         12.203    
                         arrival time                          -7.809    
  -------------------------------------------------------------------
                         slack                                  4.394    

Slack (MET) :             4.394ns  (required time - arrival time)
  Source:                 design_1_i/ps7_0_axi_periph/s00_couplers/auto_pc/inst/gen_axilite.gen_b2s_conv.axilite_b2s/SI_REG/ar.ar_pipe/m_valid_i_reg/C
                            (rising edge-triggered cell FDRE clocked by clk_fpga_0  {rise@0.000ns fall@5.000ns period=10.000ns})
  Destination:            design_1_i/ps7_0_axi_periph/s00_couplers/auto_pc/inst/gen_axilite.gen_b2s_conv.axilite_b2s/RD.ar_channel_0/cmd_translator_0/incr_cmd_0/axlen_cnt_reg[7]/R
                            (rising edge-triggered cell FDRE clocked by clk_fpga_0  {rise@0.000ns fall@5.000ns period=10.000ns})
  Path Group:             clk_fpga_0
  Path Type:              Setup (Max at Slow Process Corner)
  Requirement:            10.000ns  (clk_fpga_0 rise@10.000ns - clk_fpga_0 rise@0.000ns)
  Data Path Delay:        4.818ns  (logic 1.058ns (21.960%)  route 3.760ns (78.040%))
  Logic Levels:           3  (LUT3=1 LUT5=2)
  Clock Path Skew:        -0.110ns (DCD - SCD + CPR)
    Destination Clock Delay (DCD):    2.652ns = ( 12.652 - 10.000 ) 
    Source Clock Delay      (SCD):    2.991ns
    Clock Pessimism Removal (CPR):    0.229ns
  Clock Uncertainty:      0.154ns  ((TSJ^2 + TIJ^2)^1/2 + DJ) / 2 + PE
    Total System Jitter     (TSJ):    0.071ns
    Total Input Jitter      (TIJ):    0.300ns
    Discrete Jitter          (DJ):    0.000ns
    Phase Error              (PE):    0.000ns

    Location             Delay type                Incr(ns)  Path(ns)    Netlist Resource(s)
  -------------------------------------------------------------------    -------------------
                         (clock clk_fpga_0 rise edge)
                                                      0.000     0.000 r  
    PS7_X0Y0             PS7                          0.000     0.000 r  design_1_i/processing_system7_0/inst/PS7_i/FCLKCLK[0]
                         net (fo=1, routed)           1.193     1.193    design_1_i/processing_system7_0/inst/FCLK_CLK_unbuffered[0]
    BUFGCTRL_X0Y16       BUFG (Prop_bufg_I_O)         0.101     1.294 r  design_1_i/processing_system7_0/inst/buffer_fclk_clk_0.FCLK_CLK_0_BUFG/O
                         net (fo=675, routed)         1.697     2.991    design_1_i/ps7_0_axi_periph/s00_couplers/auto_pc/inst/gen_axilite.gen_b2s_conv.axilite_b2s/SI_REG/ar.ar_pipe/aclk
    SLICE_X29Y90         FDRE                                         r  design_1_i/ps7_0_axi_periph/s00_couplers/auto_pc/inst/gen_axilite.gen_b2s_conv.axilite_b2s/SI_REG/ar.ar_pipe/m_valid_i_reg/C
  -------------------------------------------------------------------    -------------------
    SLICE_X29Y90         FDRE (Prop_fdre_C_Q)         0.456     3.447 r  design_1_i/ps7_0_axi_periph/s00_couplers/auto_pc/inst/gen_axilite.gen_b2s_conv.axilite_b2s/SI_REG/ar.ar_pipe/m_valid_i_reg/Q
                         net (fo=20, routed)          1.761     5.208    design_1_i/ps7_0_axi_periph/s00_couplers/auto_pc/inst/gen_axilite.gen_b2s_conv.axilite_b2s/RD.ar_channel_0/ar_cmd_fsm_0/si_rs_arvalid
    SLICE_X34Y87         LUT3 (Prop_lut3_I2_O)        0.150     5.358 f  design_1_i/ps7_0_axi_periph/s00_couplers/auto_pc/inst/gen_axilite.gen_b2s_conv.axilite_b2s/RD.ar_channel_0/ar_cmd_fsm_0/axlen_cnt[2]_i_2__0/O
                         net (fo=15, routed)          0.747     6.105    design_1_i/ps7_0_axi_periph/s00_couplers/auto_pc/inst/gen_axilite.gen_b2s_conv.axilite_b2s/RD.ar_channel_0/cmd_translator_0/incr_cmd_0/axlen_cnt_reg[2]_0
    SLICE_X34Y83         LUT5 (Prop_lut5_I0_O)        0.328     6.433 f  design_1_i/ps7_0_axi_periph/s00_couplers/auto_pc/inst/gen_axilite.gen_b2s_conv.axilite_b2s/RD.ar_channel_0/cmd_translator_0/incr_cmd_0/next_pending_r_i_2__0/O
                         net (fo=6, routed)           0.610     7.043    design_1_i/ps7_0_axi_periph/s00_couplers/auto_pc/inst/gen_axilite.gen_b2s_conv.axilite_b2s/RD.ar_channel_0/ar_cmd_fsm_0/axlen_cnt_reg[7]
    SLICE_X32Y86         LUT5 (Prop_lut5_I4_O)        0.124     7.167 r  design_1_i/ps7_0_axi_periph/s00_couplers/auto_pc/inst/gen_axilite.gen_b2s_conv.axilite_b2s/RD.ar_channel_0/ar_cmd_fsm_0/axlen_cnt[7]_i_1/O
                         net (fo=4, routed)           0.641     7.809    design_1_i/ps7_0_axi_periph/s00_couplers/auto_pc/inst/gen_axilite.gen_b2s_conv.axilite_b2s/RD.ar_channel_0/cmd_translator_0/incr_cmd_0/axlen_cnt_reg[7]_1
    SLICE_X34Y83         FDRE                                         r  design_1_i/ps7_0_axi_periph/s00_couplers/auto_pc/inst/gen_axilite.gen_b2s_conv.axilite_b2s/RD.ar_channel_0/cmd_translator_0/incr_cmd_0/axlen_cnt_reg[7]/R
  -------------------------------------------------------------------    -------------------

                         (clock clk_fpga_0 rise edge)
                                                     10.000    10.000 r  
    PS7_X0Y0             PS7                          0.000    10.000 r  design_1_i/processing_system7_0/inst/PS7_i/FCLKCLK[0]
                         net (fo=1, routed)           1.088    11.088    design_1_i/processing_system7_0/inst/FCLK_CLK_unbuffered[0]
    BUFGCTRL_X0Y16       BUFG (Prop_bufg_I_O)         0.091    11.179 r  design_1_i/processing_system7_0/inst/buffer_fclk_clk_0.FCLK_CLK_0_BUFG/O
                         net (fo=675, routed)         1.473    12.652    design_1_i/ps7_0_axi_periph/s00_couplers/auto_pc/inst/gen_axilite.gen_b2s_conv.axilite_b2s/RD.ar_channel_0/cmd_translator_0/incr_cmd_0/aclk
    SLICE_X34Y83         FDRE                                         r  design_1_i/ps7_0_axi_periph/s00_couplers/auto_pc/inst/gen_axilite.gen_b2s_conv.axilite_b2s/RD.ar_channel_0/cmd_translator_0/incr_cmd_0/axlen_cnt_reg[7]/C
                         clock pessimism              0.229    12.881    
                         clock uncertainty           -0.154    12.727    
    SLICE_X34Y83         FDRE (Setup_fdre_C_R)       -0.524    12.203    design_1_i/ps7_0_axi_periph/s00_couplers/auto_pc/inst/gen_axilite.gen_b2s_conv.axilite_b2s/RD.ar_channel_0/cmd_translator_0/incr_cmd_0/axlen_cnt_reg[7]
  -------------------------------------------------------------------
                         required time                         12.203    
                         arrival time                          -7.809    
  -------------------------------------------------------------------
                         slack                                  4.394    

Slack (MET) :             4.423ns  (required time - arrival time)
  Source:                 design_1_i/ps7_0_axi_periph/s00_couplers/auto_pc/inst/gen_axilite.gen_b2s_conv.axilite_b2s/SI_REG/aw.aw_pipe/m_payload_i_reg[36]/C
                            (rising edge-triggered cell FDRE clocked by clk_fpga_0  {rise@0.000ns fall@5.000ns period=10.000ns})
  Destination:            design_1_i/ps7_0_axi_periph/s00_couplers/auto_pc/inst/gen_axilite.gen_b2s_conv.axilite_b2s/WR.aw_channel_0/cmd_translator_0/wrap_cmd_0/wrap_cnt_r_reg[3]/D
                            (rising edge-triggered cell FDRE clocked by clk_fpga_0  {rise@0.000ns fall@5.000ns period=10.000ns})
  Path Group:             clk_fpga_0
  Path Type:              Setup (Max at Slow Process Corner)
  Requirement:            10.000ns  (clk_fpga_0 rise@10.000ns - clk_fpga_0 rise@0.000ns)
  Data Path Delay:        5.055ns  (logic 1.090ns (21.564%)  route 3.965ns (78.436%))
  Logic Levels:           4  (LUT4=1 LUT6=3)
  Clock Path Skew:        -0.399ns (DCD - SCD + CPR)
    Destination Clock Delay (DCD):    2.658ns = ( 12.658 - 10.000 ) 
    Source Clock Delay      (SCD):    3.186ns
    Clock Pessimism Removal (CPR):    0.129ns
  Clock Uncertainty:      0.154ns  ((TSJ^2 + TIJ^2)^1/2 + DJ) / 2 + PE
    Total System Jitter     (TSJ):    0.071ns
    Total Input Jitter      (TIJ):    0.300ns
    Discrete Jitter          (DJ):    0.000ns
    Phase Error              (PE):    0.000ns

    Location             Delay type                Incr(ns)  Path(ns)    Netlist Resource(s)
  -------------------------------------------------------------------    -------------------
                         (clock clk_fpga_0 rise edge)
                                                      0.000     0.000 r  
    PS7_X0Y0             PS7                          0.000     0.000 r  design_1_i/processing_system7_0/inst/PS7_i/FCLKCLK[0]
                         net (fo=1, routed)           1.193     1.193    design_1_i/processing_system7_0/inst/FCLK_CLK_unbuffered[0]
    BUFGCTRL_X0Y16       BUFG (Prop_bufg_I_O)         0.101     1.294 r  design_1_i/processing_system7_0/inst/buffer_fclk_clk_0.FCLK_CLK_0_BUFG/O
                         net (fo=675, routed)         1.892     3.186    design_1_i/ps7_0_axi_periph/s00_couplers/auto_pc/inst/gen_axilite.gen_b2s_conv.axilite_b2s/SI_REG/aw.aw_pipe/aclk
    SLICE_X28Y100        FDRE                                         r  design_1_i/ps7_0_axi_periph/s00_couplers/auto_pc/inst/gen_axilite.gen_b2s_conv.axilite_b2s/SI_REG/aw.aw_pipe/m_payload_i_reg[36]/C
  -------------------------------------------------------------------    -------------------
    SLICE_X28Y100        FDRE (Prop_fdre_C_Q)         0.419     3.605 r  design_1_i/ps7_0_axi_periph/s00_couplers/auto_pc/inst/gen_axilite.gen_b2s_conv.axilite_b2s/SI_REG/aw.aw_pipe/m_payload_i_reg[36]/Q
                         net (fo=26, routed)          1.704     5.309    design_1_i/ps7_0_axi_periph/s00_couplers/auto_pc/inst/gen_axilite.gen_b2s_conv.axilite_b2s/SI_REG/aw.aw_pipe/m_payload_i_reg[61]_0[36]
    SLICE_X33Y93         LUT6 (Prop_lut6_I3_O)        0.299     5.608 r  design_1_i/ps7_0_axi_periph/s00_couplers/auto_pc/inst/gen_axilite.gen_b2s_conv.axilite_b2s/SI_REG/aw.aw_pipe/axaddr_offset_r[0]_i_2/O
                         net (fo=1, routed)           0.568     6.176    design_1_i/ps7_0_axi_periph/s00_couplers/auto_pc/inst/gen_axilite.gen_b2s_conv.axilite_b2s/WR.aw_channel_0/aw_cmd_fsm_0/axaddr_offset_r_reg[0]
    SLICE_X35Y93         LUT6 (Prop_lut6_I5_O)        0.124     6.300 r  design_1_i/ps7_0_axi_periph/s00_couplers/auto_pc/inst/gen_axilite.gen_b2s_conv.axilite_b2s/WR.aw_channel_0/aw_cmd_fsm_0/axaddr_offset_r[0]_i_1/O
                         net (fo=9, routed)           1.061     7.361    design_1_i/ps7_0_axi_periph/s00_couplers/auto_pc/inst/gen_axilite.gen_b2s_conv.axilite_b2s/WR.aw_channel_0/aw_cmd_fsm_0/axaddr_offset[0]
    SLICE_X36Y94         LUT6 (Prop_lut6_I2_O)        0.124     7.485 r  design_1_i/ps7_0_axi_periph/s00_couplers/auto_pc/inst/gen_axilite.gen_b2s_conv.axilite_b2s/WR.aw_channel_0/aw_cmd_fsm_0/wrap_second_len_r[3]_i_1/O
                         net (fo=2, routed)           0.631     8.117    design_1_i/ps7_0_axi_periph/s00_couplers/auto_pc/inst/gen_axilite.gen_b2s_conv.axilite_b2s/WR.aw_channel_0/aw_cmd_fsm_0/wrap_second_len_r_reg[3][3]
    SLICE_X37Y94         LUT4 (Prop_lut4_I0_O)        0.124     8.241 r  design_1_i/ps7_0_axi_periph/s00_couplers/auto_pc/inst/gen_axilite.gen_b2s_conv.axilite_b2s/WR.aw_channel_0/aw_cmd_fsm_0/wrap_cnt_r[3]_i_1/O
                         net (fo=1, routed)           0.000     8.241    design_1_i/ps7_0_axi_periph/s00_couplers/auto_pc/inst/gen_axilite.gen_b2s_conv.axilite_b2s/WR.aw_channel_0/cmd_translator_0/wrap_cmd_0/wrap_cnt_r_reg[3]_0[3]
    SLICE_X37Y94         FDRE                                         r  design_1_i/ps7_0_axi_periph/s00_couplers/auto_pc/inst/gen_axilite.gen_b2s_conv.axilite_b2s/WR.aw_channel_0/cmd_translator_0/wrap_cmd_0/wrap_cnt_r_reg[3]/D
  -------------------------------------------------------------------    -------------------

                         (clock clk_fpga_0 rise edge)
                                                     10.000    10.000 r  
    PS7_X0Y0             PS7                          0.000    10.000 r  design_1_i/processing_system7_0/inst/PS7_i/FCLKCLK[0]
                         net (fo=1, routed)           1.088    11.088    design_1_i/processing_system7_0/inst/FCLK_CLK_unbuffered[0]
    BUFGCTRL_X0Y16       BUFG (Prop_bufg_I_O)         0.091    11.179 r  design_1_i/processing_system7_0/inst/buffer_fclk_clk_0.FCLK_CLK_0_BUFG/O
                         net (fo=675, routed)         1.479    12.658    design_1_i/ps7_0_axi_periph/s00_couplers/auto_pc/inst/gen_axilite.gen_b2s_conv.axilite_b2s/WR.aw_channel_0/cmd_translator_0/wrap_cmd_0/aclk
    SLICE_X37Y94         FDRE                                         r  design_1_i/ps7_0_axi_periph/s00_couplers/auto_pc/inst/gen_axilite.gen_b2s_conv.axilite_b2s/WR.aw_channel_0/cmd_translator_0/wrap_cmd_0/wrap_cnt_r_reg[3]/C
                         clock pessimism              0.129    12.787    
                         clock uncertainty           -0.154    12.633    
    SLICE_X37Y94         FDRE (Setup_fdre_C_D)        0.031    12.664    design_1_i/ps7_0_axi_periph/s00_couplers/auto_pc/inst/gen_axilite.gen_b2s_conv.axilite_b2s/WR.aw_channel_0/cmd_translator_0/wrap_cmd_0/wrap_cnt_r_reg[3]
  -------------------------------------------------------------------
                         required time                         12.664    
                         arrival time                          -8.241    
  -------------------------------------------------------------------
                         slack                                  4.423    

Slack (MET) :             4.488ns  (required time - arrival time)
  Source:                 design_1_i/ps7_0_axi_periph/s00_couplers/auto_pc/inst/gen_axilite.gen_b2s_conv.axilite_b2s/SI_REG/ar.ar_pipe/m_valid_i_reg/C
                            (rising edge-triggered cell FDRE clocked by clk_fpga_0  {rise@0.000ns fall@5.000ns period=10.000ns})
  Destination:            design_1_i/ps7_0_axi_periph/s00_couplers/auto_pc/inst/gen_axilite.gen_b2s_conv.axilite_b2s/RD.ar_channel_0/cmd_translator_0/incr_cmd_0/axlen_cnt_reg[5]/R
                            (rising edge-triggered cell FDRE clocked by clk_fpga_0  {rise@0.000ns fall@5.000ns period=10.000ns})
  Path Group:             clk_fpga_0
  Path Type:              Setup (Max at Slow Process Corner)
  Requirement:            10.000ns  (clk_fpga_0 rise@10.000ns - clk_fpga_0 rise@0.000ns)
  Data Path Delay:        4.818ns  (logic 1.058ns (21.959%)  route 3.760ns (78.041%))
  Logic Levels:           3  (LUT3=1 LUT5=2)
  Clock Path Skew:        -0.111ns (DCD - SCD + CPR)
    Destination Clock Delay (DCD):    2.651ns = ( 12.651 - 10.000 ) 
    Source Clock Delay      (SCD):    2.991ns
    Clock Pessimism Removal (CPR):    0.229ns
  Clock Uncertainty:      0.154ns  ((TSJ^2 + TIJ^2)^1/2 + DJ) / 2 + PE
    Total System Jitter     (TSJ):    0.071ns
    Total Input Jitter      (TIJ):    0.300ns
    Discrete Jitter          (DJ):    0.000ns
    Phase Error              (PE):    0.000ns

    Location             Delay type                Incr(ns)  Path(ns)    Netlist Resource(s)
  -------------------------------------------------------------------    -------------------
                         (clock clk_fpga_0 rise edge)
                                                      0.000     0.000 r  
    PS7_X0Y0             PS7                          0.000     0.000 r  design_1_i/processing_system7_0/inst/PS7_i/FCLKCLK[0]
                         net (fo=1, routed)           1.193     1.193    design_1_i/processing_system7_0/inst/FCLK_CLK_unbuffered[0]
    BUFGCTRL_X0Y16       BUFG (Prop_bufg_I_O)         0.101     1.294 r  design_1_i/processing_system7_0/inst/buffer_fclk_clk_0.FCLK_CLK_0_BUFG/O
                         net (fo=675, routed)         1.697     2.991    design_1_i/ps7_0_axi_periph/s00_couplers/auto_pc/inst/gen_axilite.gen_b2s_conv.axilite_b2s/SI_REG/ar.ar_pipe/aclk
    SLICE_X29Y90         FDRE                                         r  design_1_i/ps7_0_axi_periph/s00_couplers/auto_pc/inst/gen_axilite.gen_b2s_conv.axilite_b2s/SI_REG/ar.ar_pipe/m_valid_i_reg/C
  -------------------------------------------------------------------    -------------------
    SLICE_X29Y90         FDRE (Prop_fdre_C_Q)         0.456     3.447 r  design_1_i/ps7_0_axi_periph/s00_couplers/auto_pc/inst/gen_axilite.gen_b2s_conv.axilite_b2s/SI_REG/ar.ar_pipe/m_valid_i_reg/Q
                         net (fo=20, routed)          1.761     5.208    design_1_i/ps7_0_axi_periph/s00_couplers/auto_pc/inst/gen_axilite.gen_b2s_conv.axilite_b2s/RD.ar_channel_0/ar_cmd_fsm_0/si_rs_arvalid
    SLICE_X34Y87         LUT3 (Prop_lut3_I2_O)        0.150     5.358 f  design_1_i/ps7_0_axi_periph/s00_couplers/auto_pc/inst/gen_axilite.gen_b2s_conv.axilite_b2s/RD.ar_channel_0/ar_cmd_fsm_0/axlen_cnt[2]_i_2__0/O
                         net (fo=15, routed)          0.747     6.105    design_1_i/ps7_0_axi_periph/s00_couplers/auto_pc/inst/gen_axilite.gen_b2s_conv.axilite_b2s/RD.ar_channel_0/cmd_translator_0/incr_cmd_0/axlen_cnt_reg[2]_0
    SLICE_X34Y83         LUT5 (Prop_lut5_I0_O)        0.328     6.433 f  design_1_i/ps7_0_axi_periph/s00_couplers/auto_pc/inst/gen_axilite.gen_b2s_conv.axilite_b2s/RD.ar_channel_0/cmd_translator_0/incr_cmd_0/next_pending_r_i_2__0/O
                         net (fo=6, routed)           0.610     7.043    design_1_i/ps7_0_axi_periph/s00_couplers/auto_pc/inst/gen_axilite.gen_b2s_conv.axilite_b2s/RD.ar_channel_0/ar_cmd_fsm_0/axlen_cnt_reg[7]
    SLICE_X32Y86         LUT5 (Prop_lut5_I4_O)        0.124     7.167 r  design_1_i/ps7_0_axi_periph/s00_couplers/auto_pc/inst/gen_axilite.gen_b2s_conv.axilite_b2s/RD.ar_channel_0/ar_cmd_fsm_0/axlen_cnt[7]_i_1/O
                         net (fo=4, routed)           0.642     7.809    design_1_i/ps7_0_axi_periph/s00_couplers/auto_pc/inst/gen_axilite.gen_b2s_conv.axilite_b2s/RD.ar_channel_0/cmd_translator_0/incr_cmd_0/axlen_cnt_reg[7]_1
    SLICE_X33Y83         FDRE                                         r  design_1_i/ps7_0_axi_periph/s00_couplers/auto_pc/inst/gen_axilite.gen_b2s_conv.axilite_b2s/RD.ar_channel_0/cmd_translator_0/incr_cmd_0/axlen_cnt_reg[5]/R
  -------------------------------------------------------------------    -------------------

                         (clock clk_fpga_0 rise edge)
                                                     10.000    10.000 r  
    PS7_X0Y0             PS7                          0.000    10.000 r  design_1_i/processing_system7_0/inst/PS7_i/FCLKCLK[0]
                         net (fo=1, routed)           1.088    11.088    design_1_i/processing_system7_0/inst/FCLK_CLK_unbuffered[0]
    BUFGCTRL_X0Y16       BUFG (Prop_bufg_I_O)         0.091    11.179 r  design_1_i/processing_system7_0/inst/buffer_fclk_clk_0.FCLK_CLK_0_BUFG/O
                         net (fo=675, routed)         1.472    12.651    design_1_i/ps7_0_axi_periph/s00_couplers/auto_pc/inst/gen_axilite.gen_b2s_conv.axilite_b2s/RD.ar_channel_0/cmd_translator_0/incr_cmd_0/aclk
    SLICE_X33Y83         FDRE                                         r  design_1_i/ps7_0_axi_periph/s00_couplers/auto_pc/inst/gen_axilite.gen_b2s_conv.axilite_b2s/RD.ar_channel_0/cmd_translator_0/incr_cmd_0/axlen_cnt_reg[5]/C
                         clock pessimism              0.229    12.880    
                         clock uncertainty           -0.154    12.726    
    SLICE_X33Y83         FDRE (Setup_fdre_C_R)       -0.429    12.297    design_1_i/ps7_0_axi_periph/s00_couplers/auto_pc/inst/gen_axilite.gen_b2s_conv.axilite_b2s/RD.ar_channel_0/cmd_translator_0/incr_cmd_0/axlen_cnt_reg[5]
  -------------------------------------------------------------------
                         required time                         12.297    
                         arrival time                          -7.809    
  -------------------------------------------------------------------
                         slack                                  4.488    





Min Delay Paths
--------------------------------------------------------------------------------------
Slack (MET) :             0.047ns  (arrival time - required time)
  Source:                 design_1_i/ps7_0_axi_periph/s00_couplers/auto_pc/inst/gen_axilite.gen_b2s_conv.axilite_b2s/WR.b_channel_0/s_bresp_acc_reg[0]/C
                            (rising edge-triggered cell FDRE clocked by clk_fpga_0  {rise@0.000ns fall@5.000ns period=10.000ns})
  Destination:            design_1_i/ps7_0_axi_periph/s00_couplers/auto_pc/inst/gen_axilite.gen_b2s_conv.axilite_b2s/WR.b_channel_0/bresp_fifo_0/memory_reg[3][0]_srl4/D
                            (rising edge-triggered cell SRL16E clocked by clk_fpga_0  {rise@0.000ns fall@5.000ns period=10.000ns})
  Path Group:             clk_fpga_0
  Path Type:              Hold (Min at Fast Process Corner)
  Requirement:            0.000ns  (clk_fpga_0 rise@0.000ns - clk_fpga_0 rise@0.000ns)
  Data Path Delay:        0.330ns  (logic 0.141ns (42.724%)  route 0.189ns (57.276%))
  Logic Levels:           0  
  Clock Path Skew:        0.181ns (DCD - SCD - CPR)
    Destination Clock Delay (DCD):    1.211ns
    Source Clock Delay      (SCD):    0.995ns
    Clock Pessimism Removal (CPR):    0.035ns

    Location             Delay type                Incr(ns)  Path(ns)    Netlist Resource(s)
  -------------------------------------------------------------------    -------------------
                         (clock clk_fpga_0 rise edge)
                                                      0.000     0.000 r  
    PS7_X0Y0             PS7                          0.000     0.000 r  design_1_i/processing_system7_0/inst/PS7_i/FCLKCLK[0]
                         net (fo=1, routed)           0.310     0.310    design_1_i/processing_system7_0/inst/FCLK_CLK_unbuffered[0]
    BUFGCTRL_X0Y16       BUFG (Prop_bufg_I_O)         0.026     0.336 r  design_1_i/processing_system7_0/inst/buffer_fclk_clk_0.FCLK_CLK_0_BUFG/O
                         net (fo=675, routed)         0.659     0.995    design_1_i/ps7_0_axi_periph/s00_couplers/auto_pc/inst/gen_axilite.gen_b2s_conv.axilite_b2s/WR.b_channel_0/aclk
    SLICE_X31Y100        FDRE                                         r  design_1_i/ps7_0_axi_periph/s00_couplers/auto_pc/inst/gen_axilite.gen_b2s_conv.axilite_b2s/WR.b_channel_0/s_bresp_acc_reg[0]/C
  -------------------------------------------------------------------    -------------------
    SLICE_X31Y100        FDRE (Prop_fdre_C_Q)         0.141     1.136 r  design_1_i/ps7_0_axi_periph/s00_couplers/auto_pc/inst/gen_axilite.gen_b2s_conv.axilite_b2s/WR.b_channel_0/s_bresp_acc_reg[0]/Q
                         net (fo=2, routed)           0.189     1.325    design_1_i/ps7_0_axi_periph/s00_couplers/auto_pc/inst/gen_axilite.gen_b2s_conv.axilite_b2s/WR.b_channel_0/bresp_fifo_0/in[0]
    SLICE_X30Y99         SRL16E                                       r  design_1_i/ps7_0_axi_periph/s00_couplers/auto_pc/inst/gen_axilite.gen_b2s_conv.axilite_b2s/WR.b_channel_0/bresp_fifo_0/memory_reg[3][0]_srl4/D
  -------------------------------------------------------------------    -------------------

                         (clock clk_fpga_0 rise edge)
                                                      0.000     0.000 r  
    PS7_X0Y0             PS7                          0.000     0.000 r  design_1_i/processing_system7_0/inst/PS7_i/FCLKCLK[0]
                         net (fo=1, routed)           0.337     0.337    design_1_i/processing_system7_0/inst/FCLK_CLK_unbuffered[0]
    BUFGCTRL_X0Y16       BUFG (Prop_bufg_I_O)         0.029     0.366 r  design_1_i/processing_system7_0/inst/buffer_fclk_clk_0.FCLK_CLK_0_BUFG/O
                         net (fo=675, routed)         0.845     1.211    design_1_i/ps7_0_axi_periph/s00_couplers/auto_pc/inst/gen_axilite.gen_b2s_conv.axilite_b2s/WR.b_channel_0/bresp_fifo_0/aclk
    SLICE_X30Y99         SRL16E                                       r  design_1_i/ps7_0_axi_periph/s00_couplers/auto_pc/inst/gen_axilite.gen_b2s_conv.axilite_b2s/WR.b_channel_0/bresp_fifo_0/memory_reg[3][0]_srl4/CLK
                         clock pessimism             -0.035     1.176    
    SLICE_X30Y99         SRL16E (Hold_srl16e_CLK_D)
                                                      0.102     1.278    design_1_i/ps7_0_axi_periph/s00_couplers/auto_pc/inst/gen_axilite.gen_b2s_conv.axilite_b2s/WR.b_channel_0/bresp_fifo_0/memory_reg[3][0]_srl4
  -------------------------------------------------------------------
                         required time                         -1.278    
                         arrival time                           1.325    
  -------------------------------------------------------------------
                         slack                                  0.047    

Slack (MET) :             0.053ns  (arrival time - required time)
  Source:                 design_1_i/ssd_ctrl_0/U0/ssd_ctrl_v1_0_S00_AXI_inst/slv_reg3_reg[27]/C
                            (rising edge-triggered cell FDRE clocked by clk_fpga_0  {rise@0.000ns fall@5.000ns period=10.000ns})
  Destination:            design_1_i/ssd_ctrl_0/U0/ssd_ctrl_v1_0_S00_AXI_inst/axi_rdata_reg[27]/D
                            (rising edge-triggered cell FDRE clocked by clk_fpga_0  {rise@0.000ns fall@5.000ns period=10.000ns})
  Path Group:             clk_fpga_0
  Path Type:              Hold (Min at Fast Process Corner)
  Requirement:            0.000ns  (clk_fpga_0 rise@0.000ns - clk_fpga_0 rise@0.000ns)
  Data Path Delay:        0.326ns  (logic 0.186ns (57.137%)  route 0.140ns (42.863%))
  Logic Levels:           1  (LUT5=1)
  Clock Path Skew:        0.181ns (DCD - SCD - CPR)
    Destination Clock Delay (DCD):    1.211ns
    Source Clock Delay      (SCD):    0.995ns
    Clock Pessimism Removal (CPR):    0.035ns

    Location             Delay type                Incr(ns)  Path(ns)    Netlist Resource(s)
  -------------------------------------------------------------------    -------------------
                         (clock clk_fpga_0 rise edge)
                                                      0.000     0.000 r  
    PS7_X0Y0             PS7                          0.000     0.000 r  design_1_i/processing_system7_0/inst/PS7_i/FCLKCLK[0]
                         net (fo=1, routed)           0.310     0.310    design_1_i/processing_system7_0/inst/FCLK_CLK_unbuffered[0]
    BUFGCTRL_X0Y16       BUFG (Prop_bufg_I_O)         0.026     0.336 r  design_1_i/processing_system7_0/inst/buffer_fclk_clk_0.FCLK_CLK_0_BUFG/O
                         net (fo=675, routed)         0.659     0.995    design_1_i/ssd_ctrl_0/U0/ssd_ctrl_v1_0_S00_AXI_inst/s00_axi_aclk
    SLICE_X29Y100        FDRE                                         r  design_1_i/ssd_ctrl_0/U0/ssd_ctrl_v1_0_S00_AXI_inst/slv_reg3_reg[27]/C
  -------------------------------------------------------------------    -------------------
    SLICE_X29Y100        FDRE (Prop_fdre_C_Q)         0.141     1.136 r  design_1_i/ssd_ctrl_0/U0/ssd_ctrl_v1_0_S00_AXI_inst/slv_reg3_reg[27]/Q
                         net (fo=1, routed)           0.140     1.276    design_1_i/ssd_ctrl_0/U0/ssd_ctrl_v1_0_S00_AXI_inst/slv_reg3[27]
    SLICE_X29Y99         LUT5 (Prop_lut5_I0_O)        0.045     1.321 r  design_1_i/ssd_ctrl_0/U0/ssd_ctrl_v1_0_S00_AXI_inst/axi_rdata[27]_i_1/O
                         net (fo=1, routed)           0.000     1.321    design_1_i/ssd_ctrl_0/U0/ssd_ctrl_v1_0_S00_AXI_inst/reg_data_out[27]
    SLICE_X29Y99         FDRE                                         r  design_1_i/ssd_ctrl_0/U0/ssd_ctrl_v1_0_S00_AXI_inst/axi_rdata_reg[27]/D
  -------------------------------------------------------------------    -------------------

                         (clock clk_fpga_0 rise edge)
                                                      0.000     0.000 r  
    PS7_X0Y0             PS7                          0.000     0.000 r  design_1_i/processing_system7_0/inst/PS7_i/FCLKCLK[0]
                         net (fo=1, routed)           0.337     0.337    design_1_i/processing_system7_0/inst/FCLK_CLK_unbuffered[0]
    BUFGCTRL_X0Y16       BUFG (Prop_bufg_I_O)         0.029     0.366 r  design_1_i/processing_system7_0/inst/buffer_fclk_clk_0.FCLK_CLK_0_BUFG/O
                         net (fo=675, routed)         0.845     1.211    design_1_i/ssd_ctrl_0/U0/ssd_ctrl_v1_0_S00_AXI_inst/s00_axi_aclk
    SLICE_X29Y99         FDRE                                         r  design_1_i/ssd_ctrl_0/U0/ssd_ctrl_v1_0_S00_AXI_inst/axi_rdata_reg[27]/C
                         clock pessimism             -0.035     1.176    
    SLICE_X29Y99         FDRE (Hold_fdre_C_D)         0.092     1.268    design_1_i/ssd_ctrl_0/U0/ssd_ctrl_v1_0_S00_AXI_inst/axi_rdata_reg[27]
  -------------------------------------------------------------------
                         required time                         -1.268    
                         arrival time                           1.321    
  -------------------------------------------------------------------
                         slack                                  0.053    

Slack (MET) :             0.076ns  (arrival time - required time)
  Source:                 design_1_i/ssd_ctrl_0/U0/ssd_ctrl_v1_0_S00_AXI_inst/axi_rdata_reg[31]/C
                            (rising edge-triggered cell FDRE clocked by clk_fpga_0  {rise@0.000ns fall@5.000ns period=10.000ns})
  Destination:            design_1_i/ps7_0_axi_periph/s00_couplers/auto_pc/inst/gen_axilite.gen_b2s_conv.axilite_b2s/RD.r_channel_0/rd_data_fifo_0/memory_reg[31][31]_srl32/D
                            (rising edge-triggered cell SRLC32E clocked by clk_fpga_0  {rise@0.000ns fall@5.000ns period=10.000ns})
  Path Group:             clk_fpga_0
  Path Type:              Hold (Min at Fast Process Corner)
  Requirement:            0.000ns  (clk_fpga_0 rise@0.000ns - clk_fpga_0 rise@0.000ns)
  Data Path Delay:        0.274ns  (logic 0.164ns (59.853%)  route 0.110ns (40.147%))
  Logic Levels:           0  
  Clock Path Skew:        0.015ns (DCD - SCD - CPR)
    Destination Clock Delay (DCD):    1.210ns
    Source Clock Delay      (SCD):    0.913ns
    Clock Pessimism Removal (CPR):    0.282ns

    Location             Delay type                Incr(ns)  Path(ns)    Netlist Resource(s)
  -------------------------------------------------------------------    -------------------
                         (clock clk_fpga_0 rise edge)
                                                      0.000     0.000 r  
    PS7_X0Y0             PS7                          0.000     0.000 r  design_1_i/processing_system7_0/inst/PS7_i/FCLKCLK[0]
                         net (fo=1, routed)           0.310     0.310    design_1_i/processing_system7_0/inst/FCLK_CLK_unbuffered[0]
    BUFGCTRL_X0Y16       BUFG (Prop_bufg_I_O)         0.026     0.336 r  design_1_i/processing_system7_0/inst/buffer_fclk_clk_0.FCLK_CLK_0_BUFG/O
                         net (fo=675, routed)         0.577     0.913    design_1_i/ssd_ctrl_0/U0/ssd_ctrl_v1_0_S00_AXI_inst/s00_axi_aclk
    SLICE_X30Y97         FDRE                                         r  design_1_i/ssd_ctrl_0/U0/ssd_ctrl_v1_0_S00_AXI_inst/axi_rdata_reg[31]/C
  -------------------------------------------------------------------    -------------------
    SLICE_X30Y97         FDRE (Prop_fdre_C_Q)         0.164     1.077 r  design_1_i/ssd_ctrl_0/U0/ssd_ctrl_v1_0_S00_AXI_inst/axi_rdata_reg[31]/Q
                         net (fo=1, routed)           0.110     1.187    design_1_i/ps7_0_axi_periph/s00_couplers/auto_pc/inst/gen_axilite.gen_b2s_conv.axilite_b2s/RD.r_channel_0/rd_data_fifo_0/in[31]
    SLICE_X30Y96         SRLC32E                                      r  design_1_i/ps7_0_axi_periph/s00_couplers/auto_pc/inst/gen_axilite.gen_b2s_conv.axilite_b2s/RD.r_channel_0/rd_data_fifo_0/memory_reg[31][31]_srl32/D
  -------------------------------------------------------------------    -------------------

                         (clock clk_fpga_0 rise edge)
                                                      0.000     0.000 r  
    PS7_X0Y0             PS7                          0.000     0.000 r  design_1_i/processing_system7_0/inst/PS7_i/FCLKCLK[0]
                         net (fo=1, routed)           0.337     0.337    design_1_i/processing_system7_0/inst/FCLK_CLK_unbuffered[0]
    BUFGCTRL_X0Y16       BUFG (Prop_bufg_I_O)         0.029     0.366 r  design_1_i/processing_system7_0/inst/buffer_fclk_clk_0.FCLK_CLK_0_BUFG/O
                         net (fo=675, routed)         0.844     1.210    design_1_i/ps7_0_axi_periph/s00_couplers/auto_pc/inst/gen_axilite.gen_b2s_conv.axilite_b2s/RD.r_channel_0/rd_data_fifo_0/aclk
    SLICE_X30Y96         SRLC32E                                      r  design_1_i/ps7_0_axi_periph/s00_couplers/auto_pc/inst/gen_axilite.gen_b2s_conv.axilite_b2s/RD.r_channel_0/rd_data_fifo_0/memory_reg[31][31]_srl32/CLK
                         clock pessimism             -0.282     0.928    
    SLICE_X30Y96         SRLC32E (Hold_srlc32e_CLK_D)
                                                      0.183     1.111    design_1_i/ps7_0_axi_periph/s00_couplers/auto_pc/inst/gen_axilite.gen_b2s_conv.axilite_b2s/RD.r_channel_0/rd_data_fifo_0/memory_reg[31][31]_srl32
  -------------------------------------------------------------------
                         required time                         -1.111    
                         arrival time                           1.187    
  -------------------------------------------------------------------
                         slack                                  0.076    

Slack (MET) :             0.079ns  (arrival time - required time)
  Source:                 design_1_i/ssd_ctrl_0/U0/ssd_ctrl_v1_0_S00_AXI_inst/slv_reg3_reg[24]/C
                            (rising edge-triggered cell FDRE clocked by clk_fpga_0  {rise@0.000ns fall@5.000ns period=10.000ns})
  Destination:            design_1_i/ssd_ctrl_0/U0/ssd_ctrl_v1_0_S00_AXI_inst/axi_rdata_reg[24]/D
                            (rising edge-triggered cell FDRE clocked by clk_fpga_0  {rise@0.000ns fall@5.000ns period=10.000ns})
  Path Group:             clk_fpga_0
  Path Type:              Hold (Min at Fast Process Corner)
  Requirement:            0.000ns  (clk_fpga_0 rise@0.000ns - clk_fpga_0 rise@0.000ns)
  Data Path Delay:        0.380ns  (logic 0.186ns (48.885%)  route 0.194ns (51.115%))
  Logic Levels:           1  (LUT5=1)
  Clock Path Skew:        0.181ns (DCD - SCD - CPR)
    Destination Clock Delay (DCD):    1.211ns
    Source Clock Delay      (SCD):    0.995ns
    Clock Pessimism Removal (CPR):    0.035ns

    Location             Delay type                Incr(ns)  Path(ns)    Netlist Resource(s)
  -------------------------------------------------------------------    -------------------
                         (clock clk_fpga_0 rise edge)
                                                      0.000     0.000 r  
    PS7_X0Y0             PS7                          0.000     0.000 r  design_1_i/processing_system7_0/inst/PS7_i/FCLKCLK[0]
                         net (fo=1, routed)           0.310     0.310    design_1_i/processing_system7_0/inst/FCLK_CLK_unbuffered[0]
    BUFGCTRL_X0Y16       BUFG (Prop_bufg_I_O)         0.026     0.336 r  design_1_i/processing_system7_0/inst/buffer_fclk_clk_0.FCLK_CLK_0_BUFG/O
                         net (fo=675, routed)         0.659     0.995    design_1_i/ssd_ctrl_0/U0/ssd_ctrl_v1_0_S00_AXI_inst/s00_axi_aclk
    SLICE_X29Y100        FDRE                                         r  design_1_i/ssd_ctrl_0/U0/ssd_ctrl_v1_0_S00_AXI_inst/slv_reg3_reg[24]/C
  -------------------------------------------------------------------    -------------------
    SLICE_X29Y100        FDRE (Prop_fdre_C_Q)         0.141     1.136 r  design_1_i/ssd_ctrl_0/U0/ssd_ctrl_v1_0_S00_AXI_inst/slv_reg3_reg[24]/Q
                         net (fo=1, routed)           0.194     1.330    design_1_i/ssd_ctrl_0/U0/ssd_ctrl_v1_0_S00_AXI_inst/slv_reg3[24]
    SLICE_X30Y97         LUT5 (Prop_lut5_I0_O)        0.045     1.375 r  design_1_i/ssd_ctrl_0/U0/ssd_ctrl_v1_0_S00_AXI_inst/axi_rdata[24]_i_1/O
                         net (fo=1, routed)           0.000     1.375    design_1_i/ssd_ctrl_0/U0/ssd_ctrl_v1_0_S00_AXI_inst/reg_data_out[24]
    SLICE_X30Y97         FDRE                                         r  design_1_i/ssd_ctrl_0/U0/ssd_ctrl_v1_0_S00_AXI_inst/axi_rdata_reg[24]/D
  -------------------------------------------------------------------    -------------------

                         (clock clk_fpga_0 rise edge)
                                                      0.000     0.000 r  
    PS7_X0Y0             PS7                          0.000     0.000 r  design_1_i/processing_system7_0/inst/PS7_i/FCLKCLK[0]
                         net (fo=1, routed)           0.337     0.337    design_1_i/processing_system7_0/inst/FCLK_CLK_unbuffered[0]
    BUFGCTRL_X0Y16       BUFG (Prop_bufg_I_O)         0.029     0.366 r  design_1_i/processing_system7_0/inst/buffer_fclk_clk_0.FCLK_CLK_0_BUFG/O
                         net (fo=675, routed)         0.845     1.211    design_1_i/ssd_ctrl_0/U0/ssd_ctrl_v1_0_S00_AXI_inst/s00_axi_aclk
    SLICE_X30Y97         FDRE                                         r  design_1_i/ssd_ctrl_0/U0/ssd_ctrl_v1_0_S00_AXI_inst/axi_rdata_reg[24]/C
                         clock pessimism             -0.035     1.176    
    SLICE_X30Y97         FDRE (Hold_fdre_C_D)         0.121     1.297    design_1_i/ssd_ctrl_0/U0/ssd_ctrl_v1_0_S00_AXI_inst/axi_rdata_reg[24]
  -------------------------------------------------------------------
                         required time                         -1.297    
                         arrival time                           1.375    
  -------------------------------------------------------------------
                         slack                                  0.079    

Slack (MET) :             0.088ns  (arrival time - required time)
  Source:                 design_1_i/ps7_0_axi_periph/s00_couplers/auto_pc/inst/gen_axilite.gen_b2s_conv.axilite_b2s/SI_REG/b.b_pipe/skid_buffer_reg[1]/C
                            (rising edge-triggered cell FDRE clocked by clk_fpga_0  {rise@0.000ns fall@5.000ns period=10.000ns})
  Destination:            design_1_i/ps7_0_axi_periph/s00_couplers/auto_pc/inst/gen_axilite.gen_b2s_conv.axilite_b2s/SI_REG/b.b_pipe/m_payload_i_reg[1]/D
                            (rising edge-triggered cell FDRE clocked by clk_fpga_0  {rise@0.000ns fall@5.000ns period=10.000ns})
  Path Group:             clk_fpga_0
  Path Type:              Hold (Min at Fast Process Corner)
  Requirement:            0.000ns  (clk_fpga_0 rise@0.000ns - clk_fpga_0 rise@0.000ns)
  Data Path Delay:        0.402ns  (logic 0.250ns (62.242%)  route 0.152ns (37.758%))
  Logic Levels:           1  (LUT3=1)
  Clock Path Skew:        0.183ns (DCD - SCD - CPR)
    Destination Clock Delay (DCD):    1.210ns
    Source Clock Delay      (SCD):    0.992ns
    Clock Pessimism Removal (CPR):    0.035ns

    Location             Delay type                Incr(ns)  Path(ns)    Netlist Resource(s)
  -------------------------------------------------------------------    -------------------
                         (clock clk_fpga_0 rise edge)
                                                      0.000     0.000 r  
    PS7_X0Y0             PS7                          0.000     0.000 r  design_1_i/processing_system7_0/inst/PS7_i/FCLKCLK[0]
                         net (fo=1, routed)           0.310     0.310    design_1_i/processing_system7_0/inst/FCLK_CLK_unbuffered[0]
    BUFGCTRL_X0Y16       BUFG (Prop_bufg_I_O)         0.026     0.336 r  design_1_i/processing_system7_0/inst/buffer_fclk_clk_0.FCLK_CLK_0_BUFG/O
                         net (fo=675, routed)         0.656     0.992    design_1_i/ps7_0_axi_periph/s00_couplers/auto_pc/inst/gen_axilite.gen_b2s_conv.axilite_b2s/SI_REG/b.b_pipe/aclk
    SLICE_X26Y100        FDRE                                         r  design_1_i/ps7_0_axi_periph/s00_couplers/auto_pc/inst/gen_axilite.gen_b2s_conv.axilite_b2s/SI_REG/b.b_pipe/skid_buffer_reg[1]/C
  -------------------------------------------------------------------    -------------------
    SLICE_X26Y100        FDRE (Prop_fdre_C_Q)         0.148     1.140 r  design_1_i/ps7_0_axi_periph/s00_couplers/auto_pc/inst/gen_axilite.gen_b2s_conv.axilite_b2s/SI_REG/b.b_pipe/skid_buffer_reg[1]/Q
                         net (fo=1, routed)           0.152     1.292    design_1_i/ps7_0_axi_periph/s00_couplers/auto_pc/inst/gen_axilite.gen_b2s_conv.axilite_b2s/SI_REG/b.b_pipe/skid_buffer_reg_n_0_[1]
    SLICE_X26Y99         LUT3 (Prop_lut3_I2_O)        0.102     1.394 r  design_1_i/ps7_0_axi_periph/s00_couplers/auto_pc/inst/gen_axilite.gen_b2s_conv.axilite_b2s/SI_REG/b.b_pipe/m_payload_i[1]_i_1__1/O
                         net (fo=1, routed)           0.000     1.394    design_1_i/ps7_0_axi_periph/s00_couplers/auto_pc/inst/gen_axilite.gen_b2s_conv.axilite_b2s/SI_REG/b.b_pipe/m_payload_i[1]_i_1__1_n_0
    SLICE_X26Y99         FDRE                                         r  design_1_i/ps7_0_axi_periph/s00_couplers/auto_pc/inst/gen_axilite.gen_b2s_conv.axilite_b2s/SI_REG/b.b_pipe/m_payload_i_reg[1]/D
  -------------------------------------------------------------------    -------------------

                         (clock clk_fpga_0 rise edge)
                                                      0.000     0.000 r  
    PS7_X0Y0             PS7                          0.000     0.000 r  design_1_i/processing_system7_0/inst/PS7_i/FCLKCLK[0]
                         net (fo=1, routed)           0.337     0.337    design_1_i/processing_system7_0/inst/FCLK_CLK_unbuffered[0]
    BUFGCTRL_X0Y16       BUFG (Prop_bufg_I_O)         0.029     0.366 r  design_1_i/processing_system7_0/inst/buffer_fclk_clk_0.FCLK_CLK_0_BUFG/O
                         net (fo=675, routed)         0.844     1.210    design_1_i/ps7_0_axi_periph/s00_couplers/auto_pc/inst/gen_axilite.gen_b2s_conv.axilite_b2s/SI_REG/b.b_pipe/aclk
    SLICE_X26Y99         FDRE                                         r  design_1_i/ps7_0_axi_periph/s00_couplers/auto_pc/inst/gen_axilite.gen_b2s_conv.axilite_b2s/SI_REG/b.b_pipe/m_payload_i_reg[1]/C
                         clock pessimism             -0.035     1.175    
    SLICE_X26Y99         FDRE (Hold_fdre_C_D)         0.131     1.306    design_1_i/ps7_0_axi_periph/s00_couplers/auto_pc/inst/gen_axilite.gen_b2s_conv.axilite_b2s/SI_REG/b.b_pipe/m_payload_i_reg[1]
  -------------------------------------------------------------------
                         required time                         -1.306    
                         arrival time                           1.394    
  -------------------------------------------------------------------
                         slack                                  0.088    

Slack (MET) :             0.094ns  (arrival time - required time)
  Source:                 design_1_i/ssd_ctrl_0/U0/ssd_ctrl_v1_0_S00_AXI_inst/axi_rdata_reg[14]/C
                            (rising edge-triggered cell FDRE clocked by clk_fpga_0  {rise@0.000ns fall@5.000ns period=10.000ns})
  Destination:            design_1_i/ps7_0_axi_periph/s00_couplers/auto_pc/inst/gen_axilite.gen_b2s_conv.axilite_b2s/RD.r_channel_0/rd_data_fifo_0/memory_reg[31][14]_srl32/D
                            (rising edge-triggered cell SRLC32E clocked by clk_fpga_0  {rise@0.000ns fall@5.000ns period=10.000ns})
  Path Group:             clk_fpga_0
  Path Type:              Hold (Min at Fast Process Corner)
  Requirement:            0.000ns  (clk_fpga_0 rise@0.000ns - clk_fpga_0 rise@0.000ns)
  Data Path Delay:        0.310ns  (logic 0.141ns (45.428%)  route 0.169ns (54.572%))
  Logic Levels:           0  
  Clock Path Skew:        0.033ns (DCD - SCD - CPR)
    Destination Clock Delay (DCD):    1.208ns
    Source Clock Delay      (SCD):    0.911ns
    Clock Pessimism Removal (CPR):    0.264ns

    Location             Delay type                Incr(ns)  Path(ns)    Netlist Resource(s)
  -------------------------------------------------------------------    -------------------
                         (clock clk_fpga_0 rise edge)
                                                      0.000     0.000 r  
    PS7_X0Y0             PS7                          0.000     0.000 r  design_1_i/processing_system7_0/inst/PS7_i/FCLKCLK[0]
                         net (fo=1, routed)           0.310     0.310    design_1_i/processing_system7_0/inst/FCLK_CLK_unbuffered[0]
    BUFGCTRL_X0Y16       BUFG (Prop_bufg_I_O)         0.026     0.336 r  design_1_i/processing_system7_0/inst/buffer_fclk_clk_0.FCLK_CLK_0_BUFG/O
                         net (fo=675, routed)         0.575     0.911    design_1_i/ssd_ctrl_0/U0/ssd_ctrl_v1_0_S00_AXI_inst/s00_axi_aclk
    SLICE_X29Y92         FDRE                                         r  design_1_i/ssd_ctrl_0/U0/ssd_ctrl_v1_0_S00_AXI_inst/axi_rdata_reg[14]/C
  -------------------------------------------------------------------    -------------------
    SLICE_X29Y92         FDRE (Prop_fdre_C_Q)         0.141     1.052 r  design_1_i/ssd_ctrl_0/U0/ssd_ctrl_v1_0_S00_AXI_inst/axi_rdata_reg[14]/Q
                         net (fo=1, routed)           0.169     1.221    design_1_i/ps7_0_axi_periph/s00_couplers/auto_pc/inst/gen_axilite.gen_b2s_conv.axilite_b2s/RD.r_channel_0/rd_data_fifo_0/in[14]
    SLICE_X26Y92         SRLC32E                                      r  design_1_i/ps7_0_axi_periph/s00_couplers/auto_pc/inst/gen_axilite.gen_b2s_conv.axilite_b2s/RD.r_channel_0/rd_data_fifo_0/memory_reg[31][14]_srl32/D
  -------------------------------------------------------------------    -------------------

                         (clock clk_fpga_0 rise edge)
                                                      0.000     0.000 r  
    PS7_X0Y0             PS7                          0.000     0.000 r  design_1_i/processing_system7_0/inst/PS7_i/FCLKCLK[0]
                         net (fo=1, routed)           0.337     0.337    design_1_i/processing_system7_0/inst/FCLK_CLK_unbuffered[0]
    BUFGCTRL_X0Y16       BUFG (Prop_bufg_I_O)         0.029     0.366 r  design_1_i/processing_system7_0/inst/buffer_fclk_clk_0.FCLK_CLK_0_BUFG/O
                         net (fo=675, routed)         0.842     1.208    design_1_i/ps7_0_axi_periph/s00_couplers/auto_pc/inst/gen_axilite.gen_b2s_conv.axilite_b2s/RD.r_channel_0/rd_data_fifo_0/aclk
    SLICE_X26Y92         SRLC32E                                      r  design_1_i/ps7_0_axi_periph/s00_couplers/auto_pc/inst/gen_axilite.gen_b2s_conv.axilite_b2s/RD.r_channel_0/rd_data_fifo_0/memory_reg[31][14]_srl32/CLK
                         clock pessimism             -0.264     0.944    
    SLICE_X26Y92         SRLC32E (Hold_srlc32e_CLK_D)
                                                      0.183     1.127    design_1_i/ps7_0_axi_periph/s00_couplers/auto_pc/inst/gen_axilite.gen_b2s_conv.axilite_b2s/RD.r_channel_0/rd_data_fifo_0/memory_reg[31][14]_srl32
  -------------------------------------------------------------------
                         required time                         -1.127    
                         arrival time                           1.221    
  -------------------------------------------------------------------
                         slack                                  0.094    

Slack (MET) :             0.097ns  (arrival time - required time)
  Source:                 design_1_i/ssd_ctrl_0/U0/ssd_ctrl_v1_0_S00_AXI_inst/axi_rdata_reg[9]/C
                            (rising edge-triggered cell FDRE clocked by clk_fpga_0  {rise@0.000ns fall@5.000ns period=10.000ns})
  Destination:            design_1_i/ps7_0_axi_periph/s00_couplers/auto_pc/inst/gen_axilite.gen_b2s_conv.axilite_b2s/RD.r_channel_0/rd_data_fifo_0/memory_reg[31][9]_srl32/D
                            (rising edge-triggered cell SRLC32E clocked by clk_fpga_0  {rise@0.000ns fall@5.000ns period=10.000ns})
  Path Group:             clk_fpga_0
  Path Type:              Hold (Min at Fast Process Corner)
  Requirement:            0.000ns  (clk_fpga_0 rise@0.000ns - clk_fpga_0 rise@0.000ns)
  Data Path Delay:        0.313ns  (logic 0.141ns (45.062%)  route 0.172ns (54.938%))
  Logic Levels:           0  
  Clock Path Skew:        0.033ns (DCD - SCD - CPR)
    Destination Clock Delay (DCD):    1.208ns
    Source Clock Delay      (SCD):    0.911ns
    Clock Pessimism Removal (CPR):    0.264ns

    Location             Delay type                Incr(ns)  Path(ns)    Netlist Resource(s)
  -------------------------------------------------------------------    -------------------
                         (clock clk_fpga_0 rise edge)
                                                      0.000     0.000 r  
    PS7_X0Y0             PS7                          0.000     0.000 r  design_1_i/processing_system7_0/inst/PS7_i/FCLKCLK[0]
                         net (fo=1, routed)           0.310     0.310    design_1_i/processing_system7_0/inst/FCLK_CLK_unbuffered[0]
    BUFGCTRL_X0Y16       BUFG (Prop_bufg_I_O)         0.026     0.336 r  design_1_i/processing_system7_0/inst/buffer_fclk_clk_0.FCLK_CLK_0_BUFG/O
                         net (fo=675, routed)         0.575     0.911    design_1_i/ssd_ctrl_0/U0/ssd_ctrl_v1_0_S00_AXI_inst/s00_axi_aclk
    SLICE_X29Y92         FDRE                                         r  design_1_i/ssd_ctrl_0/U0/ssd_ctrl_v1_0_S00_AXI_inst/axi_rdata_reg[9]/C
  -------------------------------------------------------------------    -------------------
    SLICE_X29Y92         FDRE (Prop_fdre_C_Q)         0.141     1.052 r  design_1_i/ssd_ctrl_0/U0/ssd_ctrl_v1_0_S00_AXI_inst/axi_rdata_reg[9]/Q
                         net (fo=1, routed)           0.172     1.224    design_1_i/ps7_0_axi_periph/s00_couplers/auto_pc/inst/gen_axilite.gen_b2s_conv.axilite_b2s/RD.r_channel_0/rd_data_fifo_0/in[9]
    SLICE_X26Y90         SRLC32E                                      r  design_1_i/ps7_0_axi_periph/s00_couplers/auto_pc/inst/gen_axilite.gen_b2s_conv.axilite_b2s/RD.r_channel_0/rd_data_fifo_0/memory_reg[31][9]_srl32/D
  -------------------------------------------------------------------    -------------------

                         (clock clk_fpga_0 rise edge)
                                                      0.000     0.000 r  
    PS7_X0Y0             PS7                          0.000     0.000 r  design_1_i/processing_system7_0/inst/PS7_i/FCLKCLK[0]
                         net (fo=1, routed)           0.337     0.337    design_1_i/processing_system7_0/inst/FCLK_CLK_unbuffered[0]
    BUFGCTRL_X0Y16       BUFG (Prop_bufg_I_O)         0.029     0.366 r  design_1_i/processing_system7_0/inst/buffer_fclk_clk_0.FCLK_CLK_0_BUFG/O
                         net (fo=675, routed)         0.842     1.208    design_1_i/ps7_0_axi_periph/s00_couplers/auto_pc/inst/gen_axilite.gen_b2s_conv.axilite_b2s/RD.r_channel_0/rd_data_fifo_0/aclk
    SLICE_X26Y90         SRLC32E                                      r  design_1_i/ps7_0_axi_periph/s00_couplers/auto_pc/inst/gen_axilite.gen_b2s_conv.axilite_b2s/RD.r_channel_0/rd_data_fifo_0/memory_reg[31][9]_srl32/CLK
                         clock pessimism             -0.264     0.944    
    SLICE_X26Y90         SRLC32E (Hold_srlc32e_CLK_D)
                                                      0.183     1.127    design_1_i/ps7_0_axi_periph/s00_couplers/auto_pc/inst/gen_axilite.gen_b2s_conv.axilite_b2s/RD.r_channel_0/rd_data_fifo_0/memory_reg[31][9]_srl32
  -------------------------------------------------------------------
                         required time                         -1.127    
                         arrival time                           1.224    
  -------------------------------------------------------------------
                         slack                                  0.097    

Slack (MET) :             0.098ns  (arrival time - required time)
  Source:                 design_1_i/ssd_ctrl_0/U0/ssd_ctrl_v1_0_S00_AXI_inst/axi_rdata_reg[30]/C
                            (rising edge-triggered cell FDRE clocked by clk_fpga_0  {rise@0.000ns fall@5.000ns period=10.000ns})
  Destination:            design_1_i/ps7_0_axi_periph/s00_couplers/auto_pc/inst/gen_axilite.gen_b2s_conv.axilite_b2s/RD.r_channel_0/rd_data_fifo_0/memory_reg[31][30]_srl32/D
                            (rising edge-triggered cell SRLC32E clocked by clk_fpga_0  {rise@0.000ns fall@5.000ns period=10.000ns})
  Path Group:             clk_fpga_0
  Path Type:              Hold (Min at Fast Process Corner)
  Requirement:            0.000ns  (clk_fpga_0 rise@0.000ns - clk_fpga_0 rise@0.000ns)
  Data Path Delay:        0.313ns  (logic 0.141ns (45.087%)  route 0.172ns (54.913%))
  Logic Levels:           0  
  Clock Path Skew:        0.032ns (DCD - SCD - CPR)
    Destination Clock Delay (DCD):    1.209ns
    Source Clock Delay      (SCD):    0.913ns
    Clock Pessimism Removal (CPR):    0.264ns

    Location             Delay type                Incr(ns)  Path(ns)    Netlist Resource(s)
  -------------------------------------------------------------------    -------------------
                         (clock clk_fpga_0 rise edge)
                                                      0.000     0.000 r  
    PS7_X0Y0             PS7                          0.000     0.000 r  design_1_i/processing_system7_0/inst/PS7_i/FCLKCLK[0]
                         net (fo=1, routed)           0.310     0.310    design_1_i/processing_system7_0/inst/FCLK_CLK_unbuffered[0]
    BUFGCTRL_X0Y16       BUFG (Prop_bufg_I_O)         0.026     0.336 r  design_1_i/processing_system7_0/inst/buffer_fclk_clk_0.FCLK_CLK_0_BUFG/O
                         net (fo=675, routed)         0.577     0.913    design_1_i/ssd_ctrl_0/U0/ssd_ctrl_v1_0_S00_AXI_inst/s00_axi_aclk
    SLICE_X28Y98         FDRE                                         r  design_1_i/ssd_ctrl_0/U0/ssd_ctrl_v1_0_S00_AXI_inst/axi_rdata_reg[30]/C
  -------------------------------------------------------------------    -------------------
    SLICE_X28Y98         FDRE (Prop_fdre_C_Q)         0.141     1.054 r  design_1_i/ssd_ctrl_0/U0/ssd_ctrl_v1_0_S00_AXI_inst/axi_rdata_reg[30]/Q
                         net (fo=1, routed)           0.172     1.225    design_1_i/ps7_0_axi_periph/s00_couplers/auto_pc/inst/gen_axilite.gen_b2s_conv.axilite_b2s/RD.r_channel_0/rd_data_fifo_0/in[30]
    SLICE_X26Y96         SRLC32E                                      r  design_1_i/ps7_0_axi_periph/s00_couplers/auto_pc/inst/gen_axilite.gen_b2s_conv.axilite_b2s/RD.r_channel_0/rd_data_fifo_0/memory_reg[31][30]_srl32/D
  -------------------------------------------------------------------    -------------------

                         (clock clk_fpga_0 rise edge)
                                                      0.000     0.000 r  
    PS7_X0Y0             PS7                          0.000     0.000 r  design_1_i/processing_system7_0/inst/PS7_i/FCLKCLK[0]
                         net (fo=1, routed)           0.337     0.337    design_1_i/processing_system7_0/inst/FCLK_CLK_unbuffered[0]
    BUFGCTRL_X0Y16       BUFG (Prop_bufg_I_O)         0.029     0.366 r  design_1_i/processing_system7_0/inst/buffer_fclk_clk_0.FCLK_CLK_0_BUFG/O
                         net (fo=675, routed)         0.843     1.209    design_1_i/ps7_0_axi_periph/s00_couplers/auto_pc/inst/gen_axilite.gen_b2s_conv.axilite_b2s/RD.r_channel_0/rd_data_fifo_0/aclk
    SLICE_X26Y96         SRLC32E                                      r  design_1_i/ps7_0_axi_periph/s00_couplers/auto_pc/inst/gen_axilite.gen_b2s_conv.axilite_b2s/RD.r_channel_0/rd_data_fifo_0/memory_reg[31][30]_srl32/CLK
                         clock pessimism             -0.264     0.945    
    SLICE_X26Y96         SRLC32E (Hold_srlc32e_CLK_D)
                                                      0.183     1.128    design_1_i/ps7_0_axi_periph/s00_couplers/auto_pc/inst/gen_axilite.gen_b2s_conv.axilite_b2s/RD.r_channel_0/rd_data_fifo_0/memory_reg[31][30]_srl32
  -------------------------------------------------------------------
                         required time                         -1.128    
                         arrival time                           1.225    
  -------------------------------------------------------------------
                         slack                                  0.098    

Slack (MET) :             0.102ns  (arrival time - required time)
  Source:                 design_1_i/ssd_ctrl_0/U0/ssd_ctrl_v1_0_S00_AXI_inst/axi_rdata_reg[20]/C
                            (rising edge-triggered cell FDRE clocked by clk_fpga_0  {rise@0.000ns fall@5.000ns period=10.000ns})
  Destination:            design_1_i/ps7_0_axi_periph/s00_couplers/auto_pc/inst/gen_axilite.gen_b2s_conv.axilite_b2s/RD.r_channel_0/rd_data_fifo_0/memory_reg[31][20]_srl32/D
                            (rising edge-triggered cell SRLC32E clocked by clk_fpga_0  {rise@0.000ns fall@5.000ns period=10.000ns})
  Path Group:             clk_fpga_0
  Path Type:              Hold (Min at Fast Process Corner)
  Requirement:            0.000ns  (clk_fpga_0 rise@0.000ns - clk_fpga_0 rise@0.000ns)
  Data Path Delay:        0.318ns  (logic 0.141ns (44.341%)  route 0.177ns (55.659%))
  Logic Levels:           0  
  Clock Path Skew:        0.033ns (DCD - SCD - CPR)
    Destination Clock Delay (DCD):    1.209ns
    Source Clock Delay      (SCD):    0.912ns
    Clock Pessimism Removal (CPR):    0.264ns

    Location             Delay type                Incr(ns)  Path(ns)    Netlist Resource(s)
  -------------------------------------------------------------------    -------------------
                         (clock clk_fpga_0 rise edge)
                                                      0.000     0.000 r  
    PS7_X0Y0             PS7                          0.000     0.000 r  design_1_i/processing_system7_0/inst/PS7_i/FCLKCLK[0]
                         net (fo=1, routed)           0.310     0.310    design_1_i/processing_system7_0/inst/FCLK_CLK_unbuffered[0]
    BUFGCTRL_X0Y16       BUFG (Prop_bufg_I_O)         0.026     0.336 r  design_1_i/processing_system7_0/inst/buffer_fclk_clk_0.FCLK_CLK_0_BUFG/O
                         net (fo=675, routed)         0.576     0.912    design_1_i/ssd_ctrl_0/U0/ssd_ctrl_v1_0_S00_AXI_inst/s00_axi_aclk
    SLICE_X28Y96         FDRE                                         r  design_1_i/ssd_ctrl_0/U0/ssd_ctrl_v1_0_S00_AXI_inst/axi_rdata_reg[20]/C
  -------------------------------------------------------------------    -------------------
    SLICE_X28Y96         FDRE (Prop_fdre_C_Q)         0.141     1.053 r  design_1_i/ssd_ctrl_0/U0/ssd_ctrl_v1_0_S00_AXI_inst/axi_rdata_reg[20]/Q
                         net (fo=1, routed)           0.177     1.230    design_1_i/ps7_0_axi_periph/s00_couplers/auto_pc/inst/gen_axilite.gen_b2s_conv.axilite_b2s/RD.r_channel_0/rd_data_fifo_0/in[20]
    SLICE_X26Y93         SRLC32E                                      r  design_1_i/ps7_0_axi_periph/s00_couplers/auto_pc/inst/gen_axilite.gen_b2s_conv.axilite_b2s/RD.r_channel_0/rd_data_fifo_0/memory_reg[31][20]_srl32/D
  -------------------------------------------------------------------    -------------------

                         (clock clk_fpga_0 rise edge)
                                                      0.000     0.000 r  
    PS7_X0Y0             PS7                          0.000     0.000 r  design_1_i/processing_system7_0/inst/PS7_i/FCLKCLK[0]
                         net (fo=1, routed)           0.337     0.337    design_1_i/processing_system7_0/inst/FCLK_CLK_unbuffered[0]
    BUFGCTRL_X0Y16       BUFG (Prop_bufg_I_O)         0.029     0.366 r  design_1_i/processing_system7_0/inst/buffer_fclk_clk_0.FCLK_CLK_0_BUFG/O
                         net (fo=675, routed)         0.843     1.209    design_1_i/ps7_0_axi_periph/s00_couplers/auto_pc/inst/gen_axilite.gen_b2s_conv.axilite_b2s/RD.r_channel_0/rd_data_fifo_0/aclk
    SLICE_X26Y93         SRLC32E                                      r  design_1_i/ps7_0_axi_periph/s00_couplers/auto_pc/inst/gen_axilite.gen_b2s_conv.axilite_b2s/RD.r_channel_0/rd_data_fifo_0/memory_reg[31][20]_srl32/CLK
                         clock pessimism             -0.264     0.945    
    SLICE_X26Y93         SRLC32E (Hold_srlc32e_CLK_D)
                                                      0.183     1.128    design_1_i/ps7_0_axi_periph/s00_couplers/auto_pc/inst/gen_axilite.gen_b2s_conv.axilite_b2s/RD.r_channel_0/rd_data_fifo_0/memory_reg[31][20]_srl32
  -------------------------------------------------------------------
                         required time                         -1.128    
                         arrival time                           1.230    
  -------------------------------------------------------------------
                         slack                                  0.102    

Slack (MET) :             0.106ns  (arrival time - required time)
  Source:                 design_1_i/ssd_ctrl_0/U0/ssd_ctrl_v1_0_S00_AXI_inst/slv_reg3_reg[22]/C
                            (rising edge-triggered cell FDRE clocked by clk_fpga_0  {rise@0.000ns fall@5.000ns period=10.000ns})
  Destination:            design_1_i/ssd_ctrl_0/U0/ssd_ctrl_v1_0_S00_AXI_inst/axi_rdata_reg[22]/D
                            (rising edge-triggered cell FDRE clocked by clk_fpga_0  {rise@0.000ns fall@5.000ns period=10.000ns})
  Path Group:             clk_fpga_0
  Path Type:              Hold (Min at Fast Process Corner)
  Requirement:            0.000ns  (clk_fpga_0 rise@0.000ns - clk_fpga_0 rise@0.000ns)
  Data Path Delay:        0.240ns  (logic 0.186ns (77.466%)  route 0.054ns (22.534%))
  Logic Levels:           1  (LUT5=1)
  Clock Path Skew:        0.013ns (DCD - SCD - CPR)
    Destination Clock Delay (DCD):    1.211ns
    Source Clock Delay      (SCD):    0.913ns
    Clock Pessimism Removal (CPR):    0.285ns

    Location             Delay type                Incr(ns)  Path(ns)    Netlist Resource(s)
  -------------------------------------------------------------------    -------------------
                         (clock clk_fpga_0 rise edge)
                                                      0.000     0.000 r  
    PS7_X0Y0             PS7                          0.000     0.000 r  design_1_i/processing_system7_0/inst/PS7_i/FCLKCLK[0]
                         net (fo=1, routed)           0.310     0.310    design_1_i/processing_system7_0/inst/FCLK_CLK_unbuffered[0]
    BUFGCTRL_X0Y16       BUFG (Prop_bufg_I_O)         0.026     0.336 r  design_1_i/processing_system7_0/inst/buffer_fclk_clk_0.FCLK_CLK_0_BUFG/O
                         net (fo=675, routed)         0.577     0.913    design_1_i/ssd_ctrl_0/U0/ssd_ctrl_v1_0_S00_AXI_inst/s00_axi_aclk
    SLICE_X31Y97         FDRE                                         r  design_1_i/ssd_ctrl_0/U0/ssd_ctrl_v1_0_S00_AXI_inst/slv_reg3_reg[22]/C
  -------------------------------------------------------------------    -------------------
    SLICE_X31Y97         FDRE (Prop_fdre_C_Q)         0.141     1.054 r  design_1_i/ssd_ctrl_0/U0/ssd_ctrl_v1_0_S00_AXI_inst/slv_reg3_reg[22]/Q
                         net (fo=1, routed)           0.054     1.108    design_1_i/ssd_ctrl_0/U0/ssd_ctrl_v1_0_S00_AXI_inst/slv_reg3[22]
    SLICE_X30Y97         LUT5 (Prop_lut5_I0_O)        0.045     1.153 r  design_1_i/ssd_ctrl_0/U0/ssd_ctrl_v1_0_S00_AXI_inst/axi_rdata[22]_i_1/O
                         net (fo=1, routed)           0.000     1.153    design_1_i/ssd_ctrl_0/U0/ssd_ctrl_v1_0_S00_AXI_inst/reg_data_out[22]
    SLICE_X30Y97         FDRE                                         r  design_1_i/ssd_ctrl_0/U0/ssd_ctrl_v1_0_S00_AXI_inst/axi_rdata_reg[22]/D
  -------------------------------------------------------------------    -------------------

                         (clock clk_fpga_0 rise edge)
                                                      0.000     0.000 r  
    PS7_X0Y0             PS7                          0.000     0.000 r  design_1_i/processing_system7_0/inst/PS7_i/FCLKCLK[0]
                         net (fo=1, routed)           0.337     0.337    design_1_i/processing_system7_0/inst/FCLK_CLK_unbuffered[0]
    BUFGCTRL_X0Y16       BUFG (Prop_bufg_I_O)         0.029     0.366 r  design_1_i/processing_system7_0/inst/buffer_fclk_clk_0.FCLK_CLK_0_BUFG/O
                         net (fo=675, routed)         0.845     1.211    design_1_i/ssd_ctrl_0/U0/ssd_ctrl_v1_0_S00_AXI_inst/s00_axi_aclk
    SLICE_X30Y97         FDRE                                         r  design_1_i/ssd_ctrl_0/U0/ssd_ctrl_v1_0_S00_AXI_inst/axi_rdata_reg[22]/C
                         clock pessimism             -0.285     0.926    
    SLICE_X30Y97         FDRE (Hold_fdre_C_D)         0.121     1.047    design_1_i/ssd_ctrl_0/U0/ssd_ctrl_v1_0_S00_AXI_inst/axi_rdata_reg[22]
  -------------------------------------------------------------------
                         required time                         -1.047    
                         arrival time                           1.153    
  -------------------------------------------------------------------
                         slack                                  0.106    





Pulse Width Checks
--------------------------------------------------------------------------------------
Clock Name:         clk_fpga_0
Waveform(ns):       { 0.000 5.000 }
Period(ns):         10.000
Sources:            { design_1_i/processing_system7_0/inst/PS7_i/FCLKCLK[0] }

Check Type        Corner  Lib Pin      Reference Pin  Required(ns)  Actual(ns)  Slack(ns)  Location        Pin
Min Period        n/a     BUFG/I       n/a            2.155         10.000      7.845      BUFGCTRL_X0Y16  design_1_i/processing_system7_0/inst/buffer_fclk_clk_0.FCLK_CLK_0_BUFG/I
Min Period        n/a     FDRE/C       n/a            1.000         10.000      9.000      SLICE_X34Y98    design_1_i/ps7_0_axi_periph/s00_couplers/auto_pc/inst/gen_axilite.gen_b2s_conv.axilite_b2s/areset_d1_reg/C
Min Period        n/a     FDRE/C       n/a            1.000         10.000      9.000      SLICE_X27Y82    design_1_i/ps7_0_axi_periph/s00_couplers/auto_pc/inst/gen_axilite.gen_b2s_conv.axilite_b2s/RD.ar_channel_0/s_arid_r_reg[0]/C
Min Period        n/a     FDRE/C       n/a            1.000         10.000      9.000      SLICE_X29Y81    design_1_i/ps7_0_axi_periph/s00_couplers/auto_pc/inst/gen_axilite.gen_b2s_conv.axilite_b2s/RD.ar_channel_0/s_arid_r_reg[10]/C
Min Period        n/a     FDRE/C       n/a            1.000         10.000      9.000      SLICE_X27Y82    design_1_i/ps7_0_axi_periph/s00_couplers/auto_pc/inst/gen_axilite.gen_b2s_conv.axilite_b2s/RD.ar_channel_0/s_arid_r_reg[11]/C
Min Period        n/a     FDRE/C       n/a            1.000         10.000      9.000      SLICE_X29Y81    design_1_i/ps7_0_axi_periph/s00_couplers/auto_pc/inst/gen_axilite.gen_b2s_conv.axilite_b2s/RD.ar_channel_0/s_arid_r_reg[1]/C
Min Period        n/a     FDRE/C       n/a            1.000         10.000      9.000      SLICE_X29Y81    design_1_i/ps7_0_axi_periph/s00_couplers/auto_pc/inst/gen_axilite.gen_b2s_conv.axilite_b2s/RD.ar_channel_0/s_arid_r_reg[2]/C
Min Period        n/a     FDRE/C       n/a            1.000         10.000      9.000      SLICE_X27Y82    design_1_i/ps7_0_axi_periph/s00_couplers/auto_pc/inst/gen_axilite.gen_b2s_conv.axilite_b2s/RD.ar_channel_0/s_arid_r_reg[3]/C
Min Period        n/a     FDRE/C       n/a            1.000         10.000      9.000      SLICE_X27Y85    design_1_i/ps7_0_axi_periph/s00_couplers/auto_pc/inst/gen_axilite.gen_b2s_conv.axilite_b2s/RD.ar_channel_0/s_arid_r_reg[4]/C
Min Period        n/a     FDRE/C       n/a            1.000         10.000      9.000      SLICE_X27Y85    design_1_i/ps7_0_axi_periph/s00_couplers/auto_pc/inst/gen_axilite.gen_b2s_conv.axilite_b2s/RD.ar_channel_0/s_arid_r_reg[5]/C
Low Pulse Width   Slow    SRLC32E/CLK  n/a            0.980         5.000       4.020      SLICE_X30Y91    design_1_i/ps7_0_axi_periph/s00_couplers/auto_pc/inst/gen_axilite.gen_b2s_conv.axilite_b2s/RD.r_channel_0/rd_data_fifo_0/memory_reg[31][0]_srl32/CLK
Low Pulse Width   Fast    SRLC32E/CLK  n/a            0.980         5.000       4.020      SLICE_X30Y91    design_1_i/ps7_0_axi_periph/s00_couplers/auto_pc/inst/gen_axilite.gen_b2s_conv.axilite_b2s/RD.r_channel_0/rd_data_fifo_0/memory_reg[31][0]_srl32/CLK
Low Pulse Width   Slow    SRLC32E/CLK  n/a            0.980         5.000       4.020      SLICE_X26Y90    design_1_i/ps7_0_axi_periph/s00_couplers/auto_pc/inst/gen_axilite.gen_b2s_conv.axilite_b2s/RD.r_channel_0/rd_data_fifo_0/memory_reg[31][10]_srl32/CLK
Low Pulse Width   Fast    SRLC32E/CLK  n/a            0.980         5.000       4.020      SLICE_X26Y90    design_1_i/ps7_0_axi_periph/s00_couplers/auto_pc/inst/gen_axilite.gen_b2s_conv.axilite_b2s/RD.r_channel_0/rd_data_fifo_0/memory_reg[31][10]_srl32/CLK
Low Pulse Width   Slow    SRLC32E/CLK  n/a            0.980         5.000       4.020      SLICE_X26Y92    design_1_i/ps7_0_axi_periph/s00_couplers/auto_pc/inst/gen_axilite.gen_b2s_conv.axilite_b2s/RD.r_channel_0/rd_data_fifo_0/memory_reg[31][11]_srl32/CLK
Low Pulse Width   Fast    SRLC32E/CLK  n/a            0.980         5.000       4.020      SLICE_X26Y92    design_1_i/ps7_0_axi_periph/s00_couplers/auto_pc/inst/gen_axilite.gen_b2s_conv.axilite_b2s/RD.r_channel_0/rd_data_fifo_0/memory_reg[31][11]_srl32/CLK
Low Pulse Width   Slow    SRLC32E/CLK  n/a            0.980         5.000       4.020      SLICE_X26Y92    design_1_i/ps7_0_axi_periph/s00_couplers/auto_pc/inst/gen_axilite.gen_b2s_conv.axilite_b2s/RD.r_channel_0/rd_data_fifo_0/memory_reg[31][12]_srl32/CLK
Low Pulse Width   Fast    SRLC32E/CLK  n/a            0.980         5.000       4.020      SLICE_X26Y92    design_1_i/ps7_0_axi_periph/s00_couplers/auto_pc/inst/gen_axilite.gen_b2s_conv.axilite_b2s/RD.r_channel_0/rd_data_fifo_0/memory_reg[31][12]_srl32/CLK
Low Pulse Width   Slow    SRLC32E/CLK  n/a            0.980         5.000       4.020      SLICE_X26Y92    design_1_i/ps7_0_axi_periph/s00_couplers/auto_pc/inst/gen_axilite.gen_b2s_conv.axilite_b2s/RD.r_channel_0/rd_data_fifo_0/memory_reg[31][13]_srl32/CLK
Low Pulse Width   Fast    SRLC32E/CLK  n/a            0.980         5.000       4.020      SLICE_X26Y92    design_1_i/ps7_0_axi_periph/s00_couplers/auto_pc/inst/gen_axilite.gen_b2s_conv.axilite_b2s/RD.r_channel_0/rd_data_fifo_0/memory_reg[31][13]_srl32/CLK
High Pulse Width  Slow    SRLC32E/CLK  n/a            0.980         5.000       4.020      SLICE_X30Y91    design_1_i/ps7_0_axi_periph/s00_couplers/auto_pc/inst/gen_axilite.gen_b2s_conv.axilite_b2s/RD.r_channel_0/rd_data_fifo_0/memory_reg[31][0]_srl32/CLK
High Pulse Width  Fast    SRLC32E/CLK  n/a            0.980         5.000       4.020      SLICE_X30Y91    design_1_i/ps7_0_axi_periph/s00_couplers/auto_pc/inst/gen_axilite.gen_b2s_conv.axilite_b2s/RD.r_channel_0/rd_data_fifo_0/memory_reg[31][0]_srl32/CLK
High Pulse Width  Slow    SRLC32E/CLK  n/a            0.980         5.000       4.020      SLICE_X26Y90    design_1_i/ps7_0_axi_periph/s00_couplers/auto_pc/inst/gen_axilite.gen_b2s_conv.axilite_b2s/RD.r_channel_0/rd_data_fifo_0/memory_reg[31][10]_srl32/CLK
High Pulse Width  Fast    SRLC32E/CLK  n/a            0.980         5.000       4.020      SLICE_X26Y90    design_1_i/ps7_0_axi_periph/s00_couplers/auto_pc/inst/gen_axilite.gen_b2s_conv.axilite_b2s/RD.r_channel_0/rd_data_fifo_0/memory_reg[31][10]_srl32/CLK
High Pulse Width  Slow    SRLC32E/CLK  n/a            0.980         5.000       4.020      SLICE_X26Y92    design_1_i/ps7_0_axi_periph/s00_couplers/auto_pc/inst/gen_axilite.gen_b2s_conv.axilite_b2s/RD.r_channel_0/rd_data_fifo_0/memory_reg[31][11]_srl32/CLK
High Pulse Width  Fast    SRLC32E/CLK  n/a            0.980         5.000       4.020      SLICE_X26Y92    design_1_i/ps7_0_axi_periph/s00_couplers/auto_pc/inst/gen_axilite.gen_b2s_conv.axilite_b2s/RD.r_channel_0/rd_data_fifo_0/memory_reg[31][11]_srl32/CLK
High Pulse Width  Slow    SRLC32E/CLK  n/a            0.980         5.000       4.020      SLICE_X26Y92    design_1_i/ps7_0_axi_periph/s00_couplers/auto_pc/inst/gen_axilite.gen_b2s_conv.axilite_b2s/RD.r_channel_0/rd_data_fifo_0/memory_reg[31][12]_srl32/CLK
High Pulse Width  Fast    SRLC32E/CLK  n/a            0.980         5.000       4.020      SLICE_X26Y92    design_1_i/ps7_0_axi_periph/s00_couplers/auto_pc/inst/gen_axilite.gen_b2s_conv.axilite_b2s/RD.r_channel_0/rd_data_fifo_0/memory_reg[31][12]_srl32/CLK
High Pulse Width  Slow    SRLC32E/CLK  n/a            0.980         5.000       4.020      SLICE_X26Y92    design_1_i/ps7_0_axi_periph/s00_couplers/auto_pc/inst/gen_axilite.gen_b2s_conv.axilite_b2s/RD.r_channel_0/rd_data_fifo_0/memory_reg[31][13]_srl32/CLK
High Pulse Width  Fast    SRLC32E/CLK  n/a            0.980         5.000       4.020      SLICE_X26Y92    design_1_i/ps7_0_axi_periph/s00_couplers/auto_pc/inst/gen_axilite.gen_b2s_conv.axilite_b2s/RD.r_channel_0/rd_data_fifo_0/memory_reg[31][13]_srl32/CLK



--------------------------------------------------------------------------------------
Path Group:  (none)
From Clock:  
  To Clock:  clk_fpga_0

Max Delay             1 Endpoint
Min Delay             1 Endpoint
--------------------------------------------------------------------------------------


Max Delay Paths
--------------------------------------------------------------------------------------
Slack:                    inf
  Source:                 design_1_i/processing_system7_0/inst/PS7_i/FCLKRESETN[0]
                            (internal pin)
  Destination:            design_1_i/rst_ps7_0_100M/U0/EXT_LPF/ACTIVE_LOW_EXT.ACT_LO_EXT/GENERATE_LEVEL_P_S_CDC.SINGLE_BIT.CROSS_PLEVEL_IN2SCNDRY_IN_cdc_to/D
                            (rising edge-triggered cell FDRE clocked by clk_fpga_0  {rise@0.000ns fall@5.000ns period=10.000ns})
  Path Group:             (none)
  Path Type:              Setup (Max at Slow Process Corner)
  Data Path Delay:        1.269ns  (logic 0.124ns (9.769%)  route 1.145ns (90.231%))
  Logic Levels:           1  (LUT1=1)
  Clock Uncertainty:      0.152ns  ((TSJ^2 + TIJ^2)^1/2 + DJ) / 2 + PE
    Total System Jitter     (TSJ):    0.050ns
    Total Input Jitter      (TIJ):    0.300ns
    Discrete Jitter          (DJ):    0.000ns
    Phase Error              (PE):    0.000ns
  Timing Exception:       False Path

    Location             Delay type                Incr(ns)  Path(ns)    Netlist Resource(s)
  -------------------------------------------------------------------    -------------------
    PS7_X0Y0             PS7                          0.000     0.000 f  design_1_i/processing_system7_0/inst/PS7_i/FCLKRESETN[0]
                         net (fo=1, routed)           1.145     1.145    design_1_i/rst_ps7_0_100M/U0/EXT_LPF/ACTIVE_LOW_EXT.ACT_LO_EXT/ext_reset_in
    SLICE_X32Y101        LUT1 (Prop_lut1_I0_O)        0.124     1.269 r  design_1_i/rst_ps7_0_100M/U0/EXT_LPF/ACTIVE_LOW_EXT.ACT_LO_EXT/GENERATE_LEVEL_P_S_CDC.SINGLE_BIT.CROSS_PLEVEL_IN2SCNDRY_IN_cdc_to_i_1/O
                         net (fo=1, routed)           0.000     1.269    design_1_i/rst_ps7_0_100M/U0/EXT_LPF/ACTIVE_LOW_EXT.ACT_LO_EXT/exr_d1
    SLICE_X32Y101        FDRE                                         r  design_1_i/rst_ps7_0_100M/U0/EXT_LPF/ACTIVE_LOW_EXT.ACT_LO_EXT/GENERATE_LEVEL_P_S_CDC.SINGLE_BIT.CROSS_PLEVEL_IN2SCNDRY_IN_cdc_to/D
  -------------------------------------------------------------------    -------------------

                         (clock clk_fpga_0 rise edge)
                                                      0.000     0.000 r  
    PS7_X0Y0             PS7                          0.000     0.000 r  design_1_i/processing_system7_0/inst/PS7_i/FCLKCLK[0]
                         net (fo=1, routed)           1.088     1.088    design_1_i/processing_system7_0/inst/FCLK_CLK_unbuffered[0]
    BUFGCTRL_X0Y16       BUFG (Prop_bufg_I_O)         0.091     1.179 r  design_1_i/processing_system7_0/inst/buffer_fclk_clk_0.FCLK_CLK_0_BUFG/O
                         net (fo=675, routed)         1.654     2.833    design_1_i/rst_ps7_0_100M/U0/EXT_LPF/ACTIVE_LOW_EXT.ACT_LO_EXT/slowest_sync_clk
    SLICE_X32Y101        FDRE                                         r  design_1_i/rst_ps7_0_100M/U0/EXT_LPF/ACTIVE_LOW_EXT.ACT_LO_EXT/GENERATE_LEVEL_P_S_CDC.SINGLE_BIT.CROSS_PLEVEL_IN2SCNDRY_IN_cdc_to/C





Min Delay Paths
--------------------------------------------------------------------------------------
Slack:                    inf
  Source:                 design_1_i/processing_system7_0/inst/PS7_i/FCLKRESETN[0]
                            (internal pin)
  Destination:            design_1_i/rst_ps7_0_100M/U0/EXT_LPF/ACTIVE_LOW_EXT.ACT_LO_EXT/GENERATE_LEVEL_P_S_CDC.SINGLE_BIT.CROSS_PLEVEL_IN2SCNDRY_IN_cdc_to/D
                            (rising edge-triggered cell FDRE clocked by clk_fpga_0  {rise@0.000ns fall@5.000ns period=10.000ns})
  Path Group:             (none)
  Path Type:              Hold (Min at Fast Process Corner)
  Data Path Delay:        0.524ns  (logic 0.045ns (8.583%)  route 0.479ns (91.417%))
  Logic Levels:           1  (LUT1=1)
  Clock Uncertainty:      0.152ns  ((TSJ^2 + TIJ^2)^1/2 + DJ) / 2 + PE
    Total System Jitter     (TSJ):    0.050ns
    Total Input Jitter      (TIJ):    0.300ns
    Discrete Jitter          (DJ):    0.000ns
    Phase Error              (PE):    0.000ns
  Timing Exception:       False Path

    Location             Delay type                Incr(ns)  Path(ns)    Netlist Resource(s)
  -------------------------------------------------------------------    -------------------
    PS7_X0Y0             PS7                          0.000     0.000 f  design_1_i/processing_system7_0/inst/PS7_i/FCLKRESETN[0]
                         net (fo=1, routed)           0.479     0.479    design_1_i/rst_ps7_0_100M/U0/EXT_LPF/ACTIVE_LOW_EXT.ACT_LO_EXT/ext_reset_in
    SLICE_X32Y101        LUT1 (Prop_lut1_I0_O)        0.045     0.524 r  design_1_i/rst_ps7_0_100M/U0/EXT_LPF/ACTIVE_LOW_EXT.ACT_LO_EXT/GENERATE_LEVEL_P_S_CDC.SINGLE_BIT.CROSS_PLEVEL_IN2SCNDRY_IN_cdc_to_i_1/O
                         net (fo=1, routed)           0.000     0.524    design_1_i/rst_ps7_0_100M/U0/EXT_LPF/ACTIVE_LOW_EXT.ACT_LO_EXT/exr_d1
    SLICE_X32Y101        FDRE                                         r  design_1_i/rst_ps7_0_100M/U0/EXT_LPF/ACTIVE_LOW_EXT.ACT_LO_EXT/GENERATE_LEVEL_P_S_CDC.SINGLE_BIT.CROSS_PLEVEL_IN2SCNDRY_IN_cdc_to/D
  -------------------------------------------------------------------    -------------------

                         (clock clk_fpga_0 rise edge)
                                                      0.000     0.000 r  
    PS7_X0Y0             PS7                          0.000     0.000 r  design_1_i/processing_system7_0/inst/PS7_i/FCLKCLK[0]
                         net (fo=1, routed)           0.337     0.337    design_1_i/processing_system7_0/inst/FCLK_CLK_unbuffered[0]
    BUFGCTRL_X0Y16       BUFG (Prop_bufg_I_O)         0.029     0.366 r  design_1_i/processing_system7_0/inst/buffer_fclk_clk_0.FCLK_CLK_0_BUFG/O
                         net (fo=675, routed)         0.912     1.278    design_1_i/rst_ps7_0_100M/U0/EXT_LPF/ACTIVE_LOW_EXT.ACT_LO_EXT/slowest_sync_clk
    SLICE_X32Y101        FDRE                                         r  design_1_i/rst_ps7_0_100M/U0/EXT_LPF/ACTIVE_LOW_EXT.ACT_LO_EXT/GENERATE_LEVEL_P_S_CDC.SINGLE_BIT.CROSS_PLEVEL_IN2SCNDRY_IN_cdc_to/C





--------------------------------------------------------------------------------------
Path Group:  (none)
From Clock:  
  To Clock:  

Max Delay             9 Endpoints
Min Delay             9 Endpoints
--------------------------------------------------------------------------------------


Max Delay Paths
--------------------------------------------------------------------------------------
Slack:                    inf
  Source:                 design_1_i/ssd_ctrl_0/U0/ssd_display_inst/sel_reg/C
                            (rising edge-triggered cell FDRE)
  Destination:            ssd_0[1]
                            (output port)
  Path Group:             (none)
  Path Type:              Max at Slow Process Corner
  Data Path Delay:        11.297ns  (logic 4.652ns (41.179%)  route 6.645ns (58.821%))
  Logic Levels:           4  (FDRE=1 LUT3=1 LUT6=1 OBUF=1)

    Location             Delay type                Incr(ns)  Path(ns)    Netlist Resource(s)
  -------------------------------------------------------------------    -------------------
    SLICE_X32Y86         FDRE                         0.000     0.000 r  design_1_i/ssd_ctrl_0/U0/ssd_display_inst/sel_reg/C
    SLICE_X32Y86         FDRE (Prop_fdre_C_Q)         0.518     0.518 r  design_1_i/ssd_ctrl_0/U0/ssd_display_inst/sel_reg/Q
                         net (fo=13, routed)          1.150     1.668    design_1_i/ssd_ctrl_0/U0/ssd_ctrl_v1_0_S00_AXI_inst/sel
    SLICE_X32Y90         LUT3 (Prop_lut3_I1_O)        0.146     1.814 f  design_1_i/ssd_ctrl_0/U0/ssd_ctrl_v1_0_S00_AXI_inst/ssd[6]_INST_0_i_3/O
                         net (fo=5, routed)           1.041     2.855    design_1_i/ssd_ctrl_0/U0/ssd_ctrl_v1_0_S00_AXI_inst/ssd_display_inst/digit__3[0]
    SLICE_X32Y88         LUT6 (Prop_lut6_I2_O)        0.328     3.183 r  design_1_i/ssd_ctrl_0/U0/ssd_ctrl_v1_0_S00_AXI_inst/ssd[1]_INST_0/O
                         net (fo=1, routed)           4.454     7.637    ssd_0_OBUF[1]
    W11                  OBUF (Prop_obuf_I_O)         3.660    11.297 r  ssd_0_OBUF[1]_inst/O
                         net (fo=0)                   0.000    11.297    ssd_0[1]
    W11                                                               r  ssd_0[1] (OUT)
  -------------------------------------------------------------------    -------------------

Slack:                    inf
  Source:                 design_1_i/ssd_ctrl_0/U0/ssd_display_inst/sel_reg/C
                            (rising edge-triggered cell FDRE)
  Destination:            ssd_0[6]
                            (output port)
  Path Group:             (none)
  Path Type:              Max at Slow Process Corner
  Data Path Delay:        11.219ns  (logic 4.594ns (40.949%)  route 6.625ns (59.051%))
  Logic Levels:           4  (FDRE=1 LUT3=1 LUT6=1 OBUF=1)

    Location             Delay type                Incr(ns)  Path(ns)    Netlist Resource(s)
  -------------------------------------------------------------------    -------------------
    SLICE_X32Y86         FDRE                         0.000     0.000 r  design_1_i/ssd_ctrl_0/U0/ssd_display_inst/sel_reg/C
    SLICE_X32Y86         FDRE (Prop_fdre_C_Q)         0.518     0.518 r  design_1_i/ssd_ctrl_0/U0/ssd_display_inst/sel_reg/Q
                         net (fo=13, routed)          1.150     1.668    design_1_i/ssd_ctrl_0/U0/ssd_ctrl_v1_0_S00_AXI_inst/sel
    SLICE_X32Y90         LUT3 (Prop_lut3_I1_O)        0.146     1.814 r  design_1_i/ssd_ctrl_0/U0/ssd_ctrl_v1_0_S00_AXI_inst/ssd[6]_INST_0_i_3/O
                         net (fo=5, routed)           0.849     2.662    design_1_i/ssd_ctrl_0/U0/ssd_ctrl_v1_0_S00_AXI_inst/ssd_display_inst/digit__3[0]
    SLICE_X33Y88         LUT6 (Prop_lut6_I5_O)        0.328     2.990 r  design_1_i/ssd_ctrl_0/U0/ssd_ctrl_v1_0_S00_AXI_inst/ssd[6]_INST_0/O
                         net (fo=1, routed)           4.626     7.617    ssd_0_OBUF[6]
    Y11                  OBUF (Prop_obuf_I_O)         3.602    11.219 r  ssd_0_OBUF[6]_inst/O
                         net (fo=0)                   0.000    11.219    ssd_0[6]
    Y11                                                               r  ssd_0[6] (OUT)
  -------------------------------------------------------------------    -------------------

Slack:                    inf
  Source:                 design_1_i/ssd_ctrl_0/U0/ssd_display_inst/sel_reg/C
                            (rising edge-triggered cell FDRE)
  Destination:            ssd_0[4]
                            (output port)
  Path Group:             (none)
  Path Type:              Max at Slow Process Corner
  Data Path Delay:        11.117ns  (logic 4.361ns (39.226%)  route 6.756ns (60.774%))
  Logic Levels:           4  (FDRE=1 LUT3=1 LUT6=1 OBUF=1)

    Location             Delay type                Incr(ns)  Path(ns)    Netlist Resource(s)
  -------------------------------------------------------------------    -------------------
    SLICE_X32Y86         FDRE                         0.000     0.000 r  design_1_i/ssd_ctrl_0/U0/ssd_display_inst/sel_reg/C
    SLICE_X32Y86         FDRE (Prop_fdre_C_Q)         0.518     0.518 r  design_1_i/ssd_ctrl_0/U0/ssd_display_inst/sel_reg/Q
                         net (fo=13, routed)          1.150     1.668    design_1_i/ssd_ctrl_0/U0/ssd_ctrl_v1_0_S00_AXI_inst/sel
    SLICE_X32Y90         LUT3 (Prop_lut3_I1_O)        0.124     1.792 f  design_1_i/ssd_ctrl_0/U0/ssd_ctrl_v1_0_S00_AXI_inst/ssd[4]_INST_0_i_1/O
                         net (fo=2, routed)           0.682     2.474    design_1_i/ssd_ctrl_0/U0/ssd_ctrl_v1_0_S00_AXI_inst/ssd_display_inst/digit__3[1]
    SLICE_X32Y90         LUT6 (Prop_lut6_I2_O)        0.124     2.598 r  design_1_i/ssd_ctrl_0/U0/ssd_ctrl_v1_0_S00_AXI_inst/ssd[4]_INST_0/O
                         net (fo=1, routed)           4.924     7.522    ssd_0_OBUF[4]
    Y10                  OBUF (Prop_obuf_I_O)         3.595    11.117 r  ssd_0_OBUF[4]_inst/O
                         net (fo=0)                   0.000    11.117    ssd_0[4]
    Y10                                                               r  ssd_0[4] (OUT)
  -------------------------------------------------------------------    -------------------

Slack:                    inf
  Source:                 design_1_i/ssd_ctrl_0/U0/ssd_display_inst/sel_reg/C
                            (rising edge-triggered cell FDRE)
  Destination:            ssd_0[2]
                            (output port)
  Path Group:             (none)
  Path Type:              Max at Slow Process Corner
  Data Path Delay:        11.007ns  (logic 4.492ns (40.813%)  route 6.515ns (59.187%))
  Logic Levels:           4  (FDRE=1 LUT3=1 LUT6=1 OBUF=1)

    Location             Delay type                Incr(ns)  Path(ns)    Netlist Resource(s)
  -------------------------------------------------------------------    -------------------
    SLICE_X32Y86         FDRE                         0.000     0.000 r  design_1_i/ssd_ctrl_0/U0/ssd_display_inst/sel_reg/C
    SLICE_X32Y86         FDRE (Prop_fdre_C_Q)         0.518     0.518 r  design_1_i/ssd_ctrl_0/U0/ssd_display_inst/sel_reg/Q
                         net (fo=13, routed)          1.000     1.518    design_1_i/ssd_ctrl_0/U0/ssd_ctrl_v1_0_S00_AXI_inst/sel
    SLICE_X33Y90         LUT3 (Prop_lut3_I1_O)        0.124     1.642 r  design_1_i/ssd_ctrl_0/U0/ssd_ctrl_v1_0_S00_AXI_inst/ssd[6]_INST_0_i_1/O
                         net (fo=7, routed)           1.013     2.655    design_1_i/ssd_ctrl_0/U0/ssd_ctrl_v1_0_S00_AXI_inst/ssd_display_inst/digit__3[3]
    SLICE_X32Y88         LUT6 (Prop_lut6_I0_O)        0.124     2.779 r  design_1_i/ssd_ctrl_0/U0/ssd_ctrl_v1_0_S00_AXI_inst/ssd[2]_INST_0/O
                         net (fo=1, routed)           4.502     7.281    ssd_0_OBUF[2]
    W12                  OBUF (Prop_obuf_I_O)         3.726    11.007 r  ssd_0_OBUF[2]_inst/O
                         net (fo=0)                   0.000    11.007    ssd_0[2]
    W12                                                               r  ssd_0[2] (OUT)
  -------------------------------------------------------------------    -------------------

Slack:                    inf
  Source:                 design_1_i/ssd_ctrl_0/U0/ssd_display_inst/sel_reg/C
                            (rising edge-triggered cell FDRE)
  Destination:            ssd_0[5]
                            (output port)
  Path Group:             (none)
  Path Type:              Max at Slow Process Corner
  Data Path Delay:        10.912ns  (logic 4.607ns (42.222%)  route 6.305ns (57.778%))
  Logic Levels:           4  (FDRE=1 LUT3=1 LUT6=1 OBUF=1)

    Location             Delay type                Incr(ns)  Path(ns)    Netlist Resource(s)
  -------------------------------------------------------------------    -------------------
    SLICE_X32Y86         FDRE                         0.000     0.000 r  design_1_i/ssd_ctrl_0/U0/ssd_display_inst/sel_reg/C
    SLICE_X32Y86         FDRE (Prop_fdre_C_Q)         0.518     0.518 r  design_1_i/ssd_ctrl_0/U0/ssd_display_inst/sel_reg/Q
                         net (fo=13, routed)          1.150     1.668    design_1_i/ssd_ctrl_0/U0/ssd_ctrl_v1_0_S00_AXI_inst/sel
    SLICE_X32Y90         LUT3 (Prop_lut3_I1_O)        0.146     1.814 r  design_1_i/ssd_ctrl_0/U0/ssd_ctrl_v1_0_S00_AXI_inst/ssd[6]_INST_0_i_3/O
                         net (fo=5, routed)           0.847     2.660    design_1_i/ssd_ctrl_0/U0/ssd_ctrl_v1_0_S00_AXI_inst/ssd_display_inst/digit__3[0]
    SLICE_X33Y88         LUT6 (Prop_lut6_I1_O)        0.328     2.988 r  design_1_i/ssd_ctrl_0/U0/ssd_ctrl_v1_0_S00_AXI_inst/ssd[5]_INST_0/O
                         net (fo=1, routed)           4.308     7.297    ssd_0_OBUF[5]
    AA11                 OBUF (Prop_obuf_I_O)         3.615    10.912 r  ssd_0_OBUF[5]_inst/O
                         net (fo=0)                   0.000    10.912    ssd_0[5]
    AA11                                                              r  ssd_0[5] (OUT)
  -------------------------------------------------------------------    -------------------

Slack:                    inf
  Source:                 design_1_i/ssd_ctrl_0/U0/ssd_display_inst/sel_reg/C
                            (rising edge-triggered cell FDRE)
  Destination:            ssd_0[3]
                            (output port)
  Path Group:             (none)
  Path Type:              Max at Slow Process Corner
  Data Path Delay:        10.735ns  (logic 4.343ns (40.461%)  route 6.391ns (59.539%))
  Logic Levels:           4  (FDRE=1 LUT3=1 LUT6=1 OBUF=1)

    Location             Delay type                Incr(ns)  Path(ns)    Netlist Resource(s)
  -------------------------------------------------------------------    -------------------
    SLICE_X32Y86         FDRE                         0.000     0.000 r  design_1_i/ssd_ctrl_0/U0/ssd_display_inst/sel_reg/C
    SLICE_X32Y86         FDRE (Prop_fdre_C_Q)         0.518     0.518 r  design_1_i/ssd_ctrl_0/U0/ssd_display_inst/sel_reg/Q
                         net (fo=13, routed)          1.000     1.518    design_1_i/ssd_ctrl_0/U0/ssd_ctrl_v1_0_S00_AXI_inst/sel
    SLICE_X33Y90         LUT3 (Prop_lut3_I1_O)        0.124     1.642 r  design_1_i/ssd_ctrl_0/U0/ssd_ctrl_v1_0_S00_AXI_inst/ssd[6]_INST_0_i_1/O
                         net (fo=7, routed)           1.032     2.674    design_1_i/ssd_ctrl_0/U0/ssd_ctrl_v1_0_S00_AXI_inst/ssd_display_inst/digit__3[3]
    SLICE_X32Y88         LUT6 (Prop_lut6_I0_O)        0.124     2.798 r  design_1_i/ssd_ctrl_0/U0/ssd_ctrl_v1_0_S00_AXI_inst/ssd[3]_INST_0/O
                         net (fo=1, routed)           4.359     7.157    ssd_0_OBUF[3]
    AA9                  OBUF (Prop_obuf_I_O)         3.577    10.735 r  ssd_0_OBUF[3]_inst/O
                         net (fo=0)                   0.000    10.735    ssd_0[3]
    AA9                                                               r  ssd_0[3] (OUT)
  -------------------------------------------------------------------    -------------------

Slack:                    inf
  Source:                 design_1_i/ssd_ctrl_0/U0/ssd_display_inst/sel_reg/C
                            (rising edge-triggered cell FDRE)
  Destination:            ssd_0[0]
                            (output port)
  Path Group:             (none)
  Path Type:              Max at Slow Process Corner
  Data Path Delay:        10.550ns  (logic 4.553ns (43.151%)  route 5.998ns (56.849%))
  Logic Levels:           4  (FDRE=1 LUT3=1 LUT6=1 OBUF=1)

    Location             Delay type                Incr(ns)  Path(ns)    Netlist Resource(s)
  -------------------------------------------------------------------    -------------------
    SLICE_X32Y86         FDRE                         0.000     0.000 r  design_1_i/ssd_ctrl_0/U0/ssd_display_inst/sel_reg/C
    SLICE_X32Y86         FDRE (Prop_fdre_C_Q)         0.518     0.518 r  design_1_i/ssd_ctrl_0/U0/ssd_display_inst/sel_reg/Q
                         net (fo=13, routed)          1.000     1.518    design_1_i/ssd_ctrl_0/U0/ssd_ctrl_v1_0_S00_AXI_inst/sel
    SLICE_X33Y90         LUT3 (Prop_lut3_I1_O)        0.149     1.667 r  design_1_i/ssd_ctrl_0/U0/ssd_ctrl_v1_0_S00_AXI_inst/ssd[6]_INST_0_i_2/O
                         net (fo=7, routed)           0.687     2.354    design_1_i/ssd_ctrl_0/U0/ssd_ctrl_v1_0_S00_AXI_inst/ssd_display_inst/digit__3[2]
    SLICE_X32Y90         LUT6 (Prop_lut6_I4_O)        0.332     2.686 r  design_1_i/ssd_ctrl_0/U0/ssd_ctrl_v1_0_S00_AXI_inst/ssd[0]_INST_0/O
                         net (fo=1, routed)           4.310     6.997    ssd_0_OBUF[0]
    V10                  OBUF (Prop_obuf_I_O)         3.554    10.550 r  ssd_0_OBUF[0]_inst/O
                         net (fo=0)                   0.000    10.550    ssd_0[0]
    V10                                                               r  ssd_0[0] (OUT)
  -------------------------------------------------------------------    -------------------

Slack:                    inf
  Source:                 design_1_i/ssd_ctrl_0/U0/ssd_display_inst/sel_reg/C
                            (rising edge-triggered cell FDRE)
  Destination:            sel_0
                            (output port)
  Path Group:             (none)
  Path Type:              Max at Slow Process Corner
  Data Path Delay:        8.486ns  (logic 4.156ns (48.969%)  route 4.331ns (51.031%))
  Logic Levels:           2  (FDRE=1 OBUF=1)

    Location             Delay type                Incr(ns)  Path(ns)    Netlist Resource(s)
  -------------------------------------------------------------------    -------------------
    SLICE_X32Y86         FDRE                         0.000     0.000 r  design_1_i/ssd_ctrl_0/U0/ssd_display_inst/sel_reg/C
    SLICE_X32Y86         FDRE (Prop_fdre_C_Q)         0.518     0.518 r  design_1_i/ssd_ctrl_0/U0/ssd_display_inst/sel_reg/Q
                         net (fo=13, routed)          4.331     4.849    sel_0_OBUF
    W8                   OBUF (Prop_obuf_I_O)         3.638     8.486 r  sel_0_OBUF_inst/O
                         net (fo=0)                   0.000     8.486    sel_0
    W8                                                                r  sel_0 (OUT)
  -------------------------------------------------------------------    -------------------

Slack:                    inf
  Source:                 design_1_i/ssd_ctrl_0/U0/ssd_display_inst/sel_reg/C
                            (rising edge-triggered cell FDRE)
  Destination:            design_1_i/ssd_ctrl_0/U0/ssd_display_inst/sel_reg/D
  Path Group:             (none)
  Path Type:              Max at Slow Process Corner
  Data Path Delay:        1.322ns  (logic 0.642ns (48.575%)  route 0.680ns (51.425%))
  Logic Levels:           2  (FDRE=1 LUT1=1)

    Location             Delay type                Incr(ns)  Path(ns)    Netlist Resource(s)
  -------------------------------------------------------------------    -------------------
    SLICE_X32Y86         FDRE                         0.000     0.000 r  design_1_i/ssd_ctrl_0/U0/ssd_display_inst/sel_reg/C
    SLICE_X32Y86         FDRE (Prop_fdre_C_Q)         0.518     0.518 f  design_1_i/ssd_ctrl_0/U0/ssd_display_inst/sel_reg/Q
                         net (fo=13, routed)          0.680     1.198    design_1_i/ssd_ctrl_0/U0/ssd_display_inst/sel
    SLICE_X32Y86         LUT1 (Prop_lut1_I0_O)        0.124     1.322 r  design_1_i/ssd_ctrl_0/U0/ssd_display_inst/sel_i_1/O
                         net (fo=1, routed)           0.000     1.322    design_1_i/ssd_ctrl_0/U0/ssd_display_inst/sel_i_1_n_0
    SLICE_X32Y86         FDRE                                         r  design_1_i/ssd_ctrl_0/U0/ssd_display_inst/sel_reg/D
  -------------------------------------------------------------------    -------------------





Min Delay Paths
--------------------------------------------------------------------------------------
Slack:                    inf
  Source:                 design_1_i/ssd_ctrl_0/U0/ssd_display_inst/sel_reg/C
                            (rising edge-triggered cell FDRE)
  Destination:            design_1_i/ssd_ctrl_0/U0/ssd_display_inst/sel_reg/D
  Path Group:             (none)
  Path Type:              Min at Fast Process Corner
  Data Path Delay:        0.457ns  (logic 0.209ns (45.766%)  route 0.248ns (54.234%))
  Logic Levels:           2  (FDRE=1 LUT1=1)

    Location             Delay type                Incr(ns)  Path(ns)    Netlist Resource(s)
  -------------------------------------------------------------------    -------------------
    SLICE_X32Y86         FDRE                         0.000     0.000 r  design_1_i/ssd_ctrl_0/U0/ssd_display_inst/sel_reg/C
    SLICE_X32Y86         FDRE (Prop_fdre_C_Q)         0.164     0.164 f  design_1_i/ssd_ctrl_0/U0/ssd_display_inst/sel_reg/Q
                         net (fo=13, routed)          0.248     0.412    design_1_i/ssd_ctrl_0/U0/ssd_display_inst/sel
    SLICE_X32Y86         LUT1 (Prop_lut1_I0_O)        0.045     0.457 r  design_1_i/ssd_ctrl_0/U0/ssd_display_inst/sel_i_1/O
                         net (fo=1, routed)           0.000     0.457    design_1_i/ssd_ctrl_0/U0/ssd_display_inst/sel_i_1_n_0
    SLICE_X32Y86         FDRE                                         r  design_1_i/ssd_ctrl_0/U0/ssd_display_inst/sel_reg/D
  -------------------------------------------------------------------    -------------------

Slack:                    inf
  Source:                 design_1_i/ssd_ctrl_0/U0/ssd_display_inst/sel_reg/C
                            (rising edge-triggered cell FDRE)
  Destination:            sel_0
                            (output port)
  Path Group:             (none)
  Path Type:              Min at Fast Process Corner
  Data Path Delay:        3.117ns  (logic 1.501ns (48.168%)  route 1.616ns (51.832%))
  Logic Levels:           2  (FDRE=1 OBUF=1)

    Location             Delay type                Incr(ns)  Path(ns)    Netlist Resource(s)
  -------------------------------------------------------------------    -------------------
    SLICE_X32Y86         FDRE                         0.000     0.000 r  design_1_i/ssd_ctrl_0/U0/ssd_display_inst/sel_reg/C
    SLICE_X32Y86         FDRE (Prop_fdre_C_Q)         0.164     0.164 r  design_1_i/ssd_ctrl_0/U0/ssd_display_inst/sel_reg/Q
                         net (fo=13, routed)          1.616     1.780    sel_0_OBUF
    W8                   OBUF (Prop_obuf_I_O)         1.337     3.117 r  sel_0_OBUF_inst/O
                         net (fo=0)                   0.000     3.117    sel_0
    W8                                                                r  sel_0 (OUT)
  -------------------------------------------------------------------    -------------------

Slack:                    inf
  Source:                 design_1_i/ssd_ctrl_0/U0/ssd_display_inst/sel_reg/C
                            (rising edge-triggered cell FDRE)
  Destination:            ssd_0[5]
                            (output port)
  Path Group:             (none)
  Path Type:              Min at Fast Process Corner
  Data Path Delay:        3.390ns  (logic 1.525ns (44.967%)  route 1.866ns (55.033%))
  Logic Levels:           3  (FDRE=1 LUT6=1 OBUF=1)

    Location             Delay type                Incr(ns)  Path(ns)    Netlist Resource(s)
  -------------------------------------------------------------------    -------------------
    SLICE_X32Y86         FDRE                         0.000     0.000 r  design_1_i/ssd_ctrl_0/U0/ssd_display_inst/sel_reg/C
    SLICE_X32Y86         FDRE (Prop_fdre_C_Q)         0.164     0.164 r  design_1_i/ssd_ctrl_0/U0/ssd_display_inst/sel_reg/Q
                         net (fo=13, routed)          0.263     0.427    design_1_i/ssd_ctrl_0/U0/ssd_ctrl_v1_0_S00_AXI_inst/sel
    SLICE_X33Y88         LUT6 (Prop_lut6_I3_O)        0.045     0.472 r  design_1_i/ssd_ctrl_0/U0/ssd_ctrl_v1_0_S00_AXI_inst/ssd[5]_INST_0/O
                         net (fo=1, routed)           1.602     2.075    ssd_0_OBUF[5]
    AA11                 OBUF (Prop_obuf_I_O)         1.316     3.390 r  ssd_0_OBUF[5]_inst/O
                         net (fo=0)                   0.000     3.390    ssd_0[5]
    AA11                                                              r  ssd_0[5] (OUT)
  -------------------------------------------------------------------    -------------------

Slack:                    inf
  Source:                 design_1_i/ssd_ctrl_0/U0/ssd_display_inst/sel_reg/C
                            (rising edge-triggered cell FDRE)
  Destination:            ssd_0[0]
                            (output port)
  Path Group:             (none)
  Path Type:              Min at Fast Process Corner
  Data Path Delay:        3.449ns  (logic 1.463ns (42.432%)  route 1.985ns (57.568%))
  Logic Levels:           3  (FDRE=1 LUT6=1 OBUF=1)

    Location             Delay type                Incr(ns)  Path(ns)    Netlist Resource(s)
  -------------------------------------------------------------------    -------------------
    SLICE_X32Y86         FDRE                         0.000     0.000 r  design_1_i/ssd_ctrl_0/U0/ssd_display_inst/sel_reg/C
    SLICE_X32Y86         FDRE (Prop_fdre_C_Q)         0.164     0.164 r  design_1_i/ssd_ctrl_0/U0/ssd_display_inst/sel_reg/Q
                         net (fo=13, routed)          0.374     0.538    design_1_i/ssd_ctrl_0/U0/ssd_ctrl_v1_0_S00_AXI_inst/sel
    SLICE_X32Y90         LUT6 (Prop_lut6_I2_O)        0.045     0.583 r  design_1_i/ssd_ctrl_0/U0/ssd_ctrl_v1_0_S00_AXI_inst/ssd[0]_INST_0/O
                         net (fo=1, routed)           1.611     2.194    ssd_0_OBUF[0]
    V10                  OBUF (Prop_obuf_I_O)         1.254     3.449 r  ssd_0_OBUF[0]_inst/O
                         net (fo=0)                   0.000     3.449    ssd_0[0]
    V10                                                               r  ssd_0[0] (OUT)
  -------------------------------------------------------------------    -------------------

Slack:                    inf
  Source:                 design_1_i/ssd_ctrl_0/U0/ssd_display_inst/sel_reg/C
                            (rising edge-triggered cell FDRE)
  Destination:            ssd_0[3]
                            (output port)
  Path Group:             (none)
  Path Type:              Min at Fast Process Corner
  Data Path Delay:        3.457ns  (logic 1.487ns (43.004%)  route 1.971ns (56.996%))
  Logic Levels:           3  (FDRE=1 LUT6=1 OBUF=1)

    Location             Delay type                Incr(ns)  Path(ns)    Netlist Resource(s)
  -------------------------------------------------------------------    -------------------
    SLICE_X32Y86         FDRE                         0.000     0.000 r  design_1_i/ssd_ctrl_0/U0/ssd_display_inst/sel_reg/C
    SLICE_X32Y86         FDRE (Prop_fdre_C_Q)         0.164     0.164 r  design_1_i/ssd_ctrl_0/U0/ssd_display_inst/sel_reg/Q
                         net (fo=13, routed)          0.402     0.566    design_1_i/ssd_ctrl_0/U0/ssd_ctrl_v1_0_S00_AXI_inst/sel
    SLICE_X32Y88         LUT6 (Prop_lut6_I3_O)        0.045     0.611 r  design_1_i/ssd_ctrl_0/U0/ssd_ctrl_v1_0_S00_AXI_inst/ssd[3]_INST_0/O
                         net (fo=1, routed)           1.568     2.180    ssd_0_OBUF[3]
    AA9                  OBUF (Prop_obuf_I_O)         1.278     3.457 r  ssd_0_OBUF[3]_inst/O
                         net (fo=0)                   0.000     3.457    ssd_0[3]
    AA9                                                               r  ssd_0[3] (OUT)
  -------------------------------------------------------------------    -------------------

Slack:                    inf
  Source:                 design_1_i/ssd_ctrl_0/U0/ssd_display_inst/sel_reg/C
                            (rising edge-triggered cell FDRE)
  Destination:            ssd_0[6]
                            (output port)
  Path Group:             (none)
  Path Type:              Min at Fast Process Corner
  Data Path Delay:        3.551ns  (logic 1.511ns (42.558%)  route 2.040ns (57.442%))
  Logic Levels:           3  (FDRE=1 LUT6=1 OBUF=1)

    Location             Delay type                Incr(ns)  Path(ns)    Netlist Resource(s)
  -------------------------------------------------------------------    -------------------
    SLICE_X32Y86         FDRE                         0.000     0.000 r  design_1_i/ssd_ctrl_0/U0/ssd_display_inst/sel_reg/C
    SLICE_X32Y86         FDRE (Prop_fdre_C_Q)         0.164     0.164 r  design_1_i/ssd_ctrl_0/U0/ssd_display_inst/sel_reg/Q
                         net (fo=13, routed)          0.262     0.426    design_1_i/ssd_ctrl_0/U0/ssd_ctrl_v1_0_S00_AXI_inst/sel
    SLICE_X33Y88         LUT6 (Prop_lut6_I3_O)        0.045     0.471 r  design_1_i/ssd_ctrl_0/U0/ssd_ctrl_v1_0_S00_AXI_inst/ssd[6]_INST_0/O
                         net (fo=1, routed)           1.777     2.249    ssd_0_OBUF[6]
    Y11                  OBUF (Prop_obuf_I_O)         1.302     3.551 r  ssd_0_OBUF[6]_inst/O
                         net (fo=0)                   0.000     3.551    ssd_0[6]
    Y11                                                               r  ssd_0[6] (OUT)
  -------------------------------------------------------------------    -------------------

Slack:                    inf
  Source:                 design_1_i/ssd_ctrl_0/U0/ssd_display_inst/sel_reg/C
                            (rising edge-triggered cell FDRE)
  Destination:            ssd_0[1]
                            (output port)
  Path Group:             (none)
  Path Type:              Min at Fast Process Corner
  Data Path Delay:        3.591ns  (logic 1.568ns (43.682%)  route 2.022ns (56.318%))
  Logic Levels:           3  (FDRE=1 LUT6=1 OBUF=1)

    Location             Delay type                Incr(ns)  Path(ns)    Netlist Resource(s)
  -------------------------------------------------------------------    -------------------
    SLICE_X32Y86         FDRE                         0.000     0.000 r  design_1_i/ssd_ctrl_0/U0/ssd_display_inst/sel_reg/C
    SLICE_X32Y86         FDRE (Prop_fdre_C_Q)         0.164     0.164 r  design_1_i/ssd_ctrl_0/U0/ssd_display_inst/sel_reg/Q
                         net (fo=13, routed)          0.351     0.515    design_1_i/ssd_ctrl_0/U0/ssd_ctrl_v1_0_S00_AXI_inst/sel
    SLICE_X32Y88         LUT6 (Prop_lut6_I4_O)        0.045     0.560 r  design_1_i/ssd_ctrl_0/U0/ssd_ctrl_v1_0_S00_AXI_inst/ssd[1]_INST_0/O
                         net (fo=1, routed)           1.671     2.231    ssd_0_OBUF[1]
    W11                  OBUF (Prop_obuf_I_O)         1.359     3.591 r  ssd_0_OBUF[1]_inst/O
                         net (fo=0)                   0.000     3.591    ssd_0[1]
    W11                                                               r  ssd_0[1] (OUT)
  -------------------------------------------------------------------    -------------------

Slack:                    inf
  Source:                 design_1_i/ssd_ctrl_0/U0/ssd_display_inst/sel_reg/C
                            (rising edge-triggered cell FDRE)
  Destination:            ssd_0[4]
                            (output port)
  Path Group:             (none)
  Path Type:              Min at Fast Process Corner
  Data Path Delay:        3.664ns  (logic 1.504ns (41.044%)  route 2.160ns (58.956%))
  Logic Levels:           3  (FDRE=1 LUT6=1 OBUF=1)

    Location             Delay type                Incr(ns)  Path(ns)    Netlist Resource(s)
  -------------------------------------------------------------------    -------------------
    SLICE_X32Y86         FDRE                         0.000     0.000 r  design_1_i/ssd_ctrl_0/U0/ssd_display_inst/sel_reg/C
    SLICE_X32Y86         FDRE (Prop_fdre_C_Q)         0.164     0.164 r  design_1_i/ssd_ctrl_0/U0/ssd_display_inst/sel_reg/Q
                         net (fo=13, routed)          0.289     0.453    design_1_i/ssd_ctrl_0/U0/ssd_ctrl_v1_0_S00_AXI_inst/sel
    SLICE_X32Y90         LUT6 (Prop_lut6_I4_O)        0.045     0.498 r  design_1_i/ssd_ctrl_0/U0/ssd_ctrl_v1_0_S00_AXI_inst/ssd[4]_INST_0/O
                         net (fo=1, routed)           1.871     2.369    ssd_0_OBUF[4]
    Y10                  OBUF (Prop_obuf_I_O)         1.295     3.664 r  ssd_0_OBUF[4]_inst/O
                         net (fo=0)                   0.000     3.664    ssd_0[4]
    Y10                                                               r  ssd_0[4] (OUT)
  -------------------------------------------------------------------    -------------------

Slack:                    inf
  Source:                 design_1_i/ssd_ctrl_0/U0/ssd_display_inst/sel_reg/C
                            (rising edge-triggered cell FDRE)
  Destination:            ssd_0[2]
                            (output port)
  Path Group:             (none)
  Path Type:              Min at Fast Process Corner
  Data Path Delay:        3.756ns  (logic 1.634ns (43.507%)  route 2.122ns (56.493%))
  Logic Levels:           3  (FDRE=1 LUT6=1 OBUF=1)

    Location             Delay type                Incr(ns)  Path(ns)    Netlist Resource(s)
  -------------------------------------------------------------------    -------------------
    SLICE_X32Y86         FDRE                         0.000     0.000 r  design_1_i/ssd_ctrl_0/U0/ssd_display_inst/sel_reg/C
    SLICE_X32Y86         FDRE (Prop_fdre_C_Q)         0.164     0.164 r  design_1_i/ssd_ctrl_0/U0/ssd_display_inst/sel_reg/Q
                         net (fo=13, routed)          0.433     0.597    design_1_i/ssd_ctrl_0/U0/ssd_ctrl_v1_0_S00_AXI_inst/sel
    SLICE_X32Y88         LUT6 (Prop_lut6_I2_O)        0.045     0.642 r  design_1_i/ssd_ctrl_0/U0/ssd_ctrl_v1_0_S00_AXI_inst/ssd[2]_INST_0/O
                         net (fo=1, routed)           1.689     2.331    ssd_0_OBUF[2]
    W12                  OBUF (Prop_obuf_I_O)         1.425     3.756 r  ssd_0_OBUF[2]_inst/O
                         net (fo=0)                   0.000     3.756    ssd_0[2]
    W12                                                               r  ssd_0[2] (OUT)
  -------------------------------------------------------------------    -------------------





--------------------------------------------------------------------------------------
Path Group:  (none)
From Clock:  clk_fpga_0
  To Clock:  

Max Delay            15 Endpoints
Min Delay            15 Endpoints
--------------------------------------------------------------------------------------


Max Delay Paths
--------------------------------------------------------------------------------------
Slack:                    inf
  Source:                 design_1_i/ssd_ctrl_0/U0/ssd_ctrl_v1_0_S00_AXI_inst/slv_reg0_reg[4]/C
                            (rising edge-triggered cell FDRE clocked by clk_fpga_0  {rise@0.000ns fall@5.000ns period=10.000ns})
  Destination:            ssd_0[1]
                            (output port)
  Path Group:             (none)
  Path Type:              Max at Slow Process Corner
  Data Path Delay:        11.220ns  (logic 4.732ns (42.175%)  route 6.488ns (57.825%))
  Logic Levels:           3  (LUT3=1 LUT6=1 OBUF=1)
  Clock Uncertainty:      0.152ns  ((TSJ^2 + TIJ^2)^1/2 + DJ) / 2 + PE
    Total System Jitter     (TSJ):    0.050ns
    Total Input Jitter      (TIJ):    0.300ns
    Discrete Jitter          (DJ):    0.000ns
    Phase Error              (PE):    0.000ns

    Location             Delay type                Incr(ns)  Path(ns)    Netlist Resource(s)
  -------------------------------------------------------------------    -------------------
                         (clock clk_fpga_0 rise edge)
                                                      0.000     0.000 r  
    PS7_X0Y0             PS7                          0.000     0.000 r  design_1_i/processing_system7_0/inst/PS7_i/FCLKCLK[0]
                         net (fo=1, routed)           1.193     1.193    design_1_i/processing_system7_0/inst/FCLK_CLK_unbuffered[0]
    BUFGCTRL_X0Y16       BUFG (Prop_bufg_I_O)         0.101     1.294 r  design_1_i/processing_system7_0/inst/buffer_fclk_clk_0.FCLK_CLK_0_BUFG/O
                         net (fo=675, routed)         1.651     2.945    design_1_i/ssd_ctrl_0/U0/ssd_ctrl_v1_0_S00_AXI_inst/s00_axi_aclk
    SLICE_X33Y91         FDRE                                         r  design_1_i/ssd_ctrl_0/U0/ssd_ctrl_v1_0_S00_AXI_inst/slv_reg0_reg[4]/C
  -------------------------------------------------------------------    -------------------
    SLICE_X33Y91         FDRE (Prop_fdre_C_Q)         0.419     3.364 f  design_1_i/ssd_ctrl_0/U0/ssd_ctrl_v1_0_S00_AXI_inst/slv_reg0_reg[4]/Q
                         net (fo=4, routed)           0.993     4.357    design_1_i/ssd_ctrl_0/U0/ssd_ctrl_v1_0_S00_AXI_inst/s_slv_reg0[4]
    SLICE_X32Y90         LUT3 (Prop_lut3_I0_O)        0.325     4.682 f  design_1_i/ssd_ctrl_0/U0/ssd_ctrl_v1_0_S00_AXI_inst/ssd[6]_INST_0_i_3/O
                         net (fo=5, routed)           1.041     5.723    design_1_i/ssd_ctrl_0/U0/ssd_ctrl_v1_0_S00_AXI_inst/ssd_display_inst/digit__3[0]
    SLICE_X32Y88         LUT6 (Prop_lut6_I2_O)        0.328     6.051 r  design_1_i/ssd_ctrl_0/U0/ssd_ctrl_v1_0_S00_AXI_inst/ssd[1]_INST_0/O
                         net (fo=1, routed)           4.454    10.505    ssd_0_OBUF[1]
    W11                  OBUF (Prop_obuf_I_O)         3.660    14.165 r  ssd_0_OBUF[1]_inst/O
                         net (fo=0)                   0.000    14.165    ssd_0[1]
    W11                                                               r  ssd_0[1] (OUT)
  -------------------------------------------------------------------    -------------------

Slack:                    inf
  Source:                 design_1_i/ssd_ctrl_0/U0/ssd_ctrl_v1_0_S00_AXI_inst/slv_reg0_reg[4]/C
                            (rising edge-triggered cell FDRE clocked by clk_fpga_0  {rise@0.000ns fall@5.000ns period=10.000ns})
  Destination:            ssd_0[6]
                            (output port)
  Path Group:             (none)
  Path Type:              Max at Slow Process Corner
  Data Path Delay:        11.142ns  (logic 4.674ns (41.950%)  route 6.468ns (58.050%))
  Logic Levels:           3  (LUT3=1 LUT6=1 OBUF=1)
  Clock Uncertainty:      0.152ns  ((TSJ^2 + TIJ^2)^1/2 + DJ) / 2 + PE
    Total System Jitter     (TSJ):    0.050ns
    Total Input Jitter      (TIJ):    0.300ns
    Discrete Jitter          (DJ):    0.000ns
    Phase Error              (PE):    0.000ns

    Location             Delay type                Incr(ns)  Path(ns)    Netlist Resource(s)
  -------------------------------------------------------------------    -------------------
                         (clock clk_fpga_0 rise edge)
                                                      0.000     0.000 r  
    PS7_X0Y0             PS7                          0.000     0.000 r  design_1_i/processing_system7_0/inst/PS7_i/FCLKCLK[0]
                         net (fo=1, routed)           1.193     1.193    design_1_i/processing_system7_0/inst/FCLK_CLK_unbuffered[0]
    BUFGCTRL_X0Y16       BUFG (Prop_bufg_I_O)         0.101     1.294 r  design_1_i/processing_system7_0/inst/buffer_fclk_clk_0.FCLK_CLK_0_BUFG/O
                         net (fo=675, routed)         1.651     2.945    design_1_i/ssd_ctrl_0/U0/ssd_ctrl_v1_0_S00_AXI_inst/s00_axi_aclk
    SLICE_X33Y91         FDRE                                         r  design_1_i/ssd_ctrl_0/U0/ssd_ctrl_v1_0_S00_AXI_inst/slv_reg0_reg[4]/C
  -------------------------------------------------------------------    -------------------
    SLICE_X33Y91         FDRE (Prop_fdre_C_Q)         0.419     3.364 r  design_1_i/ssd_ctrl_0/U0/ssd_ctrl_v1_0_S00_AXI_inst/slv_reg0_reg[4]/Q
                         net (fo=4, routed)           0.993     4.357    design_1_i/ssd_ctrl_0/U0/ssd_ctrl_v1_0_S00_AXI_inst/s_slv_reg0[4]
    SLICE_X32Y90         LUT3 (Prop_lut3_I0_O)        0.325     4.682 r  design_1_i/ssd_ctrl_0/U0/ssd_ctrl_v1_0_S00_AXI_inst/ssd[6]_INST_0_i_3/O
                         net (fo=5, routed)           0.849     5.530    design_1_i/ssd_ctrl_0/U0/ssd_ctrl_v1_0_S00_AXI_inst/ssd_display_inst/digit__3[0]
    SLICE_X33Y88         LUT6 (Prop_lut6_I5_O)        0.328     5.858 r  design_1_i/ssd_ctrl_0/U0/ssd_ctrl_v1_0_S00_AXI_inst/ssd[6]_INST_0/O
                         net (fo=1, routed)           4.626    10.485    ssd_0_OBUF[6]
    Y11                  OBUF (Prop_obuf_I_O)         3.602    14.087 r  ssd_0_OBUF[6]_inst/O
                         net (fo=0)                   0.000    14.087    ssd_0[6]
    Y11                                                               r  ssd_0[6] (OUT)
  -------------------------------------------------------------------    -------------------

Slack:                    inf
  Source:                 design_1_i/ssd_ctrl_0/U0/ssd_ctrl_v1_0_S00_AXI_inst/slv_reg0_reg[4]/C
                            (rising edge-triggered cell FDRE clocked by clk_fpga_0  {rise@0.000ns fall@5.000ns period=10.000ns})
  Destination:            ssd_0[2]
                            (output port)
  Path Group:             (none)
  Path Type:              Max at Slow Process Corner
  Data Path Delay:        10.924ns  (logic 4.798ns (43.927%)  route 6.125ns (56.073%))
  Logic Levels:           3  (LUT3=1 LUT6=1 OBUF=1)
  Clock Uncertainty:      0.152ns  ((TSJ^2 + TIJ^2)^1/2 + DJ) / 2 + PE
    Total System Jitter     (TSJ):    0.050ns
    Total Input Jitter      (TIJ):    0.300ns
    Discrete Jitter          (DJ):    0.000ns
    Phase Error              (PE):    0.000ns

    Location             Delay type                Incr(ns)  Path(ns)    Netlist Resource(s)
  -------------------------------------------------------------------    -------------------
                         (clock clk_fpga_0 rise edge)
                                                      0.000     0.000 r  
    PS7_X0Y0             PS7                          0.000     0.000 r  design_1_i/processing_system7_0/inst/PS7_i/FCLKCLK[0]
                         net (fo=1, routed)           1.193     1.193    design_1_i/processing_system7_0/inst/FCLK_CLK_unbuffered[0]
    BUFGCTRL_X0Y16       BUFG (Prop_bufg_I_O)         0.101     1.294 r  design_1_i/processing_system7_0/inst/buffer_fclk_clk_0.FCLK_CLK_0_BUFG/O
                         net (fo=675, routed)         1.651     2.945    design_1_i/ssd_ctrl_0/U0/ssd_ctrl_v1_0_S00_AXI_inst/s00_axi_aclk
    SLICE_X33Y91         FDRE                                         r  design_1_i/ssd_ctrl_0/U0/ssd_ctrl_v1_0_S00_AXI_inst/slv_reg0_reg[4]/C
  -------------------------------------------------------------------    -------------------
    SLICE_X33Y91         FDRE (Prop_fdre_C_Q)         0.419     3.364 f  design_1_i/ssd_ctrl_0/U0/ssd_ctrl_v1_0_S00_AXI_inst/slv_reg0_reg[4]/Q
                         net (fo=4, routed)           0.993     4.357    design_1_i/ssd_ctrl_0/U0/ssd_ctrl_v1_0_S00_AXI_inst/s_slv_reg0[4]
    SLICE_X32Y90         LUT3 (Prop_lut3_I0_O)        0.325     4.682 f  design_1_i/ssd_ctrl_0/U0/ssd_ctrl_v1_0_S00_AXI_inst/ssd[6]_INST_0_i_3/O
                         net (fo=5, routed)           0.631     5.312    design_1_i/ssd_ctrl_0/U0/ssd_ctrl_v1_0_S00_AXI_inst/ssd_display_inst/digit__3[0]
    SLICE_X32Y88         LUT6 (Prop_lut6_I5_O)        0.328     5.640 r  design_1_i/ssd_ctrl_0/U0/ssd_ctrl_v1_0_S00_AXI_inst/ssd[2]_INST_0/O
                         net (fo=1, routed)           4.502    10.142    ssd_0_OBUF[2]
    W12                  OBUF (Prop_obuf_I_O)         3.726    13.869 r  ssd_0_OBUF[2]_inst/O
                         net (fo=0)                   0.000    13.869    ssd_0[2]
    W12                                                               r  ssd_0[2] (OUT)
  -------------------------------------------------------------------    -------------------

Slack:                    inf
  Source:                 design_1_i/ssd_ctrl_0/U0/ssd_ctrl_v1_0_S00_AXI_inst/slv_reg0_reg[6]/C
                            (rising edge-triggered cell FDRE clocked by clk_fpga_0  {rise@0.000ns fall@5.000ns period=10.000ns})
  Destination:            ssd_0[4]
                            (output port)
  Path Group:             (none)
  Path Type:              Max at Slow Process Corner
  Data Path Delay:        10.861ns  (logic 4.669ns (42.986%)  route 6.192ns (57.014%))
  Logic Levels:           3  (LUT3=1 LUT6=1 OBUF=1)
  Clock Uncertainty:      0.152ns  ((TSJ^2 + TIJ^2)^1/2 + DJ) / 2 + PE
    Total System Jitter     (TSJ):    0.050ns
    Total Input Jitter      (TIJ):    0.300ns
    Discrete Jitter          (DJ):    0.000ns
    Phase Error              (PE):    0.000ns

    Location             Delay type                Incr(ns)  Path(ns)    Netlist Resource(s)
  -------------------------------------------------------------------    -------------------
                         (clock clk_fpga_0 rise edge)
                                                      0.000     0.000 r  
    PS7_X0Y0             PS7                          0.000     0.000 r  design_1_i/processing_system7_0/inst/PS7_i/FCLKCLK[0]
                         net (fo=1, routed)           1.193     1.193    design_1_i/processing_system7_0/inst/FCLK_CLK_unbuffered[0]
    BUFGCTRL_X0Y16       BUFG (Prop_bufg_I_O)         0.101     1.294 r  design_1_i/processing_system7_0/inst/buffer_fclk_clk_0.FCLK_CLK_0_BUFG/O
                         net (fo=675, routed)         1.651     2.945    design_1_i/ssd_ctrl_0/U0/ssd_ctrl_v1_0_S00_AXI_inst/s00_axi_aclk
    SLICE_X33Y91         FDRE                                         r  design_1_i/ssd_ctrl_0/U0/ssd_ctrl_v1_0_S00_AXI_inst/slv_reg0_reg[6]/C
  -------------------------------------------------------------------    -------------------
    SLICE_X33Y91         FDRE (Prop_fdre_C_Q)         0.419     3.364 r  design_1_i/ssd_ctrl_0/U0/ssd_ctrl_v1_0_S00_AXI_inst/slv_reg0_reg[6]/Q
                         net (fo=2, routed)           0.813     4.177    design_1_i/ssd_ctrl_0/U0/ssd_ctrl_v1_0_S00_AXI_inst/s_slv_reg0[6]
    SLICE_X33Y90         LUT3 (Prop_lut3_I0_O)        0.323     4.500 r  design_1_i/ssd_ctrl_0/U0/ssd_ctrl_v1_0_S00_AXI_inst/ssd[6]_INST_0_i_2/O
                         net (fo=7, routed)           0.455     4.955    design_1_i/ssd_ctrl_0/U0/ssd_ctrl_v1_0_S00_AXI_inst/ssd_display_inst/digit__3[2]
    SLICE_X32Y90         LUT6 (Prop_lut6_I1_O)        0.332     5.287 r  design_1_i/ssd_ctrl_0/U0/ssd_ctrl_v1_0_S00_AXI_inst/ssd[4]_INST_0/O
                         net (fo=1, routed)           4.924    10.211    ssd_0_OBUF[4]
    Y10                  OBUF (Prop_obuf_I_O)         3.595    13.806 r  ssd_0_OBUF[4]_inst/O
                         net (fo=0)                   0.000    13.806    ssd_0[4]
    Y10                                                               r  ssd_0[4] (OUT)
  -------------------------------------------------------------------    -------------------

Slack:                    inf
  Source:                 design_1_i/ssd_ctrl_0/U0/ssd_ctrl_v1_0_S00_AXI_inst/slv_reg0_reg[4]/C
                            (rising edge-triggered cell FDRE clocked by clk_fpga_0  {rise@0.000ns fall@5.000ns period=10.000ns})
  Destination:            ssd_0[5]
                            (output port)
  Path Group:             (none)
  Path Type:              Max at Slow Process Corner
  Data Path Delay:        10.835ns  (logic 4.687ns (43.261%)  route 6.148ns (56.739%))
  Logic Levels:           3  (LUT3=1 LUT6=1 OBUF=1)
  Clock Uncertainty:      0.152ns  ((TSJ^2 + TIJ^2)^1/2 + DJ) / 2 + PE
    Total System Jitter     (TSJ):    0.050ns
    Total Input Jitter      (TIJ):    0.300ns
    Discrete Jitter          (DJ):    0.000ns
    Phase Error              (PE):    0.000ns

    Location             Delay type                Incr(ns)  Path(ns)    Netlist Resource(s)
  -------------------------------------------------------------------    -------------------
                         (clock clk_fpga_0 rise edge)
                                                      0.000     0.000 r  
    PS7_X0Y0             PS7                          0.000     0.000 r  design_1_i/processing_system7_0/inst/PS7_i/FCLKCLK[0]
                         net (fo=1, routed)           1.193     1.193    design_1_i/processing_system7_0/inst/FCLK_CLK_unbuffered[0]
    BUFGCTRL_X0Y16       BUFG (Prop_bufg_I_O)         0.101     1.294 r  design_1_i/processing_system7_0/inst/buffer_fclk_clk_0.FCLK_CLK_0_BUFG/O
                         net (fo=675, routed)         1.651     2.945    design_1_i/ssd_ctrl_0/U0/ssd_ctrl_v1_0_S00_AXI_inst/s00_axi_aclk
    SLICE_X33Y91         FDRE                                         r  design_1_i/ssd_ctrl_0/U0/ssd_ctrl_v1_0_S00_AXI_inst/slv_reg0_reg[4]/C
  -------------------------------------------------------------------    -------------------
    SLICE_X33Y91         FDRE (Prop_fdre_C_Q)         0.419     3.364 r  design_1_i/ssd_ctrl_0/U0/ssd_ctrl_v1_0_S00_AXI_inst/slv_reg0_reg[4]/Q
                         net (fo=4, routed)           0.993     4.357    design_1_i/ssd_ctrl_0/U0/ssd_ctrl_v1_0_S00_AXI_inst/s_slv_reg0[4]
    SLICE_X32Y90         LUT3 (Prop_lut3_I0_O)        0.325     4.682 r  design_1_i/ssd_ctrl_0/U0/ssd_ctrl_v1_0_S00_AXI_inst/ssd[6]_INST_0_i_3/O
                         net (fo=5, routed)           0.847     5.528    design_1_i/ssd_ctrl_0/U0/ssd_ctrl_v1_0_S00_AXI_inst/ssd_display_inst/digit__3[0]
    SLICE_X33Y88         LUT6 (Prop_lut6_I1_O)        0.328     5.856 r  design_1_i/ssd_ctrl_0/U0/ssd_ctrl_v1_0_S00_AXI_inst/ssd[5]_INST_0/O
                         net (fo=1, routed)           4.308    10.165    ssd_0_OBUF[5]
    AA11                 OBUF (Prop_obuf_I_O)         3.615    13.780 r  ssd_0_OBUF[5]_inst/O
                         net (fo=0)                   0.000    13.780    ssd_0[5]
    AA11                                                              r  ssd_0[5] (OUT)
  -------------------------------------------------------------------    -------------------

Slack:                    inf
  Source:                 design_1_i/ssd_ctrl_0/U0/ssd_ctrl_v1_0_S00_AXI_inst/slv_reg0_reg[4]/C
                            (rising edge-triggered cell FDRE clocked by clk_fpga_0  {rise@0.000ns fall@5.000ns period=10.000ns})
  Destination:            ssd_0[3]
                            (output port)
  Path Group:             (none)
  Path Type:              Max at Slow Process Corner
  Data Path Delay:        10.649ns  (logic 4.649ns (43.660%)  route 6.000ns (56.340%))
  Logic Levels:           3  (LUT3=1 LUT6=1 OBUF=1)
  Clock Uncertainty:      0.152ns  ((TSJ^2 + TIJ^2)^1/2 + DJ) / 2 + PE
    Total System Jitter     (TSJ):    0.050ns
    Total Input Jitter      (TIJ):    0.300ns
    Discrete Jitter          (DJ):    0.000ns
    Phase Error              (PE):    0.000ns

    Location             Delay type                Incr(ns)  Path(ns)    Netlist Resource(s)
  -------------------------------------------------------------------    -------------------
                         (clock clk_fpga_0 rise edge)
                                                      0.000     0.000 r  
    PS7_X0Y0             PS7                          0.000     0.000 r  design_1_i/processing_system7_0/inst/PS7_i/FCLKCLK[0]
                         net (fo=1, routed)           1.193     1.193    design_1_i/processing_system7_0/inst/FCLK_CLK_unbuffered[0]
    BUFGCTRL_X0Y16       BUFG (Prop_bufg_I_O)         0.101     1.294 r  design_1_i/processing_system7_0/inst/buffer_fclk_clk_0.FCLK_CLK_0_BUFG/O
                         net (fo=675, routed)         1.651     2.945    design_1_i/ssd_ctrl_0/U0/ssd_ctrl_v1_0_S00_AXI_inst/s00_axi_aclk
    SLICE_X33Y91         FDRE                                         r  design_1_i/ssd_ctrl_0/U0/ssd_ctrl_v1_0_S00_AXI_inst/slv_reg0_reg[4]/C
  -------------------------------------------------------------------    -------------------
    SLICE_X33Y91         FDRE (Prop_fdre_C_Q)         0.419     3.364 r  design_1_i/ssd_ctrl_0/U0/ssd_ctrl_v1_0_S00_AXI_inst/slv_reg0_reg[4]/Q
                         net (fo=4, routed)           0.993     4.357    design_1_i/ssd_ctrl_0/U0/ssd_ctrl_v1_0_S00_AXI_inst/s_slv_reg0[4]
    SLICE_X32Y90         LUT3 (Prop_lut3_I0_O)        0.325     4.682 r  design_1_i/ssd_ctrl_0/U0/ssd_ctrl_v1_0_S00_AXI_inst/ssd[6]_INST_0_i_3/O
                         net (fo=5, routed)           0.648     5.329    design_1_i/ssd_ctrl_0/U0/ssd_ctrl_v1_0_S00_AXI_inst/ssd_display_inst/digit__3[0]
    SLICE_X32Y88         LUT6 (Prop_lut6_I5_O)        0.328     5.657 r  design_1_i/ssd_ctrl_0/U0/ssd_ctrl_v1_0_S00_AXI_inst/ssd[3]_INST_0/O
                         net (fo=1, routed)           4.359    10.017    ssd_0_OBUF[3]
    AA9                  OBUF (Prop_obuf_I_O)         3.577    13.594 r  ssd_0_OBUF[3]_inst/O
                         net (fo=0)                   0.000    13.594    ssd_0[3]
    AA9                                                               r  ssd_0[3] (OUT)
  -------------------------------------------------------------------    -------------------

Slack:                    inf
  Source:                 design_1_i/ssd_ctrl_0/U0/ssd_ctrl_v1_0_S00_AXI_inst/slv_reg1_reg[7]_lopt_replica/C
                            (rising edge-triggered cell FDRE clocked by clk_fpga_0  {rise@0.000ns fall@5.000ns period=10.000ns})
  Destination:            led_0[7]
                            (output port)
  Path Group:             (none)
  Path Type:              Max at Slow Process Corner
  Data Path Delay:        10.639ns  (logic 4.152ns (39.027%)  route 6.487ns (60.973%))
  Logic Levels:           1  (OBUF=1)
  Clock Uncertainty:      0.152ns  ((TSJ^2 + TIJ^2)^1/2 + DJ) / 2 + PE
    Total System Jitter     (TSJ):    0.050ns
    Total Input Jitter      (TIJ):    0.300ns
    Discrete Jitter          (DJ):    0.000ns
    Phase Error              (PE):    0.000ns

    Location             Delay type                Incr(ns)  Path(ns)    Netlist Resource(s)
  -------------------------------------------------------------------    -------------------
                         (clock clk_fpga_0 rise edge)
                                                      0.000     0.000 r  
    PS7_X0Y0             PS7                          0.000     0.000 r  design_1_i/processing_system7_0/inst/PS7_i/FCLKCLK[0]
                         net (fo=1, routed)           1.193     1.193    design_1_i/processing_system7_0/inst/FCLK_CLK_unbuffered[0]
    BUFGCTRL_X0Y16       BUFG (Prop_bufg_I_O)         0.101     1.294 r  design_1_i/processing_system7_0/inst/buffer_fclk_clk_0.FCLK_CLK_0_BUFG/O
                         net (fo=675, routed)         1.651     2.945    design_1_i/ssd_ctrl_0/U0/ssd_ctrl_v1_0_S00_AXI_inst/s00_axi_aclk
    SLICE_X34Y91         FDRE                                         r  design_1_i/ssd_ctrl_0/U0/ssd_ctrl_v1_0_S00_AXI_inst/slv_reg1_reg[7]_lopt_replica/C
  -------------------------------------------------------------------    -------------------
    SLICE_X34Y91         FDRE (Prop_fdre_C_Q)         0.478     3.423 r  design_1_i/ssd_ctrl_0/U0/ssd_ctrl_v1_0_S00_AXI_inst/slv_reg1_reg[7]_lopt_replica/Q
                         net (fo=1, routed)           6.487     9.910    lopt_7
    U14                  OBUF (Prop_obuf_I_O)         3.674    13.584 r  led_0_OBUF[7]_inst/O
                         net (fo=0)                   0.000    13.584    led_0[7]
    U14                                                               r  led_0[7] (OUT)
  -------------------------------------------------------------------    -------------------

Slack:                    inf
  Source:                 design_1_i/ssd_ctrl_0/U0/ssd_ctrl_v1_0_S00_AXI_inst/slv_reg0_reg[6]/C
                            (rising edge-triggered cell FDRE clocked by clk_fpga_0  {rise@0.000ns fall@5.000ns period=10.000ns})
  Destination:            ssd_0[0]
                            (output port)
  Path Group:             (none)
  Path Type:              Max at Slow Process Corner
  Data Path Delay:        10.438ns  (logic 4.628ns (44.335%)  route 5.810ns (55.665%))
  Logic Levels:           3  (LUT3=1 LUT6=1 OBUF=1)
  Clock Uncertainty:      0.152ns  ((TSJ^2 + TIJ^2)^1/2 + DJ) / 2 + PE
    Total System Jitter     (TSJ):    0.050ns
    Total Input Jitter      (TIJ):    0.300ns
    Discrete Jitter          (DJ):    0.000ns
    Phase Error              (PE):    0.000ns

    Location             Delay type                Incr(ns)  Path(ns)    Netlist Resource(s)
  -------------------------------------------------------------------    -------------------
                         (clock clk_fpga_0 rise edge)
                                                      0.000     0.000 r  
    PS7_X0Y0             PS7                          0.000     0.000 r  design_1_i/processing_system7_0/inst/PS7_i/FCLKCLK[0]
                         net (fo=1, routed)           1.193     1.193    design_1_i/processing_system7_0/inst/FCLK_CLK_unbuffered[0]
    BUFGCTRL_X0Y16       BUFG (Prop_bufg_I_O)         0.101     1.294 r  design_1_i/processing_system7_0/inst/buffer_fclk_clk_0.FCLK_CLK_0_BUFG/O
                         net (fo=675, routed)         1.651     2.945    design_1_i/ssd_ctrl_0/U0/ssd_ctrl_v1_0_S00_AXI_inst/s00_axi_aclk
    SLICE_X33Y91         FDRE                                         r  design_1_i/ssd_ctrl_0/U0/ssd_ctrl_v1_0_S00_AXI_inst/slv_reg0_reg[6]/C
  -------------------------------------------------------------------    -------------------
    SLICE_X33Y91         FDRE (Prop_fdre_C_Q)         0.419     3.364 r  design_1_i/ssd_ctrl_0/U0/ssd_ctrl_v1_0_S00_AXI_inst/slv_reg0_reg[6]/Q
                         net (fo=2, routed)           0.813     4.177    design_1_i/ssd_ctrl_0/U0/ssd_ctrl_v1_0_S00_AXI_inst/s_slv_reg0[6]
    SLICE_X33Y90         LUT3 (Prop_lut3_I0_O)        0.323     4.500 r  design_1_i/ssd_ctrl_0/U0/ssd_ctrl_v1_0_S00_AXI_inst/ssd[6]_INST_0_i_2/O
                         net (fo=7, routed)           0.687     5.187    design_1_i/ssd_ctrl_0/U0/ssd_ctrl_v1_0_S00_AXI_inst/ssd_display_inst/digit__3[2]
    SLICE_X32Y90         LUT6 (Prop_lut6_I4_O)        0.332     5.519 r  design_1_i/ssd_ctrl_0/U0/ssd_ctrl_v1_0_S00_AXI_inst/ssd[0]_INST_0/O
                         net (fo=1, routed)           4.310     9.829    ssd_0_OBUF[0]
    V10                  OBUF (Prop_obuf_I_O)         3.554    13.383 r  ssd_0_OBUF[0]_inst/O
                         net (fo=0)                   0.000    13.383    ssd_0[0]
    V10                                                               r  ssd_0[0] (OUT)
  -------------------------------------------------------------------    -------------------

Slack:                    inf
  Source:                 design_1_i/ssd_ctrl_0/U0/ssd_ctrl_v1_0_S00_AXI_inst/slv_reg1_reg[4]_lopt_replica/C
                            (rising edge-triggered cell FDRE clocked by clk_fpga_0  {rise@0.000ns fall@5.000ns period=10.000ns})
  Destination:            led_0[4]
                            (output port)
  Path Group:             (none)
  Path Type:              Max at Slow Process Corner
  Data Path Delay:        9.523ns  (logic 4.186ns (43.957%)  route 5.337ns (56.043%))
  Logic Levels:           1  (OBUF=1)
  Clock Uncertainty:      0.152ns  ((TSJ^2 + TIJ^2)^1/2 + DJ) / 2 + PE
    Total System Jitter     (TSJ):    0.050ns
    Total Input Jitter      (TIJ):    0.300ns
    Discrete Jitter          (DJ):    0.000ns
    Phase Error              (PE):    0.000ns

    Location             Delay type                Incr(ns)  Path(ns)    Netlist Resource(s)
  -------------------------------------------------------------------    -------------------
                         (clock clk_fpga_0 rise edge)
                                                      0.000     0.000 r  
    PS7_X0Y0             PS7                          0.000     0.000 r  design_1_i/processing_system7_0/inst/PS7_i/FCLKCLK[0]
                         net (fo=1, routed)           1.193     1.193    design_1_i/processing_system7_0/inst/FCLK_CLK_unbuffered[0]
    BUFGCTRL_X0Y16       BUFG (Prop_bufg_I_O)         0.101     1.294 r  design_1_i/processing_system7_0/inst/buffer_fclk_clk_0.FCLK_CLK_0_BUFG/O
                         net (fo=675, routed)         1.651     2.945    design_1_i/ssd_ctrl_0/U0/ssd_ctrl_v1_0_S00_AXI_inst/s00_axi_aclk
    SLICE_X34Y91         FDRE                                         r  design_1_i/ssd_ctrl_0/U0/ssd_ctrl_v1_0_S00_AXI_inst/slv_reg1_reg[4]_lopt_replica/C
  -------------------------------------------------------------------    -------------------
    SLICE_X34Y91         FDRE (Prop_fdre_C_Q)         0.478     3.423 r  design_1_i/ssd_ctrl_0/U0/ssd_ctrl_v1_0_S00_AXI_inst/slv_reg1_reg[4]_lopt_replica/Q
                         net (fo=1, routed)           5.337     8.760    lopt_4
    V22                  OBUF (Prop_obuf_I_O)         3.708    12.468 r  led_0_OBUF[4]_inst/O
                         net (fo=0)                   0.000    12.468    led_0[4]
    V22                                                               r  led_0[4] (OUT)
  -------------------------------------------------------------------    -------------------

Slack:                    inf
  Source:                 design_1_i/ssd_ctrl_0/U0/ssd_ctrl_v1_0_S00_AXI_inst/slv_reg1_reg[5]_lopt_replica/C
                            (rising edge-triggered cell FDRE clocked by clk_fpga_0  {rise@0.000ns fall@5.000ns period=10.000ns})
  Destination:            led_0[5]
                            (output port)
  Path Group:             (none)
  Path Type:              Max at Slow Process Corner
  Data Path Delay:        9.380ns  (logic 4.049ns (43.165%)  route 5.331ns (56.835%))
  Logic Levels:           1  (OBUF=1)
  Clock Uncertainty:      0.152ns  ((TSJ^2 + TIJ^2)^1/2 + DJ) / 2 + PE
    Total System Jitter     (TSJ):    0.050ns
    Total Input Jitter      (TIJ):    0.300ns
    Discrete Jitter          (DJ):    0.000ns
    Phase Error              (PE):    0.000ns

    Location             Delay type                Incr(ns)  Path(ns)    Netlist Resource(s)
  -------------------------------------------------------------------    -------------------
                         (clock clk_fpga_0 rise edge)
                                                      0.000     0.000 r  
    PS7_X0Y0             PS7                          0.000     0.000 r  design_1_i/processing_system7_0/inst/PS7_i/FCLKCLK[0]
                         net (fo=1, routed)           1.193     1.193    design_1_i/processing_system7_0/inst/FCLK_CLK_unbuffered[0]
    BUFGCTRL_X0Y16       BUFG (Prop_bufg_I_O)         0.101     1.294 r  design_1_i/processing_system7_0/inst/buffer_fclk_clk_0.FCLK_CLK_0_BUFG/O
                         net (fo=675, routed)         1.650     2.944    design_1_i/ssd_ctrl_0/U0/ssd_ctrl_v1_0_S00_AXI_inst/s00_axi_aclk
    SLICE_X34Y90         FDRE                                         r  design_1_i/ssd_ctrl_0/U0/ssd_ctrl_v1_0_S00_AXI_inst/slv_reg1_reg[5]_lopt_replica/C
  -------------------------------------------------------------------    -------------------
    SLICE_X34Y90         FDRE (Prop_fdre_C_Q)         0.518     3.462 r  design_1_i/ssd_ctrl_0/U0/ssd_ctrl_v1_0_S00_AXI_inst/slv_reg1_reg[5]_lopt_replica/Q
                         net (fo=1, routed)           5.331     8.793    lopt_5
    W22                  OBUF (Prop_obuf_I_O)         3.531    12.324 r  led_0_OBUF[5]_inst/O
                         net (fo=0)                   0.000    12.324    led_0[5]
    W22                                                               r  led_0[5] (OUT)
  -------------------------------------------------------------------    -------------------





Min Delay Paths
--------------------------------------------------------------------------------------
Slack:                    inf
  Source:                 design_1_i/ssd_ctrl_0/U0/ssd_ctrl_v1_0_S00_AXI_inst/slv_reg1_reg[6]_lopt_replica/C
                            (rising edge-triggered cell FDRE clocked by clk_fpga_0  {rise@0.000ns fall@5.000ns period=10.000ns})
  Destination:            led_0[6]
                            (output port)
  Path Group:             (none)
  Path Type:              Min at Fast Process Corner
  Data Path Delay:        3.037ns  (logic 1.377ns (45.360%)  route 1.659ns (54.640%))
  Logic Levels:           1  (OBUF=1)
  Clock Uncertainty:      0.152ns  ((TSJ^2 + TIJ^2)^1/2 + DJ) / 2 + PE
    Total System Jitter     (TSJ):    0.050ns
    Total Input Jitter      (TIJ):    0.300ns
    Discrete Jitter          (DJ):    0.000ns
    Phase Error              (PE):    0.000ns

    Location             Delay type                Incr(ns)  Path(ns)    Netlist Resource(s)
  -------------------------------------------------------------------    -------------------
                         (clock clk_fpga_0 rise edge)
                                                      0.000     0.000 r  
    PS7_X0Y0             PS7                          0.000     0.000 r  design_1_i/processing_system7_0/inst/PS7_i/FCLKCLK[0]
                         net (fo=1, routed)           0.310     0.310    design_1_i/processing_system7_0/inst/FCLK_CLK_unbuffered[0]
    BUFGCTRL_X0Y16       BUFG (Prop_bufg_I_O)         0.026     0.336 r  design_1_i/processing_system7_0/inst/buffer_fclk_clk_0.FCLK_CLK_0_BUFG/O
                         net (fo=675, routed)         0.557     0.893    design_1_i/ssd_ctrl_0/U0/ssd_ctrl_v1_0_S00_AXI_inst/s00_axi_aclk
    SLICE_X34Y90         FDRE                                         r  design_1_i/ssd_ctrl_0/U0/ssd_ctrl_v1_0_S00_AXI_inst/slv_reg1_reg[6]_lopt_replica/C
  -------------------------------------------------------------------    -------------------
    SLICE_X34Y90         FDRE (Prop_fdre_C_Q)         0.164     1.057 r  design_1_i/ssd_ctrl_0/U0/ssd_ctrl_v1_0_S00_AXI_inst/slv_reg1_reg[6]_lopt_replica/Q
                         net (fo=1, routed)           1.659     2.716    lopt_6
    U19                  OBUF (Prop_obuf_I_O)         1.213     3.929 r  led_0_OBUF[6]_inst/O
                         net (fo=0)                   0.000     3.929    led_0[6]
    U19                                                               r  led_0[6] (OUT)
  -------------------------------------------------------------------    -------------------

Slack:                    inf
  Source:                 design_1_i/ssd_ctrl_0/U0/ssd_ctrl_v1_0_S00_AXI_inst/slv_reg0_reg[4]/C
                            (rising edge-triggered cell FDRE clocked by clk_fpga_0  {rise@0.000ns fall@5.000ns period=10.000ns})
  Destination:            ssd_0[0]
                            (output port)
  Path Group:             (none)
  Path Type:              Min at Fast Process Corner
  Data Path Delay:        3.243ns  (logic 1.481ns (45.670%)  route 1.762ns (54.330%))
  Logic Levels:           2  (LUT6=1 OBUF=1)
  Clock Uncertainty:      0.152ns  ((TSJ^2 + TIJ^2)^1/2 + DJ) / 2 + PE
    Total System Jitter     (TSJ):    0.050ns
    Total Input Jitter      (TIJ):    0.300ns
    Discrete Jitter          (DJ):    0.000ns
    Phase Error              (PE):    0.000ns

    Location             Delay type                Incr(ns)  Path(ns)    Netlist Resource(s)
  -------------------------------------------------------------------    -------------------
                         (clock clk_fpga_0 rise edge)
                                                      0.000     0.000 r  
    PS7_X0Y0             PS7                          0.000     0.000 r  design_1_i/processing_system7_0/inst/PS7_i/FCLKCLK[0]
                         net (fo=1, routed)           0.310     0.310    design_1_i/processing_system7_0/inst/FCLK_CLK_unbuffered[0]
    BUFGCTRL_X0Y16       BUFG (Prop_bufg_I_O)         0.026     0.336 r  design_1_i/processing_system7_0/inst/buffer_fclk_clk_0.FCLK_CLK_0_BUFG/O
                         net (fo=675, routed)         0.557     0.893    design_1_i/ssd_ctrl_0/U0/ssd_ctrl_v1_0_S00_AXI_inst/s00_axi_aclk
    SLICE_X33Y91         FDRE                                         r  design_1_i/ssd_ctrl_0/U0/ssd_ctrl_v1_0_S00_AXI_inst/slv_reg0_reg[4]/C
  -------------------------------------------------------------------    -------------------
    SLICE_X33Y91         FDRE (Prop_fdre_C_Q)         0.128     1.021 r  design_1_i/ssd_ctrl_0/U0/ssd_ctrl_v1_0_S00_AXI_inst/slv_reg0_reg[4]/Q
                         net (fo=4, routed)           0.151     1.171    design_1_i/ssd_ctrl_0/U0/ssd_ctrl_v1_0_S00_AXI_inst/s_slv_reg0[4]
    SLICE_X32Y90         LUT6 (Prop_lut6_I3_O)        0.099     1.270 r  design_1_i/ssd_ctrl_0/U0/ssd_ctrl_v1_0_S00_AXI_inst/ssd[0]_INST_0/O
                         net (fo=1, routed)           1.611     2.882    ssd_0_OBUF[0]
    V10                  OBUF (Prop_obuf_I_O)         1.254     4.136 r  ssd_0_OBUF[0]_inst/O
                         net (fo=0)                   0.000     4.136    ssd_0[0]
    V10                                                               r  ssd_0[0] (OUT)
  -------------------------------------------------------------------    -------------------

Slack:                    inf
  Source:                 design_1_i/ssd_ctrl_0/U0/ssd_ctrl_v1_0_S00_AXI_inst/slv_reg0_reg[1]/C
                            (rising edge-triggered cell FDRE clocked by clk_fpga_0  {rise@0.000ns fall@5.000ns period=10.000ns})
  Destination:            ssd_0[3]
                            (output port)
  Path Group:             (none)
  Path Type:              Min at Fast Process Corner
  Data Path Delay:        3.346ns  (logic 1.464ns (43.749%)  route 1.882ns (56.251%))
  Logic Levels:           2  (LUT6=1 OBUF=1)
  Clock Uncertainty:      0.152ns  ((TSJ^2 + TIJ^2)^1/2 + DJ) / 2 + PE
    Total System Jitter     (TSJ):    0.050ns
    Total Input Jitter      (TIJ):    0.300ns
    Discrete Jitter          (DJ):    0.000ns
    Phase Error              (PE):    0.000ns

    Location             Delay type                Incr(ns)  Path(ns)    Netlist Resource(s)
  -------------------------------------------------------------------    -------------------
                         (clock clk_fpga_0 rise edge)
                                                      0.000     0.000 r  
    PS7_X0Y0             PS7                          0.000     0.000 r  design_1_i/processing_system7_0/inst/PS7_i/FCLKCLK[0]
                         net (fo=1, routed)           0.310     0.310    design_1_i/processing_system7_0/inst/FCLK_CLK_unbuffered[0]
    BUFGCTRL_X0Y16       BUFG (Prop_bufg_I_O)         0.026     0.336 r  design_1_i/processing_system7_0/inst/buffer_fclk_clk_0.FCLK_CLK_0_BUFG/O
                         net (fo=675, routed)         0.557     0.893    design_1_i/ssd_ctrl_0/U0/ssd_ctrl_v1_0_S00_AXI_inst/s00_axi_aclk
    SLICE_X33Y91         FDRE                                         r  design_1_i/ssd_ctrl_0/U0/ssd_ctrl_v1_0_S00_AXI_inst/slv_reg0_reg[1]/C
  -------------------------------------------------------------------    -------------------
    SLICE_X33Y91         FDRE (Prop_fdre_C_Q)         0.141     1.034 r  design_1_i/ssd_ctrl_0/U0/ssd_ctrl_v1_0_S00_AXI_inst/slv_reg0_reg[1]/Q
                         net (fo=7, routed)           0.314     1.347    design_1_i/ssd_ctrl_0/U0/ssd_ctrl_v1_0_S00_AXI_inst/s_slv_reg0[1]
    SLICE_X32Y88         LUT6 (Prop_lut6_I2_O)        0.045     1.392 r  design_1_i/ssd_ctrl_0/U0/ssd_ctrl_v1_0_S00_AXI_inst/ssd[3]_INST_0/O
                         net (fo=1, routed)           1.568     2.961    ssd_0_OBUF[3]
    AA9                  OBUF (Prop_obuf_I_O)         1.278     4.239 r  ssd_0_OBUF[3]_inst/O
                         net (fo=0)                   0.000     4.239    ssd_0[3]
    AA9                                                               r  ssd_0[3] (OUT)
  -------------------------------------------------------------------    -------------------

Slack:                    inf
  Source:                 design_1_i/ssd_ctrl_0/U0/ssd_ctrl_v1_0_S00_AXI_inst/slv_reg1_reg[3]_lopt_replica/C
                            (rising edge-triggered cell FDRE clocked by clk_fpga_0  {rise@0.000ns fall@5.000ns period=10.000ns})
  Destination:            led_0[3]
                            (output port)
  Path Group:             (none)
  Path Type:              Min at Fast Process Corner
  Data Path Delay:        3.348ns  (logic 1.395ns (41.659%)  route 1.953ns (58.341%))
  Logic Levels:           1  (OBUF=1)
  Clock Uncertainty:      0.152ns  ((TSJ^2 + TIJ^2)^1/2 + DJ) / 2 + PE
    Total System Jitter     (TSJ):    0.050ns
    Total Input Jitter      (TIJ):    0.300ns
    Discrete Jitter          (DJ):    0.000ns
    Phase Error              (PE):    0.000ns

    Location             Delay type                Incr(ns)  Path(ns)    Netlist Resource(s)
  -------------------------------------------------------------------    -------------------
                         (clock clk_fpga_0 rise edge)
                                                      0.000     0.000 r  
    PS7_X0Y0             PS7                          0.000     0.000 r  design_1_i/processing_system7_0/inst/PS7_i/FCLKCLK[0]
                         net (fo=1, routed)           0.310     0.310    design_1_i/processing_system7_0/inst/FCLK_CLK_unbuffered[0]
    BUFGCTRL_X0Y16       BUFG (Prop_bufg_I_O)         0.026     0.336 r  design_1_i/processing_system7_0/inst/buffer_fclk_clk_0.FCLK_CLK_0_BUFG/O
                         net (fo=675, routed)         0.557     0.893    design_1_i/ssd_ctrl_0/U0/ssd_ctrl_v1_0_S00_AXI_inst/s00_axi_aclk
    SLICE_X34Y90         FDRE                                         r  design_1_i/ssd_ctrl_0/U0/ssd_ctrl_v1_0_S00_AXI_inst/slv_reg1_reg[3]_lopt_replica/C
  -------------------------------------------------------------------    -------------------
    SLICE_X34Y90         FDRE (Prop_fdre_C_Q)         0.164     1.057 r  design_1_i/ssd_ctrl_0/U0/ssd_ctrl_v1_0_S00_AXI_inst/slv_reg1_reg[3]_lopt_replica/Q
                         net (fo=1, routed)           1.953     3.010    lopt_3
    U21                  OBUF (Prop_obuf_I_O)         1.231     4.240 r  led_0_OBUF[3]_inst/O
                         net (fo=0)                   0.000     4.240    led_0[3]
    U21                                                               r  led_0[3] (OUT)
  -------------------------------------------------------------------    -------------------

Slack:                    inf
  Source:                 design_1_i/ssd_ctrl_0/U0/ssd_ctrl_v1_0_S00_AXI_inst/slv_reg1_reg[1]_lopt_replica/C
                            (rising edge-triggered cell FDRE clocked by clk_fpga_0  {rise@0.000ns fall@5.000ns period=10.000ns})
  Destination:            led_0[1]
                            (output port)
  Path Group:             (none)
  Path Type:              Min at Fast Process Corner
  Data Path Delay:        3.373ns  (logic 1.379ns (40.880%)  route 1.994ns (59.120%))
  Logic Levels:           1  (OBUF=1)
  Clock Uncertainty:      0.152ns  ((TSJ^2 + TIJ^2)^1/2 + DJ) / 2 + PE
    Total System Jitter     (TSJ):    0.050ns
    Total Input Jitter      (TIJ):    0.300ns
    Discrete Jitter          (DJ):    0.000ns
    Phase Error              (PE):    0.000ns

    Location             Delay type                Incr(ns)  Path(ns)    Netlist Resource(s)
  -------------------------------------------------------------------    -------------------
                         (clock clk_fpga_0 rise edge)
                                                      0.000     0.000 r  
    PS7_X0Y0             PS7                          0.000     0.000 r  design_1_i/processing_system7_0/inst/PS7_i/FCLKCLK[0]
                         net (fo=1, routed)           0.310     0.310    design_1_i/processing_system7_0/inst/FCLK_CLK_unbuffered[0]
    BUFGCTRL_X0Y16       BUFG (Prop_bufg_I_O)         0.026     0.336 r  design_1_i/processing_system7_0/inst/buffer_fclk_clk_0.FCLK_CLK_0_BUFG/O
                         net (fo=675, routed)         0.557     0.893    design_1_i/ssd_ctrl_0/U0/ssd_ctrl_v1_0_S00_AXI_inst/s00_axi_aclk
    SLICE_X34Y91         FDRE                                         r  design_1_i/ssd_ctrl_0/U0/ssd_ctrl_v1_0_S00_AXI_inst/slv_reg1_reg[1]_lopt_replica/C
  -------------------------------------------------------------------    -------------------
    SLICE_X34Y91         FDRE (Prop_fdre_C_Q)         0.164     1.057 r  design_1_i/ssd_ctrl_0/U0/ssd_ctrl_v1_0_S00_AXI_inst/slv_reg1_reg[1]_lopt_replica/Q
                         net (fo=1, routed)           1.994     3.050    lopt_1
    T21                  OBUF (Prop_obuf_I_O)         1.215     4.265 r  led_0_OBUF[1]_inst/O
                         net (fo=0)                   0.000     4.265    led_0[1]
    T21                                                               r  led_0[1] (OUT)
  -------------------------------------------------------------------    -------------------

Slack:                    inf
  Source:                 design_1_i/ssd_ctrl_0/U0/ssd_ctrl_v1_0_S00_AXI_inst/slv_reg1_reg[0]_lopt_replica/C
                            (rising edge-triggered cell FDRE clocked by clk_fpga_0  {rise@0.000ns fall@5.000ns period=10.000ns})
  Destination:            led_0[0]
                            (output port)
  Path Group:             (none)
  Path Type:              Min at Fast Process Corner
  Data Path Delay:        3.396ns  (logic 1.387ns (40.848%)  route 2.009ns (59.152%))
  Logic Levels:           1  (OBUF=1)
  Clock Uncertainty:      0.152ns  ((TSJ^2 + TIJ^2)^1/2 + DJ) / 2 + PE
    Total System Jitter     (TSJ):    0.050ns
    Total Input Jitter      (TIJ):    0.300ns
    Discrete Jitter          (DJ):    0.000ns
    Phase Error              (PE):    0.000ns

    Location             Delay type                Incr(ns)  Path(ns)    Netlist Resource(s)
  -------------------------------------------------------------------    -------------------
                         (clock clk_fpga_0 rise edge)
                                                      0.000     0.000 r  
    PS7_X0Y0             PS7                          0.000     0.000 r  design_1_i/processing_system7_0/inst/PS7_i/FCLKCLK[0]
                         net (fo=1, routed)           0.310     0.310    design_1_i/processing_system7_0/inst/FCLK_CLK_unbuffered[0]
    BUFGCTRL_X0Y16       BUFG (Prop_bufg_I_O)         0.026     0.336 r  design_1_i/processing_system7_0/inst/buffer_fclk_clk_0.FCLK_CLK_0_BUFG/O
                         net (fo=675, routed)         0.557     0.893    design_1_i/ssd_ctrl_0/U0/ssd_ctrl_v1_0_S00_AXI_inst/s00_axi_aclk
    SLICE_X34Y91         FDRE                                         r  design_1_i/ssd_ctrl_0/U0/ssd_ctrl_v1_0_S00_AXI_inst/slv_reg1_reg[0]_lopt_replica/C
  -------------------------------------------------------------------    -------------------
    SLICE_X34Y91         FDRE (Prop_fdre_C_Q)         0.164     1.057 r  design_1_i/ssd_ctrl_0/U0/ssd_ctrl_v1_0_S00_AXI_inst/slv_reg1_reg[0]_lopt_replica/Q
                         net (fo=1, routed)           2.009     3.066    lopt
    T22                  OBUF (Prop_obuf_I_O)         1.223     4.289 r  led_0_OBUF[0]_inst/O
                         net (fo=0)                   0.000     4.289    led_0[0]
    T22                                                               r  led_0[0] (OUT)
  -------------------------------------------------------------------    -------------------

Slack:                    inf
  Source:                 design_1_i/ssd_ctrl_0/U0/ssd_ctrl_v1_0_S00_AXI_inst/slv_reg0_reg[1]/C
                            (rising edge-triggered cell FDRE clocked by clk_fpga_0  {rise@0.000ns fall@5.000ns period=10.000ns})
  Destination:            ssd_0[1]
                            (output port)
  Path Group:             (none)
  Path Type:              Min at Fast Process Corner
  Data Path Delay:        3.432ns  (logic 1.545ns (45.028%)  route 1.887ns (54.972%))
  Logic Levels:           2  (LUT6=1 OBUF=1)
  Clock Uncertainty:      0.152ns  ((TSJ^2 + TIJ^2)^1/2 + DJ) / 2 + PE
    Total System Jitter     (TSJ):    0.050ns
    Total Input Jitter      (TIJ):    0.300ns
    Discrete Jitter          (DJ):    0.000ns
    Phase Error              (PE):    0.000ns

    Location             Delay type                Incr(ns)  Path(ns)    Netlist Resource(s)
  -------------------------------------------------------------------    -------------------
                         (clock clk_fpga_0 rise edge)
                                                      0.000     0.000 r  
    PS7_X0Y0             PS7                          0.000     0.000 r  design_1_i/processing_system7_0/inst/PS7_i/FCLKCLK[0]
                         net (fo=1, routed)           0.310     0.310    design_1_i/processing_system7_0/inst/FCLK_CLK_unbuffered[0]
    BUFGCTRL_X0Y16       BUFG (Prop_bufg_I_O)         0.026     0.336 r  design_1_i/processing_system7_0/inst/buffer_fclk_clk_0.FCLK_CLK_0_BUFG/O
                         net (fo=675, routed)         0.557     0.893    design_1_i/ssd_ctrl_0/U0/ssd_ctrl_v1_0_S00_AXI_inst/s00_axi_aclk
    SLICE_X33Y91         FDRE                                         r  design_1_i/ssd_ctrl_0/U0/ssd_ctrl_v1_0_S00_AXI_inst/slv_reg0_reg[1]/C
  -------------------------------------------------------------------    -------------------
    SLICE_X33Y91         FDRE (Prop_fdre_C_Q)         0.141     1.034 r  design_1_i/ssd_ctrl_0/U0/ssd_ctrl_v1_0_S00_AXI_inst/slv_reg0_reg[1]/Q
                         net (fo=7, routed)           0.216     1.249    design_1_i/ssd_ctrl_0/U0/ssd_ctrl_v1_0_S00_AXI_inst/s_slv_reg0[1]
    SLICE_X32Y88         LUT6 (Prop_lut6_I5_O)        0.045     1.294 r  design_1_i/ssd_ctrl_0/U0/ssd_ctrl_v1_0_S00_AXI_inst/ssd[1]_INST_0/O
                         net (fo=1, routed)           1.671     2.965    ssd_0_OBUF[1]
    W11                  OBUF (Prop_obuf_I_O)         1.359     4.325 r  ssd_0_OBUF[1]_inst/O
                         net (fo=0)                   0.000     4.325    ssd_0[1]
    W11                                                               r  ssd_0[1] (OUT)
  -------------------------------------------------------------------    -------------------

Slack:                    inf
  Source:                 design_1_i/ssd_ctrl_0/U0/ssd_ctrl_v1_0_S00_AXI_inst/slv_reg1_reg[2]_lopt_replica/C
                            (rising edge-triggered cell FDRE clocked by clk_fpga_0  {rise@0.000ns fall@5.000ns period=10.000ns})
  Destination:            led_0[2]
                            (output port)
  Path Group:             (none)
  Path Type:              Min at Fast Process Corner
  Data Path Delay:        3.452ns  (logic 1.396ns (40.434%)  route 2.056ns (59.566%))
  Logic Levels:           1  (OBUF=1)
  Clock Uncertainty:      0.152ns  ((TSJ^2 + TIJ^2)^1/2 + DJ) / 2 + PE
    Total System Jitter     (TSJ):    0.050ns
    Total Input Jitter      (TIJ):    0.300ns
    Discrete Jitter          (DJ):    0.000ns
    Phase Error              (PE):    0.000ns

    Location             Delay type                Incr(ns)  Path(ns)    Netlist Resource(s)
  -------------------------------------------------------------------    -------------------
                         (clock clk_fpga_0 rise edge)
                                                      0.000     0.000 r  
    PS7_X0Y0             PS7                          0.000     0.000 r  design_1_i/processing_system7_0/inst/PS7_i/FCLKCLK[0]
                         net (fo=1, routed)           0.310     0.310    design_1_i/processing_system7_0/inst/FCLK_CLK_unbuffered[0]
    BUFGCTRL_X0Y16       BUFG (Prop_bufg_I_O)         0.026     0.336 r  design_1_i/processing_system7_0/inst/buffer_fclk_clk_0.FCLK_CLK_0_BUFG/O
                         net (fo=675, routed)         0.557     0.893    design_1_i/ssd_ctrl_0/U0/ssd_ctrl_v1_0_S00_AXI_inst/s00_axi_aclk
    SLICE_X34Y90         FDRE                                         r  design_1_i/ssd_ctrl_0/U0/ssd_ctrl_v1_0_S00_AXI_inst/slv_reg1_reg[2]_lopt_replica/C
  -------------------------------------------------------------------    -------------------
    SLICE_X34Y90         FDRE (Prop_fdre_C_Q)         0.164     1.057 r  design_1_i/ssd_ctrl_0/U0/ssd_ctrl_v1_0_S00_AXI_inst/slv_reg1_reg[2]_lopt_replica/Q
                         net (fo=1, routed)           2.056     3.113    lopt_2
    U22                  OBUF (Prop_obuf_I_O)         1.232     4.345 r  led_0_OBUF[2]_inst/O
                         net (fo=0)                   0.000     4.345    led_0[2]
    U22                                                               r  led_0[2] (OUT)
  -------------------------------------------------------------------    -------------------

Slack:                    inf
  Source:                 design_1_i/ssd_ctrl_0/U0/ssd_ctrl_v1_0_S00_AXI_inst/slv_reg0_reg[1]/C
                            (rising edge-triggered cell FDRE clocked by clk_fpga_0  {rise@0.000ns fall@5.000ns period=10.000ns})
  Destination:            ssd_0[5]
                            (output port)
  Path Group:             (none)
  Path Type:              Min at Fast Process Corner
  Data Path Delay:        3.485ns  (logic 1.502ns (43.086%)  route 1.983ns (56.914%))
  Logic Levels:           2  (LUT6=1 OBUF=1)
  Clock Uncertainty:      0.152ns  ((TSJ^2 + TIJ^2)^1/2 + DJ) / 2 + PE
    Total System Jitter     (TSJ):    0.050ns
    Total Input Jitter      (TIJ):    0.300ns
    Discrete Jitter          (DJ):    0.000ns
    Phase Error              (PE):    0.000ns

    Location             Delay type                Incr(ns)  Path(ns)    Netlist Resource(s)
  -------------------------------------------------------------------    -------------------
                         (clock clk_fpga_0 rise edge)
                                                      0.000     0.000 r  
    PS7_X0Y0             PS7                          0.000     0.000 r  design_1_i/processing_system7_0/inst/PS7_i/FCLKCLK[0]
                         net (fo=1, routed)           0.310     0.310    design_1_i/processing_system7_0/inst/FCLK_CLK_unbuffered[0]
    BUFGCTRL_X0Y16       BUFG (Prop_bufg_I_O)         0.026     0.336 r  design_1_i/processing_system7_0/inst/buffer_fclk_clk_0.FCLK_CLK_0_BUFG/O
                         net (fo=675, routed)         0.557     0.893    design_1_i/ssd_ctrl_0/U0/ssd_ctrl_v1_0_S00_AXI_inst/s00_axi_aclk
    SLICE_X33Y91         FDRE                                         r  design_1_i/ssd_ctrl_0/U0/ssd_ctrl_v1_0_S00_AXI_inst/slv_reg0_reg[1]/C
  -------------------------------------------------------------------    -------------------
    SLICE_X33Y91         FDRE (Prop_fdre_C_Q)         0.141     1.034 r  design_1_i/ssd_ctrl_0/U0/ssd_ctrl_v1_0_S00_AXI_inst/slv_reg0_reg[1]/Q
                         net (fo=7, routed)           0.381     1.414    design_1_i/ssd_ctrl_0/U0/ssd_ctrl_v1_0_S00_AXI_inst/s_slv_reg0[1]
    SLICE_X33Y88         LUT6 (Prop_lut6_I4_O)        0.045     1.459 r  design_1_i/ssd_ctrl_0/U0/ssd_ctrl_v1_0_S00_AXI_inst/ssd[5]_INST_0/O
                         net (fo=1, routed)           1.602     3.062    ssd_0_OBUF[5]
    AA11                 OBUF (Prop_obuf_I_O)         1.316     4.377 r  ssd_0_OBUF[5]_inst/O
                         net (fo=0)                   0.000     4.377    ssd_0[5]
    AA11                                                              r  ssd_0[5] (OUT)
  -------------------------------------------------------------------    -------------------

Slack:                    inf
  Source:                 design_1_i/ssd_ctrl_0/U0/ssd_ctrl_v1_0_S00_AXI_inst/slv_reg1_reg[5]_lopt_replica/C
                            (rising edge-triggered cell FDRE clocked by clk_fpga_0  {rise@0.000ns fall@5.000ns period=10.000ns})
  Destination:            led_0[5]
                            (output port)
  Path Group:             (none)
  Path Type:              Min at Fast Process Corner
  Data Path Delay:        3.486ns  (logic 1.396ns (40.040%)  route 2.090ns (59.960%))
  Logic Levels:           1  (OBUF=1)
  Clock Uncertainty:      0.152ns  ((TSJ^2 + TIJ^2)^1/2 + DJ) / 2 + PE
    Total System Jitter     (TSJ):    0.050ns
    Total Input Jitter      (TIJ):    0.300ns
    Discrete Jitter          (DJ):    0.000ns
    Phase Error              (PE):    0.000ns

    Location             Delay type                Incr(ns)  Path(ns)    Netlist Resource(s)
  -------------------------------------------------------------------    -------------------
                         (clock clk_fpga_0 rise edge)
                                                      0.000     0.000 r  
    PS7_X0Y0             PS7                          0.000     0.000 r  design_1_i/processing_system7_0/inst/PS7_i/FCLKCLK[0]
                         net (fo=1, routed)           0.310     0.310    design_1_i/processing_system7_0/inst/FCLK_CLK_unbuffered[0]
    BUFGCTRL_X0Y16       BUFG (Prop_bufg_I_O)         0.026     0.336 r  design_1_i/processing_system7_0/inst/buffer_fclk_clk_0.FCLK_CLK_0_BUFG/O
                         net (fo=675, routed)         0.557     0.893    design_1_i/ssd_ctrl_0/U0/ssd_ctrl_v1_0_S00_AXI_inst/s00_axi_aclk
    SLICE_X34Y90         FDRE                                         r  design_1_i/ssd_ctrl_0/U0/ssd_ctrl_v1_0_S00_AXI_inst/slv_reg1_reg[5]_lopt_replica/C
  -------------------------------------------------------------------    -------------------
    SLICE_X34Y90         FDRE (Prop_fdre_C_Q)         0.164     1.057 r  design_1_i/ssd_ctrl_0/U0/ssd_ctrl_v1_0_S00_AXI_inst/slv_reg1_reg[5]_lopt_replica/Q
                         net (fo=1, routed)           2.090     3.147    lopt_5
    W22                  OBUF (Prop_obuf_I_O)         1.232     4.379 r  led_0_OBUF[5]_inst/O
                         net (fo=0)                   0.000     4.379    led_0[5]
    W22                                                               r  led_0[5] (OUT)
  -------------------------------------------------------------------    -------------------





--------------------------------------------------------------------------------------
Path Group:  (none)
From Clock:  
  To Clock:  clk_fpga_0

Max Delay             1 Endpoint
Min Delay             1 Endpoint
--------------------------------------------------------------------------------------


Max Delay Paths
--------------------------------------------------------------------------------------
Slack:                    inf
  Source:                 btnC_0
                            (input port)
  Destination:            design_1_i/ssd_ctrl_0/U0/ssd_ctrl_v1_0_S00_AXI_inst/axi_rdata_reg[0]/D
                            (rising edge-triggered cell FDRE clocked by clk_fpga_0  {rise@0.000ns fall@5.000ns period=10.000ns})
  Path Group:             (none)
  Path Type:              Setup (Max at Slow Process Corner)
  Data Path Delay:        5.606ns  (logic 1.432ns (25.543%)  route 4.174ns (74.458%))
  Logic Levels:           2  (IBUF=1 LUT6=1)
  Clock Path Skew:        2.657ns (DCD - SCD + CPR)
    Destination Clock Delay (DCD):    2.657ns
    Source Clock Delay      (SCD):    0.000ns
    Clock Pessimism Removal (CPR):    0.000ns
  Clock Uncertainty:      0.152ns  ((TSJ^2 + TIJ^2)^1/2 + DJ) / 2 + PE
    Total System Jitter     (TSJ):    0.050ns
    Total Input Jitter      (TIJ):    0.300ns
    Discrete Jitter          (DJ):    0.000ns
    Phase Error              (PE):    0.000ns

    Location             Delay type                Incr(ns)  Path(ns)    Netlist Resource(s)
  -------------------------------------------------------------------    -------------------
    P16                                               0.000     0.000 r  btnC_0 (IN)
                         net (fo=0)                   0.000     0.000    btnC_0
    P16                  IBUF (Prop_ibuf_I_O)         1.308     1.308 r  btnC_0_IBUF_inst/O
                         net (fo=1, routed)           4.174     5.482    design_1_i/ssd_ctrl_0/U0/ssd_ctrl_v1_0_S00_AXI_inst/btnC
    SLICE_X33Y92         LUT6 (Prop_lut6_I3_O)        0.124     5.606 r  design_1_i/ssd_ctrl_0/U0/ssd_ctrl_v1_0_S00_AXI_inst/axi_rdata[0]_i_1/O
                         net (fo=1, routed)           0.000     5.606    design_1_i/ssd_ctrl_0/U0/ssd_ctrl_v1_0_S00_AXI_inst/reg_data_out[0]
    SLICE_X33Y92         FDRE                                         r  design_1_i/ssd_ctrl_0/U0/ssd_ctrl_v1_0_S00_AXI_inst/axi_rdata_reg[0]/D
  -------------------------------------------------------------------    -------------------

                         (clock clk_fpga_0 rise edge)
                                                      0.000     0.000 r  
    PS7_X0Y0             PS7                          0.000     0.000 r  design_1_i/processing_system7_0/inst/PS7_i/FCLKCLK[0]
                         net (fo=1, routed)           1.088     1.088    design_1_i/processing_system7_0/inst/FCLK_CLK_unbuffered[0]
    BUFGCTRL_X0Y16       BUFG (Prop_bufg_I_O)         0.091     1.179 r  design_1_i/processing_system7_0/inst/buffer_fclk_clk_0.FCLK_CLK_0_BUFG/O
                         net (fo=675, routed)         1.478     2.657    design_1_i/ssd_ctrl_0/U0/ssd_ctrl_v1_0_S00_AXI_inst/s00_axi_aclk
    SLICE_X33Y92         FDRE                                         r  design_1_i/ssd_ctrl_0/U0/ssd_ctrl_v1_0_S00_AXI_inst/axi_rdata_reg[0]/C





Min Delay Paths
--------------------------------------------------------------------------------------
Slack:                    inf
  Source:                 btnC_0
                            (input port)
  Destination:            design_1_i/ssd_ctrl_0/U0/ssd_ctrl_v1_0_S00_AXI_inst/axi_rdata_reg[0]/D
                            (rising edge-triggered cell FDRE clocked by clk_fpga_0  {rise@0.000ns fall@5.000ns period=10.000ns})
  Path Group:             (none)
  Path Type:              Hold (Min at Fast Process Corner)
  Data Path Delay:        2.396ns  (logic 0.430ns (17.957%)  route 1.965ns (82.043%))
  Logic Levels:           2  (IBUF=1 LUT6=1)
  Clock Path Skew:        1.190ns (DCD - SCD - CPR)
    Destination Clock Delay (DCD):    1.190ns
    Source Clock Delay      (SCD):    0.000ns
    Clock Pessimism Removal (CPR):    -0.000ns

    Location             Delay type                Incr(ns)  Path(ns)    Netlist Resource(s)
  -------------------------------------------------------------------    -------------------
    P16                                               0.000     0.000 r  btnC_0 (IN)
                         net (fo=0)                   0.000     0.000    btnC_0
    P16                  IBUF (Prop_ibuf_I_O)         0.385     0.385 r  btnC_0_IBUF_inst/O
                         net (fo=1, routed)           1.965     2.351    design_1_i/ssd_ctrl_0/U0/ssd_ctrl_v1_0_S00_AXI_inst/btnC
    SLICE_X33Y92         LUT6 (Prop_lut6_I3_O)        0.045     2.396 r  design_1_i/ssd_ctrl_0/U0/ssd_ctrl_v1_0_S00_AXI_inst/axi_rdata[0]_i_1/O
                         net (fo=1, routed)           0.000     2.396    design_1_i/ssd_ctrl_0/U0/ssd_ctrl_v1_0_S00_AXI_inst/reg_data_out[0]
    SLICE_X33Y92         FDRE                                         r  design_1_i/ssd_ctrl_0/U0/ssd_ctrl_v1_0_S00_AXI_inst/axi_rdata_reg[0]/D
  -------------------------------------------------------------------    -------------------

                         (clock clk_fpga_0 rise edge)
                                                      0.000     0.000 r  
    PS7_X0Y0             PS7                          0.000     0.000 r  design_1_i/processing_system7_0/inst/PS7_i/FCLKCLK[0]
                         net (fo=1, routed)           0.337     0.337    design_1_i/processing_system7_0/inst/FCLK_CLK_unbuffered[0]
    BUFGCTRL_X0Y16       BUFG (Prop_bufg_I_O)         0.029     0.366 r  design_1_i/processing_system7_0/inst/buffer_fclk_clk_0.FCLK_CLK_0_BUFG/O
                         net (fo=675, routed)         0.824     1.190    design_1_i/ssd_ctrl_0/U0/ssd_ctrl_v1_0_S00_AXI_inst/s00_axi_aclk
    SLICE_X33Y92         FDRE                                         r  design_1_i/ssd_ctrl_0/U0/ssd_ctrl_v1_0_S00_AXI_inst/axi_rdata_reg[0]/C





