

================================================================
== Vivado HLS Report for 'HLS_accel'
================================================================
* Date:           Wed Mar 19 15:12:24 2025

* Version:        2016.3 (Build 1682563 on Mon Oct 10 19:41:59 MDT 2016)
* Project:        mmult
* Solution:       solution1
* Product family: zynq
* Target device:  xc7z020clg484-1


================================================================
== Performance Estimates
================================================================
+ Timing (ns): 
    * Summary: 
    +--------+-------+----------+------------+
    |  Clock | Target| Estimated| Uncertainty|
    +--------+-------+----------+------------+
    |ap_clk  |  10.00|      8.41|        1.25|
    +--------+-------+----------+------------+

+ Latency (clock cycles): 
    * Summary: 
    +------+------+------+------+---------+
    |   Latency   |   Interval  | Pipeline|
    |  min |  max |  min |  max |   Type  |
    +------+------+------+------+---------+
    |  4269|  4269|  4270|  4270|   none  |
    +------+------+------+------+---------+

    + Detail: 
        * Instance: 
        N/A

        * Loop: 
        +----------+------+------+----------+-----------+-----------+------+----------+
        |          |   Latency   | Iteration|  Initiation Interval  | Trip |          |
        | Loop Name|  min |  max |  Latency |  achieved |   target  | Count| Pipelined|
        +----------+------+------+----------+-----------+-----------+------+----------+
        |- Loop 1  |  1024|  1024|         2|          1|          1|  1024|    yes   |
        |- Loop 2  |  1024|  1024|         2|          1|          1|  1024|    yes   |
        |- L1_L2   |  1188|  1188|       166|          1|          1|  1024|    yes   |
        |- Loop 4  |  1025|  1025|         3|          1|          1|  1024|    yes   |
        +----------+------+------+----------+-----------+-----------+------+----------+

============================================================
+ Verbose Summary: Synthesis Manager
============================================================
InlineROM: 1
ExposeGlobal: 0
============================================================
+ Verbose Summary: CDFG Model
============================================================
IsTopModel: 1
ResetActiveHigh: 1
IsCombinational: 0
IsDatapathOnly: 0
HasWiredReturn: 1
HasMFsm: 0
HasVarLatency: 1
IsPipeline: 0
IsRtlPipelined: 0
IsInstanceOverlapped: 0
IsDontTouch: 0
HasImplIP: 0
IsGatedGlobalClock: 0

+ Individual pipeline summary: 
  * Pipeline-0: initiation interval (II) = 1, depth = 2
  * Pipeline-1: initiation interval (II) = 1, depth = 2
  * Pipeline-2: initiation interval (II) = 1, depth = 166
  * Pipeline-3: initiation interval (II) = 1, depth = 3


============================================================
+ Verbose Summary: Schedule
============================================================
* Number of FSM states: 178
* Pipeline: 4
  Pipeline-0: II = 1, D = 2, States = { 2 3 }
  Pipeline-1: II = 1, D = 2, States = { 5 6 }
  Pipeline-2: II = 1, D = 166, States = { 8 9 10 11 12 13 14 15 16 17 18 19 20 21 22 23 24 25 26 27 28 29 30 31 32 33 34 35 36 37 38 39 40 41 42 43 44 45 46 47 48 49 50 51 52 53 54 55 56 57 58 59 60 61 62 63 64 65 66 67 68 69 70 71 72 73 74 75 76 77 78 79 80 81 82 83 84 85 86 87 88 89 90 91 92 93 94 95 96 97 98 99 100 101 102 103 104 105 106 107 108 109 110 111 112 113 114 115 116 117 118 119 120 121 122 123 124 125 126 127 128 129 130 131 132 133 134 135 136 137 138 139 140 141 142 143 144 145 146 147 148 149 150 151 152 153 154 155 156 157 158 159 160 161 162 163 164 165 166 167 168 169 170 171 172 173 }
  Pipeline-3: II = 1, D = 3, States = { 175 176 177 }
* Dataflow Pipeline: 0

* FSM state transitions: 
1 --> 
	2  / true
2 --> 
	4  / (exitcond_flatten)
	3  / (!exitcond_flatten)
3 --> 
	2  / true
4 --> 
	5  / true
5 --> 
	7  / (exitcond_flatten1)
	6  / (!exitcond_flatten1)
6 --> 
	5  / true
7 --> 
	8  / true
8 --> 
	174  / (exitcond_flatten2)
	9  / (!exitcond_flatten2)
9 --> 
	10  / true
10 --> 
	11  / true
11 --> 
	12  / true
12 --> 
	13  / true
13 --> 
	14  / true
14 --> 
	15  / true
15 --> 
	16  / true
16 --> 
	17  / true
17 --> 
	18  / true
18 --> 
	19  / true
19 --> 
	20  / true
20 --> 
	21  / true
21 --> 
	22  / true
22 --> 
	23  / true
23 --> 
	24  / true
24 --> 
	25  / true
25 --> 
	26  / true
26 --> 
	27  / true
27 --> 
	28  / true
28 --> 
	29  / true
29 --> 
	30  / true
30 --> 
	31  / true
31 --> 
	32  / true
32 --> 
	33  / true
33 --> 
	34  / true
34 --> 
	35  / true
35 --> 
	36  / true
36 --> 
	37  / true
37 --> 
	38  / true
38 --> 
	39  / true
39 --> 
	40  / true
40 --> 
	41  / true
41 --> 
	42  / true
42 --> 
	43  / true
43 --> 
	44  / true
44 --> 
	45  / true
45 --> 
	46  / true
46 --> 
	47  / true
47 --> 
	48  / true
48 --> 
	49  / true
49 --> 
	50  / true
50 --> 
	51  / true
51 --> 
	52  / true
52 --> 
	53  / true
53 --> 
	54  / true
54 --> 
	55  / true
55 --> 
	56  / true
56 --> 
	57  / true
57 --> 
	58  / true
58 --> 
	59  / true
59 --> 
	60  / true
60 --> 
	61  / true
61 --> 
	62  / true
62 --> 
	63  / true
63 --> 
	64  / true
64 --> 
	65  / true
65 --> 
	66  / true
66 --> 
	67  / true
67 --> 
	68  / true
68 --> 
	69  / true
69 --> 
	70  / true
70 --> 
	71  / true
71 --> 
	72  / true
72 --> 
	73  / true
73 --> 
	74  / true
74 --> 
	75  / true
75 --> 
	76  / true
76 --> 
	77  / true
77 --> 
	78  / true
78 --> 
	79  / true
79 --> 
	80  / true
80 --> 
	81  / true
81 --> 
	82  / true
82 --> 
	83  / true
83 --> 
	84  / true
84 --> 
	85  / true
85 --> 
	86  / true
86 --> 
	87  / true
87 --> 
	88  / true
88 --> 
	89  / true
89 --> 
	90  / true
90 --> 
	91  / true
91 --> 
	92  / true
92 --> 
	93  / true
93 --> 
	94  / true
94 --> 
	95  / true
95 --> 
	96  / true
96 --> 
	97  / true
97 --> 
	98  / true
98 --> 
	99  / true
99 --> 
	100  / true
100 --> 
	101  / true
101 --> 
	102  / true
102 --> 
	103  / true
103 --> 
	104  / true
104 --> 
	105  / true
105 --> 
	106  / true
106 --> 
	107  / true
107 --> 
	108  / true
108 --> 
	109  / true
109 --> 
	110  / true
110 --> 
	111  / true
111 --> 
	112  / true
112 --> 
	113  / true
113 --> 
	114  / true
114 --> 
	115  / true
115 --> 
	116  / true
116 --> 
	117  / true
117 --> 
	118  / true
118 --> 
	119  / true
119 --> 
	120  / true
120 --> 
	121  / true
121 --> 
	122  / true
122 --> 
	123  / true
123 --> 
	124  / true
124 --> 
	125  / true
125 --> 
	126  / true
126 --> 
	127  / true
127 --> 
	128  / true
128 --> 
	129  / true
129 --> 
	130  / true
130 --> 
	131  / true
131 --> 
	132  / true
132 --> 
	133  / true
133 --> 
	134  / true
134 --> 
	135  / true
135 --> 
	136  / true
136 --> 
	137  / true
137 --> 
	138  / true
138 --> 
	139  / true
139 --> 
	140  / true
140 --> 
	141  / true
141 --> 
	142  / true
142 --> 
	143  / true
143 --> 
	144  / true
144 --> 
	145  / true
145 --> 
	146  / true
146 --> 
	147  / true
147 --> 
	148  / true
148 --> 
	149  / true
149 --> 
	150  / true
150 --> 
	151  / true
151 --> 
	152  / true
152 --> 
	153  / true
153 --> 
	154  / true
154 --> 
	155  / true
155 --> 
	156  / true
156 --> 
	157  / true
157 --> 
	158  / true
158 --> 
	159  / true
159 --> 
	160  / true
160 --> 
	161  / true
161 --> 
	162  / true
162 --> 
	163  / true
163 --> 
	164  / true
164 --> 
	165  / true
165 --> 
	166  / true
166 --> 
	167  / true
167 --> 
	168  / true
168 --> 
	169  / true
169 --> 
	170  / true
170 --> 
	171  / true
171 --> 
	172  / true
172 --> 
	173  / true
173 --> 
	8  / true
174 --> 
	175  / true
175 --> 
	178  / (exitcond_flatten3)
	176  / (!exitcond_flatten3)
176 --> 
	177  / true
177 --> 
	175  / true
178 --> 
* FSM state operations: 

 <State 1>: 2.71ns
ST_1: StgValue_179 (15)  [1/1] 0.00ns
:0  call void (...)* @_ssdm_op_SpecBitsMap(i32* %INPUT_STREAM_data_V), !map !55

ST_1: StgValue_180 (16)  [1/1] 0.00ns
:1  call void (...)* @_ssdm_op_SpecBitsMap(i4* %INPUT_STREAM_keep_V), !map !61

ST_1: StgValue_181 (17)  [1/1] 0.00ns
:2  call void (...)* @_ssdm_op_SpecBitsMap(i4* %INPUT_STREAM_strb_V), !map !65

ST_1: StgValue_182 (18)  [1/1] 0.00ns
:3  call void (...)* @_ssdm_op_SpecBitsMap(i4* %INPUT_STREAM_user_V), !map !69

ST_1: StgValue_183 (19)  [1/1] 0.00ns
:4  call void (...)* @_ssdm_op_SpecBitsMap(i1* %INPUT_STREAM_last_V), !map !73

ST_1: StgValue_184 (20)  [1/1] 0.00ns
:5  call void (...)* @_ssdm_op_SpecBitsMap(i5* %INPUT_STREAM_id_V), !map !77

ST_1: StgValue_185 (21)  [1/1] 0.00ns
:6  call void (...)* @_ssdm_op_SpecBitsMap(i5* %INPUT_STREAM_dest_V), !map !81

ST_1: StgValue_186 (22)  [1/1] 0.00ns
:7  call void (...)* @_ssdm_op_SpecBitsMap(i32* %OUTPUT_STREAM_data_V), !map !85

ST_1: StgValue_187 (23)  [1/1] 0.00ns
:8  call void (...)* @_ssdm_op_SpecBitsMap(i4* %OUTPUT_STREAM_keep_V), !map !91

ST_1: StgValue_188 (24)  [1/1] 0.00ns
:9  call void (...)* @_ssdm_op_SpecBitsMap(i4* %OUTPUT_STREAM_strb_V), !map !95

ST_1: StgValue_189 (25)  [1/1] 0.00ns
:10  call void (...)* @_ssdm_op_SpecBitsMap(i4* %OUTPUT_STREAM_user_V), !map !99

ST_1: StgValue_190 (26)  [1/1] 0.00ns
:11  call void (...)* @_ssdm_op_SpecBitsMap(i1* %OUTPUT_STREAM_last_V), !map !103

ST_1: StgValue_191 (27)  [1/1] 0.00ns
:12  call void (...)* @_ssdm_op_SpecBitsMap(i5* %OUTPUT_STREAM_id_V), !map !107

ST_1: StgValue_192 (28)  [1/1] 0.00ns
:13  call void (...)* @_ssdm_op_SpecBitsMap(i5* %OUTPUT_STREAM_dest_V), !map !111

ST_1: a_0 (29)  [1/1] 2.71ns  loc: Downloads/hls/mmult.h:130->Downloads/hls/mmult_accel.cpp:27
:14  %a_0 = alloca [32 x float], align 4

ST_1: a_1 (30)  [1/1] 2.71ns  loc: Downloads/hls/mmult.h:130->Downloads/hls/mmult_accel.cpp:27
:15  %a_1 = alloca [32 x float], align 4

ST_1: a_2 (31)  [1/1] 2.71ns  loc: Downloads/hls/mmult.h:130->Downloads/hls/mmult_accel.cpp:27
:16  %a_2 = alloca [32 x float], align 4

ST_1: a_3 (32)  [1/1] 2.71ns  loc: Downloads/hls/mmult.h:130->Downloads/hls/mmult_accel.cpp:27
:17  %a_3 = alloca [32 x float], align 4

ST_1: a_4 (33)  [1/1] 2.71ns  loc: Downloads/hls/mmult.h:130->Downloads/hls/mmult_accel.cpp:27
:18  %a_4 = alloca [32 x float], align 4

ST_1: a_5 (34)  [1/1] 2.71ns  loc: Downloads/hls/mmult.h:130->Downloads/hls/mmult_accel.cpp:27
:19  %a_5 = alloca [32 x float], align 4

ST_1: a_6 (35)  [1/1] 2.71ns  loc: Downloads/hls/mmult.h:130->Downloads/hls/mmult_accel.cpp:27
:20  %a_6 = alloca [32 x float], align 4

ST_1: a_7 (36)  [1/1] 2.71ns  loc: Downloads/hls/mmult.h:130->Downloads/hls/mmult_accel.cpp:27
:21  %a_7 = alloca [32 x float], align 4

ST_1: a_8 (37)  [1/1] 2.71ns  loc: Downloads/hls/mmult.h:130->Downloads/hls/mmult_accel.cpp:27
:22  %a_8 = alloca [32 x float], align 4

ST_1: a_9 (38)  [1/1] 2.71ns  loc: Downloads/hls/mmult.h:130->Downloads/hls/mmult_accel.cpp:27
:23  %a_9 = alloca [32 x float], align 4

ST_1: a_10 (39)  [1/1] 2.71ns  loc: Downloads/hls/mmult.h:130->Downloads/hls/mmult_accel.cpp:27
:24  %a_10 = alloca [32 x float], align 4

ST_1: a_11 (40)  [1/1] 2.71ns  loc: Downloads/hls/mmult.h:130->Downloads/hls/mmult_accel.cpp:27
:25  %a_11 = alloca [32 x float], align 4

ST_1: a_12 (41)  [1/1] 2.71ns  loc: Downloads/hls/mmult.h:130->Downloads/hls/mmult_accel.cpp:27
:26  %a_12 = alloca [32 x float], align 4

ST_1: a_13 (42)  [1/1] 2.71ns  loc: Downloads/hls/mmult.h:130->Downloads/hls/mmult_accel.cpp:27
:27  %a_13 = alloca [32 x float], align 4

ST_1: a_14 (43)  [1/1] 2.71ns  loc: Downloads/hls/mmult.h:130->Downloads/hls/mmult_accel.cpp:27
:28  %a_14 = alloca [32 x float], align 4

ST_1: a_15 (44)  [1/1] 2.71ns  loc: Downloads/hls/mmult.h:130->Downloads/hls/mmult_accel.cpp:27
:29  %a_15 = alloca [32 x float], align 4

ST_1: a_16 (45)  [1/1] 2.71ns  loc: Downloads/hls/mmult.h:130->Downloads/hls/mmult_accel.cpp:27
:30  %a_16 = alloca [32 x float], align 4

ST_1: a_17 (46)  [1/1] 2.71ns  loc: Downloads/hls/mmult.h:130->Downloads/hls/mmult_accel.cpp:27
:31  %a_17 = alloca [32 x float], align 4

ST_1: a_18 (47)  [1/1] 2.71ns  loc: Downloads/hls/mmult.h:130->Downloads/hls/mmult_accel.cpp:27
:32  %a_18 = alloca [32 x float], align 4

ST_1: a_19 (48)  [1/1] 2.71ns  loc: Downloads/hls/mmult.h:130->Downloads/hls/mmult_accel.cpp:27
:33  %a_19 = alloca [32 x float], align 4

ST_1: a_20 (49)  [1/1] 2.71ns  loc: Downloads/hls/mmult.h:130->Downloads/hls/mmult_accel.cpp:27
:34  %a_20 = alloca [32 x float], align 4

ST_1: a_21 (50)  [1/1] 2.71ns  loc: Downloads/hls/mmult.h:130->Downloads/hls/mmult_accel.cpp:27
:35  %a_21 = alloca [32 x float], align 4

ST_1: a_22 (51)  [1/1] 2.71ns  loc: Downloads/hls/mmult.h:130->Downloads/hls/mmult_accel.cpp:27
:36  %a_22 = alloca [32 x float], align 4

ST_1: a_23 (52)  [1/1] 2.71ns  loc: Downloads/hls/mmult.h:130->Downloads/hls/mmult_accel.cpp:27
:37  %a_23 = alloca [32 x float], align 4

ST_1: a_24 (53)  [1/1] 2.71ns  loc: Downloads/hls/mmult.h:130->Downloads/hls/mmult_accel.cpp:27
:38  %a_24 = alloca [32 x float], align 4

ST_1: a_25 (54)  [1/1] 2.71ns  loc: Downloads/hls/mmult.h:130->Downloads/hls/mmult_accel.cpp:27
:39  %a_25 = alloca [32 x float], align 4

ST_1: a_26 (55)  [1/1] 2.71ns  loc: Downloads/hls/mmult.h:130->Downloads/hls/mmult_accel.cpp:27
:40  %a_26 = alloca [32 x float], align 4

ST_1: a_27 (56)  [1/1] 2.71ns  loc: Downloads/hls/mmult.h:130->Downloads/hls/mmult_accel.cpp:27
:41  %a_27 = alloca [32 x float], align 4

ST_1: a_28 (57)  [1/1] 2.71ns  loc: Downloads/hls/mmult.h:130->Downloads/hls/mmult_accel.cpp:27
:42  %a_28 = alloca [32 x float], align 4

ST_1: a_29 (58)  [1/1] 2.71ns  loc: Downloads/hls/mmult.h:130->Downloads/hls/mmult_accel.cpp:27
:43  %a_29 = alloca [32 x float], align 4

ST_1: a_30 (59)  [1/1] 2.71ns  loc: Downloads/hls/mmult.h:130->Downloads/hls/mmult_accel.cpp:27
:44  %a_30 = alloca [32 x float], align 4

ST_1: a_31 (60)  [1/1] 2.71ns  loc: Downloads/hls/mmult.h:130->Downloads/hls/mmult_accel.cpp:27
:45  %a_31 = alloca [32 x float], align 4

ST_1: b_0 (61)  [1/1] 2.71ns  loc: Downloads/hls/mmult.h:131->Downloads/hls/mmult_accel.cpp:27
:46  %b_0 = alloca [32 x float], align 4

ST_1: b_1 (62)  [1/1] 2.71ns  loc: Downloads/hls/mmult.h:131->Downloads/hls/mmult_accel.cpp:27
:47  %b_1 = alloca [32 x float], align 4

ST_1: b_2 (63)  [1/1] 2.71ns  loc: Downloads/hls/mmult.h:131->Downloads/hls/mmult_accel.cpp:27
:48  %b_2 = alloca [32 x float], align 4

ST_1: b_3 (64)  [1/1] 2.71ns  loc: Downloads/hls/mmult.h:131->Downloads/hls/mmult_accel.cpp:27
:49  %b_3 = alloca [32 x float], align 4

ST_1: b_4 (65)  [1/1] 2.71ns  loc: Downloads/hls/mmult.h:131->Downloads/hls/mmult_accel.cpp:27
:50  %b_4 = alloca [32 x float], align 4

ST_1: b_5 (66)  [1/1] 2.71ns  loc: Downloads/hls/mmult.h:131->Downloads/hls/mmult_accel.cpp:27
:51  %b_5 = alloca [32 x float], align 4

ST_1: b_6 (67)  [1/1] 2.71ns  loc: Downloads/hls/mmult.h:131->Downloads/hls/mmult_accel.cpp:27
:52  %b_6 = alloca [32 x float], align 4

ST_1: b_7 (68)  [1/1] 2.71ns  loc: Downloads/hls/mmult.h:131->Downloads/hls/mmult_accel.cpp:27
:53  %b_7 = alloca [32 x float], align 4

ST_1: b_8 (69)  [1/1] 2.71ns  loc: Downloads/hls/mmult.h:131->Downloads/hls/mmult_accel.cpp:27
:54  %b_8 = alloca [32 x float], align 4

ST_1: b_9 (70)  [1/1] 2.71ns  loc: Downloads/hls/mmult.h:131->Downloads/hls/mmult_accel.cpp:27
:55  %b_9 = alloca [32 x float], align 4

ST_1: b_10 (71)  [1/1] 2.71ns  loc: Downloads/hls/mmult.h:131->Downloads/hls/mmult_accel.cpp:27
:56  %b_10 = alloca [32 x float], align 4

ST_1: b_11 (72)  [1/1] 2.71ns  loc: Downloads/hls/mmult.h:131->Downloads/hls/mmult_accel.cpp:27
:57  %b_11 = alloca [32 x float], align 4

ST_1: b_12 (73)  [1/1] 2.71ns  loc: Downloads/hls/mmult.h:131->Downloads/hls/mmult_accel.cpp:27
:58  %b_12 = alloca [32 x float], align 4

ST_1: b_13 (74)  [1/1] 2.71ns  loc: Downloads/hls/mmult.h:131->Downloads/hls/mmult_accel.cpp:27
:59  %b_13 = alloca [32 x float], align 4

ST_1: b_14 (75)  [1/1] 2.71ns  loc: Downloads/hls/mmult.h:131->Downloads/hls/mmult_accel.cpp:27
:60  %b_14 = alloca [32 x float], align 4

ST_1: b_15 (76)  [1/1] 2.71ns  loc: Downloads/hls/mmult.h:131->Downloads/hls/mmult_accel.cpp:27
:61  %b_15 = alloca [32 x float], align 4

ST_1: b_16 (77)  [1/1] 2.71ns  loc: Downloads/hls/mmult.h:131->Downloads/hls/mmult_accel.cpp:27
:62  %b_16 = alloca [32 x float], align 4

ST_1: b_17 (78)  [1/1] 2.71ns  loc: Downloads/hls/mmult.h:131->Downloads/hls/mmult_accel.cpp:27
:63  %b_17 = alloca [32 x float], align 4

ST_1: b_18 (79)  [1/1] 2.71ns  loc: Downloads/hls/mmult.h:131->Downloads/hls/mmult_accel.cpp:27
:64  %b_18 = alloca [32 x float], align 4

ST_1: b_19 (80)  [1/1] 2.71ns  loc: Downloads/hls/mmult.h:131->Downloads/hls/mmult_accel.cpp:27
:65  %b_19 = alloca [32 x float], align 4

ST_1: b_20 (81)  [1/1] 2.71ns  loc: Downloads/hls/mmult.h:131->Downloads/hls/mmult_accel.cpp:27
:66  %b_20 = alloca [32 x float], align 4

ST_1: b_21 (82)  [1/1] 2.71ns  loc: Downloads/hls/mmult.h:131->Downloads/hls/mmult_accel.cpp:27
:67  %b_21 = alloca [32 x float], align 4

ST_1: b_22 (83)  [1/1] 2.71ns  loc: Downloads/hls/mmult.h:131->Downloads/hls/mmult_accel.cpp:27
:68  %b_22 = alloca [32 x float], align 4

ST_1: b_23 (84)  [1/1] 2.71ns  loc: Downloads/hls/mmult.h:131->Downloads/hls/mmult_accel.cpp:27
:69  %b_23 = alloca [32 x float], align 4

ST_1: b_24 (85)  [1/1] 2.71ns  loc: Downloads/hls/mmult.h:131->Downloads/hls/mmult_accel.cpp:27
:70  %b_24 = alloca [32 x float], align 4

ST_1: b_25 (86)  [1/1] 2.71ns  loc: Downloads/hls/mmult.h:131->Downloads/hls/mmult_accel.cpp:27
:71  %b_25 = alloca [32 x float], align 4

ST_1: b_26 (87)  [1/1] 2.71ns  loc: Downloads/hls/mmult.h:131->Downloads/hls/mmult_accel.cpp:27
:72  %b_26 = alloca [32 x float], align 4

ST_1: b_27 (88)  [1/1] 2.71ns  loc: Downloads/hls/mmult.h:131->Downloads/hls/mmult_accel.cpp:27
:73  %b_27 = alloca [32 x float], align 4

ST_1: b_28 (89)  [1/1] 2.71ns  loc: Downloads/hls/mmult.h:131->Downloads/hls/mmult_accel.cpp:27
:74  %b_28 = alloca [32 x float], align 4

ST_1: b_29 (90)  [1/1] 2.71ns  loc: Downloads/hls/mmult.h:131->Downloads/hls/mmult_accel.cpp:27
:75  %b_29 = alloca [32 x float], align 4

ST_1: b_30 (91)  [1/1] 2.71ns  loc: Downloads/hls/mmult.h:131->Downloads/hls/mmult_accel.cpp:27
:76  %b_30 = alloca [32 x float], align 4

ST_1: b_31 (92)  [1/1] 2.71ns  loc: Downloads/hls/mmult.h:131->Downloads/hls/mmult_accel.cpp:27
:77  %b_31 = alloca [32 x float], align 4

ST_1: out (93)  [1/1] 2.71ns  loc: Downloads/hls/mmult.h:132->Downloads/hls/mmult_accel.cpp:27
:78  %out = alloca [1024 x float], align 4

ST_1: StgValue_258 (94)  [1/1] 0.00ns
:79  call void (...)* @_ssdm_op_SpecTopModule([10 x i8]* @HLS_accel_str) nounwind

ST_1: StgValue_259 (95)  [1/1] 0.00ns  loc: Downloads/hls/mmult_accel.cpp:23
:80  call void (...)* @_ssdm_op_SpecInterface(i32 0, [10 x i8]* @p_str, i32 0, i32 0, [1 x i8]* @p_str1, i32 0, i32 0, [12 x i8]* @p_str2, [1 x i8]* @p_str1, [1 x i8]* @p_str1, i32 0, i32 0, i32 0, i32 0, [1 x i8]* @p_str1, [1 x i8]* @p_str1) nounwind

ST_1: StgValue_260 (96)  [1/1] 0.00ns
:81  call void (...)* @_ssdm_op_SpecInterface(i32* %INPUT_STREAM_data_V, i4* %INPUT_STREAM_keep_V, i4* %INPUT_STREAM_strb_V, i4* %INPUT_STREAM_user_V, i1* %INPUT_STREAM_last_V, i5* %INPUT_STREAM_id_V, i5* %INPUT_STREAM_dest_V, [5 x i8]* @p_str3, i32 1, i32 1, [5 x i8]* @p_str4, i32 0, i32 0, [1 x i8]* @p_str1, [1 x i8]* @p_str1, [1 x i8]* @p_str1, i32 0, i32 0, i32 0, i32 0, [1 x i8]* @p_str1, [1 x i8]* @p_str1)

ST_1: StgValue_261 (97)  [1/1] 0.00ns
:82  call void (...)* @_ssdm_op_SpecInterface(i32* %OUTPUT_STREAM_data_V, i4* %OUTPUT_STREAM_keep_V, i4* %OUTPUT_STREAM_strb_V, i4* %OUTPUT_STREAM_user_V, i1* %OUTPUT_STREAM_last_V, i5* %OUTPUT_STREAM_id_V, i5* %OUTPUT_STREAM_dest_V, [5 x i8]* @p_str3, i32 1, i32 1, [5 x i8]* @p_str4, i32 0, i32 0, [1 x i8]* @p_str1, [1 x i8]* @p_str1, [1 x i8]* @p_str1, i32 0, i32 0, i32 0, i32 0, [1 x i8]* @p_str1, [1 x i8]* @p_str1)

ST_1: StgValue_262 (98)  [1/1] 1.57ns  loc: Downloads/hls/mmult.h:137->Downloads/hls/mmult_accel.cpp:27
:83  br label %.preheader8.i


 <State 2>: 5.28ns
ST_2: indvar_flatten (100)  [1/1] 0.00ns
.preheader8.i:0  %indvar_flatten = phi i11 [ 0, %0 ], [ %indvar_flatten_next, %1 ]

ST_2: i_0_i (101)  [1/1] 0.00ns  loc: Downloads/hls/mmult.h:137->Downloads/hls/mmult_accel.cpp:27
.preheader8.i:1  %i_0_i = phi i6 [ 0, %0 ], [ %i_0_i_cast_mid2_v, %1 ]

ST_2: j_0_i (102)  [1/1] 0.00ns
.preheader8.i:2  %j_0_i = phi i6 [ 0, %0 ], [ %j, %1 ]

ST_2: exitcond_flatten (103)  [1/1] 2.11ns
.preheader8.i:3  %exitcond_flatten = icmp eq i11 %indvar_flatten, -1024

ST_2: indvar_flatten_next (104)  [1/1] 1.84ns
.preheader8.i:4  %indvar_flatten_next = add i11 %indvar_flatten, 1

ST_2: StgValue_268 (105)  [1/1] 0.00ns
.preheader8.i:5  br i1 %exitcond_flatten, label %.preheader6.i.preheader, label %.preheader8.i.preheader

ST_2: i (107)  [1/1] 1.72ns  loc: Downloads/hls/mmult.h:137->Downloads/hls/mmult_accel.cpp:27
.preheader8.i.preheader:0  %i = add i6 1, %i_0_i

ST_2: exitcond4_i (109)  [1/1] 1.94ns  loc: Downloads/hls/mmult.h:138->Downloads/hls/mmult_accel.cpp:27
.preheader8.i.preheader:2  %exitcond4_i = icmp eq i6 %j_0_i, -32

ST_2: j_0_i_mid2 (110)  [1/1] 1.37ns  loc: Downloads/hls/mmult.h:138->Downloads/hls/mmult_accel.cpp:27
.preheader8.i.preheader:3  %j_0_i_mid2 = select i1 %exitcond4_i, i6 0, i6 %j_0_i

ST_2: i_0_i_cast_mid2_v (111)  [1/1] 1.37ns  loc: Downloads/hls/mmult.h:137->Downloads/hls/mmult_accel.cpp:27
.preheader8.i.preheader:4  %i_0_i_cast_mid2_v = select i1 %exitcond4_i, i6 %i, i6 %i_0_i

ST_2: tmp_3 (113)  [1/1] 0.00ns  loc: Downloads/hls/mmult.h:139->Downloads/hls/mmult_accel.cpp:27
.preheader8.i.preheader:6  %tmp_3 = call i32 (...)* @_ssdm_op_SpecRegionBegin([12 x i8]* @p_str5)

ST_2: empty_16 (115)  [2/2] 0.00ns
.preheader8.i.preheader:8  %empty_16 = call { i32, i4, i4, i4, i1, i5, i5 } @_ssdm_op_Read.axis.volatile.i32P.i4P.i4P.i4P.i1P.i5P.i5P(i32* %INPUT_STREAM_data_V, i4* %INPUT_STREAM_keep_V, i4* %INPUT_STREAM_strb_V, i4* %INPUT_STREAM_user_V, i1* %INPUT_STREAM_last_V, i5* %INPUT_STREAM_id_V, i5* %INPUT_STREAM_dest_V)

ST_2: tmp (118)  [1/1] 0.00ns  loc: Downloads/hls/mmult.h:138->Downloads/hls/mmult_accel.cpp:27
.preheader8.i.preheader:11  %tmp = trunc i6 %j_0_i_mid2 to i5

ST_2: StgValue_276 (119)  [1/1] 1.97ns  loc: Downloads/hls/mmult.h:142->Downloads/hls/mmult_accel.cpp:27
.preheader8.i.preheader:12  switch i5 %tmp, label %branch31 [
    i5 0, label %branch0
    i5 1, label %branch1
    i5 2, label %branch2
    i5 3, label %branch3
    i5 4, label %branch4
    i5 5, label %branch5
    i5 6, label %branch6
    i5 7, label %branch7
    i5 8, label %branch8
    i5 9, label %branch9
    i5 10, label %branch10
    i5 11, label %branch11
    i5 12, label %branch12
    i5 13, label %branch13
    i5 14, label %branch14
    i5 15, label %branch15
    i5 -16, label %branch16
    i5 -15, label %branch17
    i5 -14, label %branch18
    i5 -13, label %branch19
    i5 -12, label %branch20
    i5 -11, label %branch21
    i5 -10, label %branch22
    i5 -9, label %branch23
    i5 -8, label %branch24
    i5 -7, label %branch25
    i5 -6, label %branch26
    i5 -5, label %branch27
    i5 -4, label %branch28
    i5 -3, label %branch29
    i5 -2, label %branch30
  ]

ST_2: empty (249)  [1/1] 0.00ns  loc: Downloads/hls/mmult.h:144->Downloads/hls/mmult_accel.cpp:27
:0  %empty = call i32 (...)* @_ssdm_op_SpecRegionEnd([12 x i8]* @p_str5, i32 %tmp_3)

ST_2: j (250)  [1/1] 1.72ns  loc: Downloads/hls/mmult.h:138->Downloads/hls/mmult_accel.cpp:27
:1  %j = add i6 %j_0_i_mid2, 1

ST_2: StgValue_279 (251)  [1/1] 0.00ns  loc: Downloads/hls/mmult.h:138->Downloads/hls/mmult_accel.cpp:27
:2  br label %.preheader8.i


 <State 3>: 2.71ns
ST_3: empty_15 (108)  [1/1] 0.00ns
.preheader8.i.preheader:1  %empty_15 = call i32 (...)* @_ssdm_op_SpecLoopTripCount(i64 1024, i64 1024, i64 1024)

ST_3: i_0_i_cast_mid2 (112)  [1/1] 0.00ns  loc: Downloads/hls/mmult.h:137->Downloads/hls/mmult_accel.cpp:27
.preheader8.i.preheader:5  %i_0_i_cast_mid2 = zext i6 %i_0_i_cast_mid2_v to i32

ST_3: StgValue_282 (114)  [1/1] 0.00ns  loc: Downloads/hls/mmult.h:140->Downloads/hls/mmult_accel.cpp:27
.preheader8.i.preheader:7  call void (...)* @_ssdm_op_SpecPipeline(i32 1, i32 1, i32 1, i32 0, [1 x i8]* @p_str1) nounwind

ST_3: empty_16 (115)  [1/2] 0.00ns
.preheader8.i.preheader:8  %empty_16 = call { i32, i4, i4, i4, i1, i5, i5 } @_ssdm_op_Read.axis.volatile.i32P.i4P.i4P.i4P.i1P.i5P.i5P(i32* %INPUT_STREAM_data_V, i4* %INPUT_STREAM_keep_V, i4* %INPUT_STREAM_strb_V, i4* %INPUT_STREAM_user_V, i1* %INPUT_STREAM_last_V, i5* %INPUT_STREAM_id_V, i5* %INPUT_STREAM_dest_V)

ST_3: INPUT_STREAM_data_V_s (116)  [1/1] 0.00ns
.preheader8.i.preheader:9  %INPUT_STREAM_data_V_s = extractvalue { i32, i4, i4, i4, i1, i5, i5 } %empty_16, 0

ST_3: ret (117)  [1/1] 0.00ns  loc: Downloads/hls/mmult.h:83->Downloads/hls/mmult.h:142->Downloads/hls/mmult_accel.cpp:27
.preheader8.i.preheader:10  %ret = bitcast i32 %INPUT_STREAM_data_V_s to float

ST_3: a_30_addr (121)  [1/1] 0.00ns  loc: Downloads/hls/mmult.h:142->Downloads/hls/mmult_accel.cpp:27
branch30:0  %a_30_addr = getelementptr [32 x float]* %a_30, i32 0, i32 %i_0_i_cast_mid2

ST_3: StgValue_287 (122)  [1/1] 2.71ns  loc: Downloads/hls/mmult.h:142->Downloads/hls/mmult_accel.cpp:27
branch30:1  store float %ret, float* %a_30_addr, align 4

ST_3: StgValue_288 (123)  [1/1] 0.00ns  loc: Downloads/hls/mmult.h:142->Downloads/hls/mmult_accel.cpp:27
branch30:2  br label %1

ST_3: a_29_addr (125)  [1/1] 0.00ns  loc: Downloads/hls/mmult.h:142->Downloads/hls/mmult_accel.cpp:27
branch29:0  %a_29_addr = getelementptr [32 x float]* %a_29, i32 0, i32 %i_0_i_cast_mid2

ST_3: StgValue_290 (126)  [1/1] 2.71ns  loc: Downloads/hls/mmult.h:142->Downloads/hls/mmult_accel.cpp:27
branch29:1  store float %ret, float* %a_29_addr, align 4

ST_3: StgValue_291 (127)  [1/1] 0.00ns  loc: Downloads/hls/mmult.h:142->Downloads/hls/mmult_accel.cpp:27
branch29:2  br label %1

ST_3: a_28_addr (129)  [1/1] 0.00ns  loc: Downloads/hls/mmult.h:142->Downloads/hls/mmult_accel.cpp:27
branch28:0  %a_28_addr = getelementptr [32 x float]* %a_28, i32 0, i32 %i_0_i_cast_mid2

ST_3: StgValue_293 (130)  [1/1] 2.71ns  loc: Downloads/hls/mmult.h:142->Downloads/hls/mmult_accel.cpp:27
branch28:1  store float %ret, float* %a_28_addr, align 4

ST_3: StgValue_294 (131)  [1/1] 0.00ns  loc: Downloads/hls/mmult.h:142->Downloads/hls/mmult_accel.cpp:27
branch28:2  br label %1

ST_3: a_27_addr (133)  [1/1] 0.00ns  loc: Downloads/hls/mmult.h:142->Downloads/hls/mmult_accel.cpp:27
branch27:0  %a_27_addr = getelementptr [32 x float]* %a_27, i32 0, i32 %i_0_i_cast_mid2

ST_3: StgValue_296 (134)  [1/1] 2.71ns  loc: Downloads/hls/mmult.h:142->Downloads/hls/mmult_accel.cpp:27
branch27:1  store float %ret, float* %a_27_addr, align 4

ST_3: StgValue_297 (135)  [1/1] 0.00ns  loc: Downloads/hls/mmult.h:142->Downloads/hls/mmult_accel.cpp:27
branch27:2  br label %1

ST_3: a_26_addr (137)  [1/1] 0.00ns  loc: Downloads/hls/mmult.h:142->Downloads/hls/mmult_accel.cpp:27
branch26:0  %a_26_addr = getelementptr [32 x float]* %a_26, i32 0, i32 %i_0_i_cast_mid2

ST_3: StgValue_299 (138)  [1/1] 2.71ns  loc: Downloads/hls/mmult.h:142->Downloads/hls/mmult_accel.cpp:27
branch26:1  store float %ret, float* %a_26_addr, align 4

ST_3: StgValue_300 (139)  [1/1] 0.00ns  loc: Downloads/hls/mmult.h:142->Downloads/hls/mmult_accel.cpp:27
branch26:2  br label %1

ST_3: a_25_addr (141)  [1/1] 0.00ns  loc: Downloads/hls/mmult.h:142->Downloads/hls/mmult_accel.cpp:27
branch25:0  %a_25_addr = getelementptr [32 x float]* %a_25, i32 0, i32 %i_0_i_cast_mid2

ST_3: StgValue_302 (142)  [1/1] 2.71ns  loc: Downloads/hls/mmult.h:142->Downloads/hls/mmult_accel.cpp:27
branch25:1  store float %ret, float* %a_25_addr, align 4

ST_3: StgValue_303 (143)  [1/1] 0.00ns  loc: Downloads/hls/mmult.h:142->Downloads/hls/mmult_accel.cpp:27
branch25:2  br label %1

ST_3: a_24_addr (145)  [1/1] 0.00ns  loc: Downloads/hls/mmult.h:142->Downloads/hls/mmult_accel.cpp:27
branch24:0  %a_24_addr = getelementptr [32 x float]* %a_24, i32 0, i32 %i_0_i_cast_mid2

ST_3: StgValue_305 (146)  [1/1] 2.71ns  loc: Downloads/hls/mmult.h:142->Downloads/hls/mmult_accel.cpp:27
branch24:1  store float %ret, float* %a_24_addr, align 4

ST_3: StgValue_306 (147)  [1/1] 0.00ns  loc: Downloads/hls/mmult.h:142->Downloads/hls/mmult_accel.cpp:27
branch24:2  br label %1

ST_3: a_23_addr (149)  [1/1] 0.00ns  loc: Downloads/hls/mmult.h:142->Downloads/hls/mmult_accel.cpp:27
branch23:0  %a_23_addr = getelementptr [32 x float]* %a_23, i32 0, i32 %i_0_i_cast_mid2

ST_3: StgValue_308 (150)  [1/1] 2.71ns  loc: Downloads/hls/mmult.h:142->Downloads/hls/mmult_accel.cpp:27
branch23:1  store float %ret, float* %a_23_addr, align 4

ST_3: StgValue_309 (151)  [1/1] 0.00ns  loc: Downloads/hls/mmult.h:142->Downloads/hls/mmult_accel.cpp:27
branch23:2  br label %1

ST_3: a_22_addr (153)  [1/1] 0.00ns  loc: Downloads/hls/mmult.h:142->Downloads/hls/mmult_accel.cpp:27
branch22:0  %a_22_addr = getelementptr [32 x float]* %a_22, i32 0, i32 %i_0_i_cast_mid2

ST_3: StgValue_311 (154)  [1/1] 2.71ns  loc: Downloads/hls/mmult.h:142->Downloads/hls/mmult_accel.cpp:27
branch22:1  store float %ret, float* %a_22_addr, align 4

ST_3: StgValue_312 (155)  [1/1] 0.00ns  loc: Downloads/hls/mmult.h:142->Downloads/hls/mmult_accel.cpp:27
branch22:2  br label %1

ST_3: a_21_addr (157)  [1/1] 0.00ns  loc: Downloads/hls/mmult.h:142->Downloads/hls/mmult_accel.cpp:27
branch21:0  %a_21_addr = getelementptr [32 x float]* %a_21, i32 0, i32 %i_0_i_cast_mid2

ST_3: StgValue_314 (158)  [1/1] 2.71ns  loc: Downloads/hls/mmult.h:142->Downloads/hls/mmult_accel.cpp:27
branch21:1  store float %ret, float* %a_21_addr, align 4

ST_3: StgValue_315 (159)  [1/1] 0.00ns  loc: Downloads/hls/mmult.h:142->Downloads/hls/mmult_accel.cpp:27
branch21:2  br label %1

ST_3: a_20_addr (161)  [1/1] 0.00ns  loc: Downloads/hls/mmult.h:142->Downloads/hls/mmult_accel.cpp:27
branch20:0  %a_20_addr = getelementptr [32 x float]* %a_20, i32 0, i32 %i_0_i_cast_mid2

ST_3: StgValue_317 (162)  [1/1] 2.71ns  loc: Downloads/hls/mmult.h:142->Downloads/hls/mmult_accel.cpp:27
branch20:1  store float %ret, float* %a_20_addr, align 4

ST_3: StgValue_318 (163)  [1/1] 0.00ns  loc: Downloads/hls/mmult.h:142->Downloads/hls/mmult_accel.cpp:27
branch20:2  br label %1

ST_3: a_19_addr (165)  [1/1] 0.00ns  loc: Downloads/hls/mmult.h:142->Downloads/hls/mmult_accel.cpp:27
branch19:0  %a_19_addr = getelementptr [32 x float]* %a_19, i32 0, i32 %i_0_i_cast_mid2

ST_3: StgValue_320 (166)  [1/1] 2.71ns  loc: Downloads/hls/mmult.h:142->Downloads/hls/mmult_accel.cpp:27
branch19:1  store float %ret, float* %a_19_addr, align 4

ST_3: StgValue_321 (167)  [1/1] 0.00ns  loc: Downloads/hls/mmult.h:142->Downloads/hls/mmult_accel.cpp:27
branch19:2  br label %1

ST_3: a_18_addr (169)  [1/1] 0.00ns  loc: Downloads/hls/mmult.h:142->Downloads/hls/mmult_accel.cpp:27
branch18:0  %a_18_addr = getelementptr [32 x float]* %a_18, i32 0, i32 %i_0_i_cast_mid2

ST_3: StgValue_323 (170)  [1/1] 2.71ns  loc: Downloads/hls/mmult.h:142->Downloads/hls/mmult_accel.cpp:27
branch18:1  store float %ret, float* %a_18_addr, align 4

ST_3: StgValue_324 (171)  [1/1] 0.00ns  loc: Downloads/hls/mmult.h:142->Downloads/hls/mmult_accel.cpp:27
branch18:2  br label %1

ST_3: a_17_addr (173)  [1/1] 0.00ns  loc: Downloads/hls/mmult.h:142->Downloads/hls/mmult_accel.cpp:27
branch17:0  %a_17_addr = getelementptr [32 x float]* %a_17, i32 0, i32 %i_0_i_cast_mid2

ST_3: StgValue_326 (174)  [1/1] 2.71ns  loc: Downloads/hls/mmult.h:142->Downloads/hls/mmult_accel.cpp:27
branch17:1  store float %ret, float* %a_17_addr, align 4

ST_3: StgValue_327 (175)  [1/1] 0.00ns  loc: Downloads/hls/mmult.h:142->Downloads/hls/mmult_accel.cpp:27
branch17:2  br label %1

ST_3: a_16_addr (177)  [1/1] 0.00ns  loc: Downloads/hls/mmult.h:142->Downloads/hls/mmult_accel.cpp:27
branch16:0  %a_16_addr = getelementptr [32 x float]* %a_16, i32 0, i32 %i_0_i_cast_mid2

ST_3: StgValue_329 (178)  [1/1] 2.71ns  loc: Downloads/hls/mmult.h:142->Downloads/hls/mmult_accel.cpp:27
branch16:1  store float %ret, float* %a_16_addr, align 4

ST_3: StgValue_330 (179)  [1/1] 0.00ns  loc: Downloads/hls/mmult.h:142->Downloads/hls/mmult_accel.cpp:27
branch16:2  br label %1

ST_3: a_15_addr (181)  [1/1] 0.00ns  loc: Downloads/hls/mmult.h:142->Downloads/hls/mmult_accel.cpp:27
branch15:0  %a_15_addr = getelementptr [32 x float]* %a_15, i32 0, i32 %i_0_i_cast_mid2

ST_3: StgValue_332 (182)  [1/1] 2.71ns  loc: Downloads/hls/mmult.h:142->Downloads/hls/mmult_accel.cpp:27
branch15:1  store float %ret, float* %a_15_addr, align 4

ST_3: StgValue_333 (183)  [1/1] 0.00ns  loc: Downloads/hls/mmult.h:142->Downloads/hls/mmult_accel.cpp:27
branch15:2  br label %1

ST_3: a_14_addr (185)  [1/1] 0.00ns  loc: Downloads/hls/mmult.h:142->Downloads/hls/mmult_accel.cpp:27
branch14:0  %a_14_addr = getelementptr [32 x float]* %a_14, i32 0, i32 %i_0_i_cast_mid2

ST_3: StgValue_335 (186)  [1/1] 2.71ns  loc: Downloads/hls/mmult.h:142->Downloads/hls/mmult_accel.cpp:27
branch14:1  store float %ret, float* %a_14_addr, align 4

ST_3: StgValue_336 (187)  [1/1] 0.00ns  loc: Downloads/hls/mmult.h:142->Downloads/hls/mmult_accel.cpp:27
branch14:2  br label %1

ST_3: a_13_addr (189)  [1/1] 0.00ns  loc: Downloads/hls/mmult.h:142->Downloads/hls/mmult_accel.cpp:27
branch13:0  %a_13_addr = getelementptr [32 x float]* %a_13, i32 0, i32 %i_0_i_cast_mid2

ST_3: StgValue_338 (190)  [1/1] 2.71ns  loc: Downloads/hls/mmult.h:142->Downloads/hls/mmult_accel.cpp:27
branch13:1  store float %ret, float* %a_13_addr, align 4

ST_3: StgValue_339 (191)  [1/1] 0.00ns  loc: Downloads/hls/mmult.h:142->Downloads/hls/mmult_accel.cpp:27
branch13:2  br label %1

ST_3: a_12_addr (193)  [1/1] 0.00ns  loc: Downloads/hls/mmult.h:142->Downloads/hls/mmult_accel.cpp:27
branch12:0  %a_12_addr = getelementptr [32 x float]* %a_12, i32 0, i32 %i_0_i_cast_mid2

ST_3: StgValue_341 (194)  [1/1] 2.71ns  loc: Downloads/hls/mmult.h:142->Downloads/hls/mmult_accel.cpp:27
branch12:1  store float %ret, float* %a_12_addr, align 4

ST_3: StgValue_342 (195)  [1/1] 0.00ns  loc: Downloads/hls/mmult.h:142->Downloads/hls/mmult_accel.cpp:27
branch12:2  br label %1

ST_3: a_11_addr (197)  [1/1] 0.00ns  loc: Downloads/hls/mmult.h:142->Downloads/hls/mmult_accel.cpp:27
branch11:0  %a_11_addr = getelementptr [32 x float]* %a_11, i32 0, i32 %i_0_i_cast_mid2

ST_3: StgValue_344 (198)  [1/1] 2.71ns  loc: Downloads/hls/mmult.h:142->Downloads/hls/mmult_accel.cpp:27
branch11:1  store float %ret, float* %a_11_addr, align 4

ST_3: StgValue_345 (199)  [1/1] 0.00ns  loc: Downloads/hls/mmult.h:142->Downloads/hls/mmult_accel.cpp:27
branch11:2  br label %1

ST_3: a_10_addr (201)  [1/1] 0.00ns  loc: Downloads/hls/mmult.h:142->Downloads/hls/mmult_accel.cpp:27
branch10:0  %a_10_addr = getelementptr [32 x float]* %a_10, i32 0, i32 %i_0_i_cast_mid2

ST_3: StgValue_347 (202)  [1/1] 2.71ns  loc: Downloads/hls/mmult.h:142->Downloads/hls/mmult_accel.cpp:27
branch10:1  store float %ret, float* %a_10_addr, align 4

ST_3: StgValue_348 (203)  [1/1] 0.00ns  loc: Downloads/hls/mmult.h:142->Downloads/hls/mmult_accel.cpp:27
branch10:2  br label %1

ST_3: a_9_addr (205)  [1/1] 0.00ns  loc: Downloads/hls/mmult.h:142->Downloads/hls/mmult_accel.cpp:27
branch9:0  %a_9_addr = getelementptr [32 x float]* %a_9, i32 0, i32 %i_0_i_cast_mid2

ST_3: StgValue_350 (206)  [1/1] 2.71ns  loc: Downloads/hls/mmult.h:142->Downloads/hls/mmult_accel.cpp:27
branch9:1  store float %ret, float* %a_9_addr, align 4

ST_3: StgValue_351 (207)  [1/1] 0.00ns  loc: Downloads/hls/mmult.h:142->Downloads/hls/mmult_accel.cpp:27
branch9:2  br label %1

ST_3: a_8_addr (209)  [1/1] 0.00ns  loc: Downloads/hls/mmult.h:142->Downloads/hls/mmult_accel.cpp:27
branch8:0  %a_8_addr = getelementptr [32 x float]* %a_8, i32 0, i32 %i_0_i_cast_mid2

ST_3: StgValue_353 (210)  [1/1] 2.71ns  loc: Downloads/hls/mmult.h:142->Downloads/hls/mmult_accel.cpp:27
branch8:1  store float %ret, float* %a_8_addr, align 4

ST_3: StgValue_354 (211)  [1/1] 0.00ns  loc: Downloads/hls/mmult.h:142->Downloads/hls/mmult_accel.cpp:27
branch8:2  br label %1

ST_3: a_7_addr (213)  [1/1] 0.00ns  loc: Downloads/hls/mmult.h:142->Downloads/hls/mmult_accel.cpp:27
branch7:0  %a_7_addr = getelementptr [32 x float]* %a_7, i32 0, i32 %i_0_i_cast_mid2

ST_3: StgValue_356 (214)  [1/1] 2.71ns  loc: Downloads/hls/mmult.h:142->Downloads/hls/mmult_accel.cpp:27
branch7:1  store float %ret, float* %a_7_addr, align 4

ST_3: StgValue_357 (215)  [1/1] 0.00ns  loc: Downloads/hls/mmult.h:142->Downloads/hls/mmult_accel.cpp:27
branch7:2  br label %1

ST_3: a_6_addr (217)  [1/1] 0.00ns  loc: Downloads/hls/mmult.h:142->Downloads/hls/mmult_accel.cpp:27
branch6:0  %a_6_addr = getelementptr [32 x float]* %a_6, i32 0, i32 %i_0_i_cast_mid2

ST_3: StgValue_359 (218)  [1/1] 2.71ns  loc: Downloads/hls/mmult.h:142->Downloads/hls/mmult_accel.cpp:27
branch6:1  store float %ret, float* %a_6_addr, align 4

ST_3: StgValue_360 (219)  [1/1] 0.00ns  loc: Downloads/hls/mmult.h:142->Downloads/hls/mmult_accel.cpp:27
branch6:2  br label %1

ST_3: a_5_addr (221)  [1/1] 0.00ns  loc: Downloads/hls/mmult.h:142->Downloads/hls/mmult_accel.cpp:27
branch5:0  %a_5_addr = getelementptr [32 x float]* %a_5, i32 0, i32 %i_0_i_cast_mid2

ST_3: StgValue_362 (222)  [1/1] 2.71ns  loc: Downloads/hls/mmult.h:142->Downloads/hls/mmult_accel.cpp:27
branch5:1  store float %ret, float* %a_5_addr, align 4

ST_3: StgValue_363 (223)  [1/1] 0.00ns  loc: Downloads/hls/mmult.h:142->Downloads/hls/mmult_accel.cpp:27
branch5:2  br label %1

ST_3: a_4_addr (225)  [1/1] 0.00ns  loc: Downloads/hls/mmult.h:142->Downloads/hls/mmult_accel.cpp:27
branch4:0  %a_4_addr = getelementptr [32 x float]* %a_4, i32 0, i32 %i_0_i_cast_mid2

ST_3: StgValue_365 (226)  [1/1] 2.71ns  loc: Downloads/hls/mmult.h:142->Downloads/hls/mmult_accel.cpp:27
branch4:1  store float %ret, float* %a_4_addr, align 4

ST_3: StgValue_366 (227)  [1/1] 0.00ns  loc: Downloads/hls/mmult.h:142->Downloads/hls/mmult_accel.cpp:27
branch4:2  br label %1

ST_3: a_3_addr (229)  [1/1] 0.00ns  loc: Downloads/hls/mmult.h:142->Downloads/hls/mmult_accel.cpp:27
branch3:0  %a_3_addr = getelementptr [32 x float]* %a_3, i32 0, i32 %i_0_i_cast_mid2

ST_3: StgValue_368 (230)  [1/1] 2.71ns  loc: Downloads/hls/mmult.h:142->Downloads/hls/mmult_accel.cpp:27
branch3:1  store float %ret, float* %a_3_addr, align 4

ST_3: StgValue_369 (231)  [1/1] 0.00ns  loc: Downloads/hls/mmult.h:142->Downloads/hls/mmult_accel.cpp:27
branch3:2  br label %1

ST_3: a_2_addr (233)  [1/1] 0.00ns  loc: Downloads/hls/mmult.h:142->Downloads/hls/mmult_accel.cpp:27
branch2:0  %a_2_addr = getelementptr [32 x float]* %a_2, i32 0, i32 %i_0_i_cast_mid2

ST_3: StgValue_371 (234)  [1/1] 2.71ns  loc: Downloads/hls/mmult.h:142->Downloads/hls/mmult_accel.cpp:27
branch2:1  store float %ret, float* %a_2_addr, align 4

ST_3: StgValue_372 (235)  [1/1] 0.00ns  loc: Downloads/hls/mmult.h:142->Downloads/hls/mmult_accel.cpp:27
branch2:2  br label %1

ST_3: a_1_addr (237)  [1/1] 0.00ns  loc: Downloads/hls/mmult.h:142->Downloads/hls/mmult_accel.cpp:27
branch1:0  %a_1_addr = getelementptr [32 x float]* %a_1, i32 0, i32 %i_0_i_cast_mid2

ST_3: StgValue_374 (238)  [1/1] 2.71ns  loc: Downloads/hls/mmult.h:142->Downloads/hls/mmult_accel.cpp:27
branch1:1  store float %ret, float* %a_1_addr, align 4

ST_3: StgValue_375 (239)  [1/1] 0.00ns  loc: Downloads/hls/mmult.h:142->Downloads/hls/mmult_accel.cpp:27
branch1:2  br label %1

ST_3: a_0_addr (241)  [1/1] 0.00ns  loc: Downloads/hls/mmult.h:142->Downloads/hls/mmult_accel.cpp:27
branch0:0  %a_0_addr = getelementptr [32 x float]* %a_0, i32 0, i32 %i_0_i_cast_mid2

ST_3: StgValue_377 (242)  [1/1] 2.71ns  loc: Downloads/hls/mmult.h:142->Downloads/hls/mmult_accel.cpp:27
branch0:1  store float %ret, float* %a_0_addr, align 4

ST_3: StgValue_378 (243)  [1/1] 0.00ns  loc: Downloads/hls/mmult.h:142->Downloads/hls/mmult_accel.cpp:27
branch0:2  br label %1

ST_3: a_31_addr (245)  [1/1] 0.00ns  loc: Downloads/hls/mmult.h:142->Downloads/hls/mmult_accel.cpp:27
branch31:0  %a_31_addr = getelementptr [32 x float]* %a_31, i32 0, i32 %i_0_i_cast_mid2

ST_3: StgValue_380 (246)  [1/1] 2.71ns  loc: Downloads/hls/mmult.h:142->Downloads/hls/mmult_accel.cpp:27
branch31:1  store float %ret, float* %a_31_addr, align 4

ST_3: StgValue_381 (247)  [1/1] 0.00ns  loc: Downloads/hls/mmult.h:142->Downloads/hls/mmult_accel.cpp:27
branch31:2  br label %1


 <State 4>: 1.57ns
ST_4: StgValue_382 (253)  [1/1] 1.57ns  loc: Downloads/hls/mmult.h:147->Downloads/hls/mmult_accel.cpp:27
.preheader6.i.preheader:0  br label %.preheader6.i


 <State 5>: 5.28ns
ST_5: indvar_flatten1 (255)  [1/1] 0.00ns
.preheader6.i:0  %indvar_flatten1 = phi i11 [ %indvar_flatten_next2, %2 ], [ 0, %.preheader6.i.preheader ]

ST_5: i1_0_i (256)  [1/1] 0.00ns  loc: Downloads/hls/mmult.h:148->Downloads/hls/mmult_accel.cpp:27
.preheader6.i:1  %i1_0_i = phi i6 [ %i1_0_i_t_mid2_v, %2 ], [ 0, %.preheader6.i.preheader ]

ST_5: j2_0_i (257)  [1/1] 0.00ns
.preheader6.i:2  %j2_0_i = phi i6 [ %j_1, %2 ], [ 0, %.preheader6.i.preheader ]

ST_5: exitcond_flatten1 (258)  [1/1] 2.11ns
.preheader6.i:3  %exitcond_flatten1 = icmp eq i11 %indvar_flatten1, -1024

ST_5: indvar_flatten_next2 (259)  [1/1] 1.84ns
.preheader6.i:4  %indvar_flatten_next2 = add i11 %indvar_flatten1, 1

ST_5: StgValue_388 (260)  [1/1] 0.00ns
.preheader6.i:5  br i1 %exitcond_flatten1, label %.preheader.preheader.preheader, label %.preheader7.i

ST_5: i_1 (262)  [1/1] 1.72ns  loc: Downloads/hls/mmult.h:147->Downloads/hls/mmult_accel.cpp:27
.preheader7.i:0  %i_1 = add i6 1, %i1_0_i

ST_5: exitcond2_i (264)  [1/1] 1.94ns  loc: Downloads/hls/mmult.h:148->Downloads/hls/mmult_accel.cpp:27
.preheader7.i:2  %exitcond2_i = icmp eq i6 %j2_0_i, -32

ST_5: j2_0_i_mid2 (265)  [1/1] 1.37ns  loc: Downloads/hls/mmult.h:148->Downloads/hls/mmult_accel.cpp:27
.preheader7.i:3  %j2_0_i_mid2 = select i1 %exitcond2_i, i6 0, i6 %j2_0_i

ST_5: i1_0_i_t_mid2_v (266)  [1/1] 1.37ns  loc: Downloads/hls/mmult.h:148->Downloads/hls/mmult_accel.cpp:27
.preheader7.i:4  %i1_0_i_t_mid2_v = select i1 %exitcond2_i, i6 %i_1, i6 %i1_0_i

ST_5: tmp_1 (267)  [1/1] 0.00ns  loc: Downloads/hls/mmult.h:148->Downloads/hls/mmult_accel.cpp:27
.preheader7.i:5  %tmp_1 = trunc i6 %i1_0_i_t_mid2_v to i5

ST_5: tmp_4 (269)  [1/1] 0.00ns  loc: Downloads/hls/mmult.h:149->Downloads/hls/mmult_accel.cpp:27
.preheader7.i:7  %tmp_4 = call i32 (...)* @_ssdm_op_SpecRegionBegin([12 x i8]* @p_str6)

ST_5: empty_19 (271)  [2/2] 0.00ns
.preheader7.i:9  %empty_19 = call { i32, i4, i4, i4, i1, i5, i5 } @_ssdm_op_Read.axis.volatile.i32P.i4P.i4P.i4P.i1P.i5P.i5P(i32* %INPUT_STREAM_data_V, i4* %INPUT_STREAM_keep_V, i4* %INPUT_STREAM_strb_V, i4* %INPUT_STREAM_user_V, i1* %INPUT_STREAM_last_V, i5* %INPUT_STREAM_id_V, i5* %INPUT_STREAM_dest_V)

ST_5: StgValue_396 (306)  [1/1] 1.97ns  loc: Downloads/hls/mmult.h:152->Downloads/hls/mmult_accel.cpp:27
.preheader7.i:44  switch i5 %tmp_1, label %branch63 [
    i5 0, label %branch32
    i5 1, label %branch33
    i5 2, label %branch34
    i5 3, label %branch35
    i5 4, label %branch36
    i5 5, label %branch37
    i5 6, label %branch38
    i5 7, label %branch39
    i5 8, label %branch40
    i5 9, label %branch41
    i5 10, label %branch42
    i5 11, label %branch43
    i5 12, label %branch44
    i5 13, label %branch45
    i5 14, label %branch46
    i5 15, label %branch47
    i5 -16, label %branch48
    i5 -15, label %branch49
    i5 -14, label %branch50
    i5 -13, label %branch51
    i5 -12, label %branch52
    i5 -11, label %branch53
    i5 -10, label %branch54
    i5 -9, label %branch55
    i5 -8, label %branch56
    i5 -7, label %branch57
    i5 -6, label %branch58
    i5 -5, label %branch59
    i5 -4, label %branch60
    i5 -3, label %branch61
    i5 -2, label %branch62
  ]

ST_5: empty_17 (404)  [1/1] 0.00ns  loc: Downloads/hls/mmult.h:153->Downloads/hls/mmult_accel.cpp:27
:0  %empty_17 = call i32 (...)* @_ssdm_op_SpecRegionEnd([12 x i8]* @p_str6, i32 %tmp_4)

ST_5: j_1 (405)  [1/1] 1.72ns  loc: Downloads/hls/mmult.h:148->Downloads/hls/mmult_accel.cpp:27
:1  %j_1 = add i6 %j2_0_i_mid2, 1

ST_5: StgValue_399 (406)  [1/1] 0.00ns  loc: Downloads/hls/mmult.h:148->Downloads/hls/mmult_accel.cpp:27
:2  br label %.preheader6.i


 <State 6>: 2.71ns
ST_6: empty_18 (263)  [1/1] 0.00ns
.preheader7.i:1  %empty_18 = call i32 (...)* @_ssdm_op_SpecLoopTripCount(i64 1024, i64 1024, i64 1024)

ST_6: j2_0_i_cast7 (268)  [1/1] 0.00ns  loc: Downloads/hls/mmult.h:148->Downloads/hls/mmult_accel.cpp:27
.preheader7.i:6  %j2_0_i_cast7 = zext i6 %j2_0_i_mid2 to i32

ST_6: StgValue_402 (270)  [1/1] 0.00ns  loc: Downloads/hls/mmult.h:150->Downloads/hls/mmult_accel.cpp:27
.preheader7.i:8  call void (...)* @_ssdm_op_SpecPipeline(i32 1, i32 1, i32 1, i32 0, [1 x i8]* @p_str1) nounwind

ST_6: empty_19 (271)  [1/2] 0.00ns
.preheader7.i:9  %empty_19 = call { i32, i4, i4, i4, i1, i5, i5 } @_ssdm_op_Read.axis.volatile.i32P.i4P.i4P.i4P.i1P.i5P.i5P(i32* %INPUT_STREAM_data_V, i4* %INPUT_STREAM_keep_V, i4* %INPUT_STREAM_strb_V, i4* %INPUT_STREAM_user_V, i1* %INPUT_STREAM_last_V, i5* %INPUT_STREAM_id_V, i5* %INPUT_STREAM_dest_V)

ST_6: INPUT_STREAM_data_V_1 (272)  [1/1] 0.00ns
.preheader7.i:10  %INPUT_STREAM_data_V_1 = extractvalue { i32, i4, i4, i4, i1, i5, i5 } %empty_19, 0

ST_6: ret_1 (273)  [1/1] 0.00ns  loc: Downloads/hls/mmult.h:83->Downloads/hls/mmult.h:152->Downloads/hls/mmult_accel.cpp:27
.preheader7.i:11  %ret_1 = bitcast i32 %INPUT_STREAM_data_V_1 to float

ST_6: b_0_addr (274)  [1/1] 0.00ns  loc: Downloads/hls/mmult.h:152->Downloads/hls/mmult_accel.cpp:27
.preheader7.i:12  %b_0_addr = getelementptr [32 x float]* %b_0, i32 0, i32 %j2_0_i_cast7

ST_6: b_1_addr (275)  [1/1] 0.00ns  loc: Downloads/hls/mmult.h:152->Downloads/hls/mmult_accel.cpp:27
.preheader7.i:13  %b_1_addr = getelementptr [32 x float]* %b_1, i32 0, i32 %j2_0_i_cast7

ST_6: b_2_addr (276)  [1/1] 0.00ns  loc: Downloads/hls/mmult.h:152->Downloads/hls/mmult_accel.cpp:27
.preheader7.i:14  %b_2_addr = getelementptr [32 x float]* %b_2, i32 0, i32 %j2_0_i_cast7

ST_6: b_3_addr (277)  [1/1] 0.00ns  loc: Downloads/hls/mmult.h:152->Downloads/hls/mmult_accel.cpp:27
.preheader7.i:15  %b_3_addr = getelementptr [32 x float]* %b_3, i32 0, i32 %j2_0_i_cast7

ST_6: b_4_addr (278)  [1/1] 0.00ns  loc: Downloads/hls/mmult.h:152->Downloads/hls/mmult_accel.cpp:27
.preheader7.i:16  %b_4_addr = getelementptr [32 x float]* %b_4, i32 0, i32 %j2_0_i_cast7

ST_6: b_5_addr (279)  [1/1] 0.00ns  loc: Downloads/hls/mmult.h:152->Downloads/hls/mmult_accel.cpp:27
.preheader7.i:17  %b_5_addr = getelementptr [32 x float]* %b_5, i32 0, i32 %j2_0_i_cast7

ST_6: b_6_addr (280)  [1/1] 0.00ns  loc: Downloads/hls/mmult.h:152->Downloads/hls/mmult_accel.cpp:27
.preheader7.i:18  %b_6_addr = getelementptr [32 x float]* %b_6, i32 0, i32 %j2_0_i_cast7

ST_6: b_7_addr (281)  [1/1] 0.00ns  loc: Downloads/hls/mmult.h:152->Downloads/hls/mmult_accel.cpp:27
.preheader7.i:19  %b_7_addr = getelementptr [32 x float]* %b_7, i32 0, i32 %j2_0_i_cast7

ST_6: b_8_addr (282)  [1/1] 0.00ns  loc: Downloads/hls/mmult.h:152->Downloads/hls/mmult_accel.cpp:27
.preheader7.i:20  %b_8_addr = getelementptr [32 x float]* %b_8, i32 0, i32 %j2_0_i_cast7

ST_6: b_9_addr (283)  [1/1] 0.00ns  loc: Downloads/hls/mmult.h:152->Downloads/hls/mmult_accel.cpp:27
.preheader7.i:21  %b_9_addr = getelementptr [32 x float]* %b_9, i32 0, i32 %j2_0_i_cast7

ST_6: b_10_addr (284)  [1/1] 0.00ns  loc: Downloads/hls/mmult.h:152->Downloads/hls/mmult_accel.cpp:27
.preheader7.i:22  %b_10_addr = getelementptr [32 x float]* %b_10, i32 0, i32 %j2_0_i_cast7

ST_6: b_11_addr (285)  [1/1] 0.00ns  loc: Downloads/hls/mmult.h:152->Downloads/hls/mmult_accel.cpp:27
.preheader7.i:23  %b_11_addr = getelementptr [32 x float]* %b_11, i32 0, i32 %j2_0_i_cast7

ST_6: b_12_addr (286)  [1/1] 0.00ns  loc: Downloads/hls/mmult.h:152->Downloads/hls/mmult_accel.cpp:27
.preheader7.i:24  %b_12_addr = getelementptr [32 x float]* %b_12, i32 0, i32 %j2_0_i_cast7

ST_6: b_13_addr (287)  [1/1] 0.00ns  loc: Downloads/hls/mmult.h:152->Downloads/hls/mmult_accel.cpp:27
.preheader7.i:25  %b_13_addr = getelementptr [32 x float]* %b_13, i32 0, i32 %j2_0_i_cast7

ST_6: b_14_addr (288)  [1/1] 0.00ns  loc: Downloads/hls/mmult.h:152->Downloads/hls/mmult_accel.cpp:27
.preheader7.i:26  %b_14_addr = getelementptr [32 x float]* %b_14, i32 0, i32 %j2_0_i_cast7

ST_6: b_15_addr (289)  [1/1] 0.00ns  loc: Downloads/hls/mmult.h:152->Downloads/hls/mmult_accel.cpp:27
.preheader7.i:27  %b_15_addr = getelementptr [32 x float]* %b_15, i32 0, i32 %j2_0_i_cast7

ST_6: b_16_addr (290)  [1/1] 0.00ns  loc: Downloads/hls/mmult.h:152->Downloads/hls/mmult_accel.cpp:27
.preheader7.i:28  %b_16_addr = getelementptr [32 x float]* %b_16, i32 0, i32 %j2_0_i_cast7

ST_6: b_17_addr (291)  [1/1] 0.00ns  loc: Downloads/hls/mmult.h:152->Downloads/hls/mmult_accel.cpp:27
.preheader7.i:29  %b_17_addr = getelementptr [32 x float]* %b_17, i32 0, i32 %j2_0_i_cast7

ST_6: b_18_addr (292)  [1/1] 0.00ns  loc: Downloads/hls/mmult.h:152->Downloads/hls/mmult_accel.cpp:27
.preheader7.i:30  %b_18_addr = getelementptr [32 x float]* %b_18, i32 0, i32 %j2_0_i_cast7

ST_6: b_19_addr (293)  [1/1] 0.00ns  loc: Downloads/hls/mmult.h:152->Downloads/hls/mmult_accel.cpp:27
.preheader7.i:31  %b_19_addr = getelementptr [32 x float]* %b_19, i32 0, i32 %j2_0_i_cast7

ST_6: b_20_addr (294)  [1/1] 0.00ns  loc: Downloads/hls/mmult.h:152->Downloads/hls/mmult_accel.cpp:27
.preheader7.i:32  %b_20_addr = getelementptr [32 x float]* %b_20, i32 0, i32 %j2_0_i_cast7

ST_6: b_21_addr (295)  [1/1] 0.00ns  loc: Downloads/hls/mmult.h:152->Downloads/hls/mmult_accel.cpp:27
.preheader7.i:33  %b_21_addr = getelementptr [32 x float]* %b_21, i32 0, i32 %j2_0_i_cast7

ST_6: b_22_addr (296)  [1/1] 0.00ns  loc: Downloads/hls/mmult.h:152->Downloads/hls/mmult_accel.cpp:27
.preheader7.i:34  %b_22_addr = getelementptr [32 x float]* %b_22, i32 0, i32 %j2_0_i_cast7

ST_6: b_23_addr (297)  [1/1] 0.00ns  loc: Downloads/hls/mmult.h:152->Downloads/hls/mmult_accel.cpp:27
.preheader7.i:35  %b_23_addr = getelementptr [32 x float]* %b_23, i32 0, i32 %j2_0_i_cast7

ST_6: b_24_addr (298)  [1/1] 0.00ns  loc: Downloads/hls/mmult.h:152->Downloads/hls/mmult_accel.cpp:27
.preheader7.i:36  %b_24_addr = getelementptr [32 x float]* %b_24, i32 0, i32 %j2_0_i_cast7

ST_6: b_25_addr (299)  [1/1] 0.00ns  loc: Downloads/hls/mmult.h:152->Downloads/hls/mmult_accel.cpp:27
.preheader7.i:37  %b_25_addr = getelementptr [32 x float]* %b_25, i32 0, i32 %j2_0_i_cast7

ST_6: b_26_addr (300)  [1/1] 0.00ns  loc: Downloads/hls/mmult.h:152->Downloads/hls/mmult_accel.cpp:27
.preheader7.i:38  %b_26_addr = getelementptr [32 x float]* %b_26, i32 0, i32 %j2_0_i_cast7

ST_6: b_27_addr (301)  [1/1] 0.00ns  loc: Downloads/hls/mmult.h:152->Downloads/hls/mmult_accel.cpp:27
.preheader7.i:39  %b_27_addr = getelementptr [32 x float]* %b_27, i32 0, i32 %j2_0_i_cast7

ST_6: b_28_addr (302)  [1/1] 0.00ns  loc: Downloads/hls/mmult.h:152->Downloads/hls/mmult_accel.cpp:27
.preheader7.i:40  %b_28_addr = getelementptr [32 x float]* %b_28, i32 0, i32 %j2_0_i_cast7

ST_6: b_29_addr (303)  [1/1] 0.00ns  loc: Downloads/hls/mmult.h:152->Downloads/hls/mmult_accel.cpp:27
.preheader7.i:41  %b_29_addr = getelementptr [32 x float]* %b_29, i32 0, i32 %j2_0_i_cast7

ST_6: b_30_addr (304)  [1/1] 0.00ns  loc: Downloads/hls/mmult.h:152->Downloads/hls/mmult_accel.cpp:27
.preheader7.i:42  %b_30_addr = getelementptr [32 x float]* %b_30, i32 0, i32 %j2_0_i_cast7

ST_6: b_31_addr (305)  [1/1] 0.00ns  loc: Downloads/hls/mmult.h:152->Downloads/hls/mmult_accel.cpp:27
.preheader7.i:43  %b_31_addr = getelementptr [32 x float]* %b_31, i32 0, i32 %j2_0_i_cast7

ST_6: StgValue_438 (308)  [1/1] 2.71ns  loc: Downloads/hls/mmult.h:152->Downloads/hls/mmult_accel.cpp:27
branch62:0  store float %ret_1, float* %b_30_addr, align 4

ST_6: StgValue_439 (309)  [1/1] 0.00ns  loc: Downloads/hls/mmult.h:152->Downloads/hls/mmult_accel.cpp:27
branch62:1  br label %2

ST_6: StgValue_440 (311)  [1/1] 2.71ns  loc: Downloads/hls/mmult.h:152->Downloads/hls/mmult_accel.cpp:27
branch61:0  store float %ret_1, float* %b_29_addr, align 4

ST_6: StgValue_441 (312)  [1/1] 0.00ns  loc: Downloads/hls/mmult.h:152->Downloads/hls/mmult_accel.cpp:27
branch61:1  br label %2

ST_6: StgValue_442 (314)  [1/1] 2.71ns  loc: Downloads/hls/mmult.h:152->Downloads/hls/mmult_accel.cpp:27
branch60:0  store float %ret_1, float* %b_28_addr, align 4

ST_6: StgValue_443 (315)  [1/1] 0.00ns  loc: Downloads/hls/mmult.h:152->Downloads/hls/mmult_accel.cpp:27
branch60:1  br label %2

ST_6: StgValue_444 (317)  [1/1] 2.71ns  loc: Downloads/hls/mmult.h:152->Downloads/hls/mmult_accel.cpp:27
branch59:0  store float %ret_1, float* %b_27_addr, align 4

ST_6: StgValue_445 (318)  [1/1] 0.00ns  loc: Downloads/hls/mmult.h:152->Downloads/hls/mmult_accel.cpp:27
branch59:1  br label %2

ST_6: StgValue_446 (320)  [1/1] 2.71ns  loc: Downloads/hls/mmult.h:152->Downloads/hls/mmult_accel.cpp:27
branch58:0  store float %ret_1, float* %b_26_addr, align 4

ST_6: StgValue_447 (321)  [1/1] 0.00ns  loc: Downloads/hls/mmult.h:152->Downloads/hls/mmult_accel.cpp:27
branch58:1  br label %2

ST_6: StgValue_448 (323)  [1/1] 2.71ns  loc: Downloads/hls/mmult.h:152->Downloads/hls/mmult_accel.cpp:27
branch57:0  store float %ret_1, float* %b_25_addr, align 4

ST_6: StgValue_449 (324)  [1/1] 0.00ns  loc: Downloads/hls/mmult.h:152->Downloads/hls/mmult_accel.cpp:27
branch57:1  br label %2

ST_6: StgValue_450 (326)  [1/1] 2.71ns  loc: Downloads/hls/mmult.h:152->Downloads/hls/mmult_accel.cpp:27
branch56:0  store float %ret_1, float* %b_24_addr, align 4

ST_6: StgValue_451 (327)  [1/1] 0.00ns  loc: Downloads/hls/mmult.h:152->Downloads/hls/mmult_accel.cpp:27
branch56:1  br label %2

ST_6: StgValue_452 (329)  [1/1] 2.71ns  loc: Downloads/hls/mmult.h:152->Downloads/hls/mmult_accel.cpp:27
branch55:0  store float %ret_1, float* %b_23_addr, align 4

ST_6: StgValue_453 (330)  [1/1] 0.00ns  loc: Downloads/hls/mmult.h:152->Downloads/hls/mmult_accel.cpp:27
branch55:1  br label %2

ST_6: StgValue_454 (332)  [1/1] 2.71ns  loc: Downloads/hls/mmult.h:152->Downloads/hls/mmult_accel.cpp:27
branch54:0  store float %ret_1, float* %b_22_addr, align 4

ST_6: StgValue_455 (333)  [1/1] 0.00ns  loc: Downloads/hls/mmult.h:152->Downloads/hls/mmult_accel.cpp:27
branch54:1  br label %2

ST_6: StgValue_456 (335)  [1/1] 2.71ns  loc: Downloads/hls/mmult.h:152->Downloads/hls/mmult_accel.cpp:27
branch53:0  store float %ret_1, float* %b_21_addr, align 4

ST_6: StgValue_457 (336)  [1/1] 0.00ns  loc: Downloads/hls/mmult.h:152->Downloads/hls/mmult_accel.cpp:27
branch53:1  br label %2

ST_6: StgValue_458 (338)  [1/1] 2.71ns  loc: Downloads/hls/mmult.h:152->Downloads/hls/mmult_accel.cpp:27
branch52:0  store float %ret_1, float* %b_20_addr, align 4

ST_6: StgValue_459 (339)  [1/1] 0.00ns  loc: Downloads/hls/mmult.h:152->Downloads/hls/mmult_accel.cpp:27
branch52:1  br label %2

ST_6: StgValue_460 (341)  [1/1] 2.71ns  loc: Downloads/hls/mmult.h:152->Downloads/hls/mmult_accel.cpp:27
branch51:0  store float %ret_1, float* %b_19_addr, align 4

ST_6: StgValue_461 (342)  [1/1] 0.00ns  loc: Downloads/hls/mmult.h:152->Downloads/hls/mmult_accel.cpp:27
branch51:1  br label %2

ST_6: StgValue_462 (344)  [1/1] 2.71ns  loc: Downloads/hls/mmult.h:152->Downloads/hls/mmult_accel.cpp:27
branch50:0  store float %ret_1, float* %b_18_addr, align 4

ST_6: StgValue_463 (345)  [1/1] 0.00ns  loc: Downloads/hls/mmult.h:152->Downloads/hls/mmult_accel.cpp:27
branch50:1  br label %2

ST_6: StgValue_464 (347)  [1/1] 2.71ns  loc: Downloads/hls/mmult.h:152->Downloads/hls/mmult_accel.cpp:27
branch49:0  store float %ret_1, float* %b_17_addr, align 4

ST_6: StgValue_465 (348)  [1/1] 0.00ns  loc: Downloads/hls/mmult.h:152->Downloads/hls/mmult_accel.cpp:27
branch49:1  br label %2

ST_6: StgValue_466 (350)  [1/1] 2.71ns  loc: Downloads/hls/mmult.h:152->Downloads/hls/mmult_accel.cpp:27
branch48:0  store float %ret_1, float* %b_16_addr, align 4

ST_6: StgValue_467 (351)  [1/1] 0.00ns  loc: Downloads/hls/mmult.h:152->Downloads/hls/mmult_accel.cpp:27
branch48:1  br label %2

ST_6: StgValue_468 (353)  [1/1] 2.71ns  loc: Downloads/hls/mmult.h:152->Downloads/hls/mmult_accel.cpp:27
branch47:0  store float %ret_1, float* %b_15_addr, align 4

ST_6: StgValue_469 (354)  [1/1] 0.00ns  loc: Downloads/hls/mmult.h:152->Downloads/hls/mmult_accel.cpp:27
branch47:1  br label %2

ST_6: StgValue_470 (356)  [1/1] 2.71ns  loc: Downloads/hls/mmult.h:152->Downloads/hls/mmult_accel.cpp:27
branch46:0  store float %ret_1, float* %b_14_addr, align 4

ST_6: StgValue_471 (357)  [1/1] 0.00ns  loc: Downloads/hls/mmult.h:152->Downloads/hls/mmult_accel.cpp:27
branch46:1  br label %2

ST_6: StgValue_472 (359)  [1/1] 2.71ns  loc: Downloads/hls/mmult.h:152->Downloads/hls/mmult_accel.cpp:27
branch45:0  store float %ret_1, float* %b_13_addr, align 4

ST_6: StgValue_473 (360)  [1/1] 0.00ns  loc: Downloads/hls/mmult.h:152->Downloads/hls/mmult_accel.cpp:27
branch45:1  br label %2

ST_6: StgValue_474 (362)  [1/1] 2.71ns  loc: Downloads/hls/mmult.h:152->Downloads/hls/mmult_accel.cpp:27
branch44:0  store float %ret_1, float* %b_12_addr, align 4

ST_6: StgValue_475 (363)  [1/1] 0.00ns  loc: Downloads/hls/mmult.h:152->Downloads/hls/mmult_accel.cpp:27
branch44:1  br label %2

ST_6: StgValue_476 (365)  [1/1] 2.71ns  loc: Downloads/hls/mmult.h:152->Downloads/hls/mmult_accel.cpp:27
branch43:0  store float %ret_1, float* %b_11_addr, align 4

ST_6: StgValue_477 (366)  [1/1] 0.00ns  loc: Downloads/hls/mmult.h:152->Downloads/hls/mmult_accel.cpp:27
branch43:1  br label %2

ST_6: StgValue_478 (368)  [1/1] 2.71ns  loc: Downloads/hls/mmult.h:152->Downloads/hls/mmult_accel.cpp:27
branch42:0  store float %ret_1, float* %b_10_addr, align 4

ST_6: StgValue_479 (369)  [1/1] 0.00ns  loc: Downloads/hls/mmult.h:152->Downloads/hls/mmult_accel.cpp:27
branch42:1  br label %2

ST_6: StgValue_480 (371)  [1/1] 2.71ns  loc: Downloads/hls/mmult.h:152->Downloads/hls/mmult_accel.cpp:27
branch41:0  store float %ret_1, float* %b_9_addr, align 4

ST_6: StgValue_481 (372)  [1/1] 0.00ns  loc: Downloads/hls/mmult.h:152->Downloads/hls/mmult_accel.cpp:27
branch41:1  br label %2

ST_6: StgValue_482 (374)  [1/1] 2.71ns  loc: Downloads/hls/mmult.h:152->Downloads/hls/mmult_accel.cpp:27
branch40:0  store float %ret_1, float* %b_8_addr, align 4

ST_6: StgValue_483 (375)  [1/1] 0.00ns  loc: Downloads/hls/mmult.h:152->Downloads/hls/mmult_accel.cpp:27
branch40:1  br label %2

ST_6: StgValue_484 (377)  [1/1] 2.71ns  loc: Downloads/hls/mmult.h:152->Downloads/hls/mmult_accel.cpp:27
branch39:0  store float %ret_1, float* %b_7_addr, align 4

ST_6: StgValue_485 (378)  [1/1] 0.00ns  loc: Downloads/hls/mmult.h:152->Downloads/hls/mmult_accel.cpp:27
branch39:1  br label %2

ST_6: StgValue_486 (380)  [1/1] 2.71ns  loc: Downloads/hls/mmult.h:152->Downloads/hls/mmult_accel.cpp:27
branch38:0  store float %ret_1, float* %b_6_addr, align 4

ST_6: StgValue_487 (381)  [1/1] 0.00ns  loc: Downloads/hls/mmult.h:152->Downloads/hls/mmult_accel.cpp:27
branch38:1  br label %2

ST_6: StgValue_488 (383)  [1/1] 2.71ns  loc: Downloads/hls/mmult.h:152->Downloads/hls/mmult_accel.cpp:27
branch37:0  store float %ret_1, float* %b_5_addr, align 4

ST_6: StgValue_489 (384)  [1/1] 0.00ns  loc: Downloads/hls/mmult.h:152->Downloads/hls/mmult_accel.cpp:27
branch37:1  br label %2

ST_6: StgValue_490 (386)  [1/1] 2.71ns  loc: Downloads/hls/mmult.h:152->Downloads/hls/mmult_accel.cpp:27
branch36:0  store float %ret_1, float* %b_4_addr, align 4

ST_6: StgValue_491 (387)  [1/1] 0.00ns  loc: Downloads/hls/mmult.h:152->Downloads/hls/mmult_accel.cpp:27
branch36:1  br label %2

ST_6: StgValue_492 (389)  [1/1] 2.71ns  loc: Downloads/hls/mmult.h:152->Downloads/hls/mmult_accel.cpp:27
branch35:0  store float %ret_1, float* %b_3_addr, align 4

ST_6: StgValue_493 (390)  [1/1] 0.00ns  loc: Downloads/hls/mmult.h:152->Downloads/hls/mmult_accel.cpp:27
branch35:1  br label %2

ST_6: StgValue_494 (392)  [1/1] 2.71ns  loc: Downloads/hls/mmult.h:152->Downloads/hls/mmult_accel.cpp:27
branch34:0  store float %ret_1, float* %b_2_addr, align 4

ST_6: StgValue_495 (393)  [1/1] 0.00ns  loc: Downloads/hls/mmult.h:152->Downloads/hls/mmult_accel.cpp:27
branch34:1  br label %2

ST_6: StgValue_496 (395)  [1/1] 2.71ns  loc: Downloads/hls/mmult.h:152->Downloads/hls/mmult_accel.cpp:27
branch33:0  store float %ret_1, float* %b_1_addr, align 4

ST_6: StgValue_497 (396)  [1/1] 0.00ns  loc: Downloads/hls/mmult.h:152->Downloads/hls/mmult_accel.cpp:27
branch33:1  br label %2

ST_6: StgValue_498 (398)  [1/1] 2.71ns  loc: Downloads/hls/mmult.h:152->Downloads/hls/mmult_accel.cpp:27
branch32:0  store float %ret_1, float* %b_0_addr, align 4

ST_6: StgValue_499 (399)  [1/1] 0.00ns  loc: Downloads/hls/mmult.h:152->Downloads/hls/mmult_accel.cpp:27
branch32:1  br label %2

ST_6: StgValue_500 (401)  [1/1] 2.71ns  loc: Downloads/hls/mmult.h:152->Downloads/hls/mmult_accel.cpp:27
branch63:0  store float %ret_1, float* %b_31_addr, align 4

ST_6: StgValue_501 (402)  [1/1] 0.00ns  loc: Downloads/hls/mmult.h:152->Downloads/hls/mmult_accel.cpp:27
branch63:1  br label %2


 <State 7>: 1.57ns
ST_7: StgValue_502 (408)  [1/1] 1.57ns
.preheader.preheader.preheader:0  br label %.preheader.preheader


 <State 8>: 6.02ns
ST_8: indvar_flatten2 (410)  [1/1] 0.00ns
.preheader.preheader:0  %indvar_flatten2 = phi i11 [ %indvar_flatten_next1, %.preheader ], [ 0, %.preheader.preheader.preheader ]

ST_8: ia_0_i_i (411)  [1/1] 0.00ns  loc: Downloads/hls/mmult.h:51->Downloads/hls/mmult.h:156->Downloads/hls/mmult_accel.cpp:27
.preheader.preheader:1  %ia_0_i_i = phi i6 [ %p_v, %.preheader ], [ 0, %.preheader.preheader.preheader ]

ST_8: ib_0_i_i (412)  [1/1] 0.00ns
.preheader.preheader:2  %ib_0_i_i = phi i6 [ %ib, %.preheader ], [ 0, %.preheader.preheader.preheader ]

ST_8: exitcond_flatten2 (413)  [1/1] 2.11ns
.preheader.preheader:3  %exitcond_flatten2 = icmp eq i11 %indvar_flatten2, -1024

ST_8: indvar_flatten_next1 (414)  [1/1] 1.84ns
.preheader.preheader:4  %indvar_flatten_next1 = add i11 %indvar_flatten2, 1

ST_8: StgValue_508 (415)  [1/1] 0.00ns
.preheader.preheader:5  br i1 %exitcond_flatten2, label %.preheader.i.preheader, label %.preheader

ST_8: ia (417)  [1/1] 1.72ns  loc: Downloads/hls/mmult.h:51->Downloads/hls/mmult.h:156->Downloads/hls/mmult_accel.cpp:27
.preheader:0  %ia = add i6 %ia_0_i_i, 1

ST_8: exitcond1_i_i (420)  [1/1] 1.94ns  loc: Downloads/hls/mmult.h:54->Downloads/hls/mmult.h:156->Downloads/hls/mmult_accel.cpp:27
.preheader:3  %exitcond1_i_i = icmp eq i6 %ib_0_i_i, -32

ST_8: ib_0_i_i_mid2 (421)  [1/1] 1.37ns  loc: Downloads/hls/mmult.h:54->Downloads/hls/mmult.h:156->Downloads/hls/mmult_accel.cpp:27
.preheader:4  %ib_0_i_i_mid2 = select i1 %exitcond1_i_i, i6 0, i6 %ib_0_i_i

ST_8: p_v (422)  [1/1] 1.37ns  loc: Downloads/hls/mmult.h:51->Downloads/hls/mmult.h:156->Downloads/hls/mmult_accel.cpp:27
.preheader:5  %p_v = select i1 %exitcond1_i_i, i6 %ia, i6 %ia_0_i_i

ST_8: a_0_load_mid2 (425)  [1/1] 0.00ns  loc: Downloads/hls/mmult.h:60->Downloads/hls/mmult.h:156->Downloads/hls/mmult_accel.cpp:27
.preheader:8  %a_0_load_mid2 = zext i6 %p_v to i32

ST_8: a_0_addr_1 (426)  [1/1] 0.00ns  loc: Downloads/hls/mmult.h:60->Downloads/hls/mmult.h:156->Downloads/hls/mmult_accel.cpp:27
.preheader:9  %a_0_addr_1 = getelementptr [32 x float]* %a_0, i32 0, i32 %a_0_load_mid2

ST_8: a_0_load (427)  [2/2] 2.71ns  loc: Downloads/hls/mmult.h:60->Downloads/hls/mmult.h:156->Downloads/hls/mmult_accel.cpp:27
.preheader:10  %a_0_load = load float* %a_0_addr_1, align 4

ST_8: ib_0_i_i_cast5 (490)  [1/1] 0.00ns  loc: Downloads/hls/mmult.h:54->Downloads/hls/mmult.h:156->Downloads/hls/mmult_accel.cpp:27
.preheader:73  %ib_0_i_i_cast5 = zext i6 %ib_0_i_i_mid2 to i32

ST_8: b_0_addr_1 (498)  [1/1] 0.00ns  loc: Downloads/hls/mmult.h:54->Downloads/hls/mmult.h:156->Downloads/hls/mmult_accel.cpp:27
.preheader:81  %b_0_addr_1 = getelementptr [32 x float]* %b_0, i32 0, i32 %ib_0_i_i_cast5

ST_8: b_0_load (499)  [2/2] 2.71ns  loc: Downloads/hls/mmult.h:60->Downloads/hls/mmult.h:156->Downloads/hls/mmult_accel.cpp:27
.preheader:82  %b_0_load = load float* %b_0_addr_1, align 4

ST_8: ib (628)  [1/1] 1.72ns  loc: Downloads/hls/mmult.h:54->Downloads/hls/mmult.h:156->Downloads/hls/mmult_accel.cpp:27
.preheader:211  %ib = add i6 %ib_0_i_i_mid2, 1


 <State 9>: 8.41ns
ST_9: a_0_load (427)  [1/2] 2.71ns  loc: Downloads/hls/mmult.h:60->Downloads/hls/mmult.h:156->Downloads/hls/mmult_accel.cpp:27
.preheader:10  %a_0_load = load float* %a_0_addr_1, align 4

ST_9: b_0_load (499)  [1/2] 2.71ns  loc: Downloads/hls/mmult.h:60->Downloads/hls/mmult.h:156->Downloads/hls/mmult_accel.cpp:27
.preheader:82  %b_0_load = load float* %b_0_addr_1, align 4

ST_9: tmp_s (500)  [4/4] 5.70ns  loc: Downloads/hls/mmult.h:60->Downloads/hls/mmult.h:156->Downloads/hls/mmult_accel.cpp:27
.preheader:83  %tmp_s = fmul float %a_0_load, %b_0_load


 <State 10>: 5.70ns
ST_10: tmp_s (500)  [3/4] 5.70ns  loc: Downloads/hls/mmult.h:60->Downloads/hls/mmult.h:156->Downloads/hls/mmult_accel.cpp:27
.preheader:83  %tmp_s = fmul float %a_0_load, %b_0_load


 <State 11>: 5.70ns
ST_11: tmp_s (500)  [2/4] 5.70ns  loc: Downloads/hls/mmult.h:60->Downloads/hls/mmult.h:156->Downloads/hls/mmult_accel.cpp:27
.preheader:83  %tmp_s = fmul float %a_0_load, %b_0_load


 <State 12>: 5.70ns
ST_12: tmp_s (500)  [1/4] 5.70ns  loc: Downloads/hls/mmult.h:60->Downloads/hls/mmult.h:156->Downloads/hls/mmult_accel.cpp:27
.preheader:83  %tmp_s = fmul float %a_0_load, %b_0_load


 <State 13>: 7.26ns
ST_13: a_1_addr_1 (428)  [1/1] 0.00ns  loc: Downloads/hls/mmult.h:60->Downloads/hls/mmult.h:156->Downloads/hls/mmult_accel.cpp:27
.preheader:11  %a_1_addr_1 = getelementptr [32 x float]* %a_1, i32 0, i32 %a_0_load_mid2

ST_13: a_1_load (429)  [2/2] 2.71ns  loc: Downloads/hls/mmult.h:60->Downloads/hls/mmult.h:156->Downloads/hls/mmult_accel.cpp:27
.preheader:12  %a_1_load = load float* %a_1_addr_1, align 4

ST_13: sum (501)  [5/5] 7.26ns  loc: Downloads/hls/mmult.h:60->Downloads/hls/mmult.h:156->Downloads/hls/mmult_accel.cpp:27
.preheader:84  %sum = fadd float %tmp_s, 0.000000e+00

ST_13: b_1_addr_1 (502)  [1/1] 0.00ns  loc: Downloads/hls/mmult.h:54->Downloads/hls/mmult.h:156->Downloads/hls/mmult_accel.cpp:27
.preheader:85  %b_1_addr_1 = getelementptr [32 x float]* %b_1, i32 0, i32 %ib_0_i_i_cast5

ST_13: b_1_load (503)  [2/2] 2.71ns  loc: Downloads/hls/mmult.h:60->Downloads/hls/mmult.h:156->Downloads/hls/mmult_accel.cpp:27
.preheader:86  %b_1_load = load float* %b_1_addr_1, align 4


 <State 14>: 8.41ns
ST_14: a_1_load (429)  [1/2] 2.71ns  loc: Downloads/hls/mmult.h:60->Downloads/hls/mmult.h:156->Downloads/hls/mmult_accel.cpp:27
.preheader:12  %a_1_load = load float* %a_1_addr_1, align 4

ST_14: sum (501)  [4/5] 7.26ns  loc: Downloads/hls/mmult.h:60->Downloads/hls/mmult.h:156->Downloads/hls/mmult_accel.cpp:27
.preheader:84  %sum = fadd float %tmp_s, 0.000000e+00

ST_14: b_1_load (503)  [1/2] 2.71ns  loc: Downloads/hls/mmult.h:60->Downloads/hls/mmult.h:156->Downloads/hls/mmult_accel.cpp:27
.preheader:86  %b_1_load = load float* %b_1_addr_1, align 4

ST_14: tmp_1_21 (504)  [4/4] 5.70ns  loc: Downloads/hls/mmult.h:60->Downloads/hls/mmult.h:156->Downloads/hls/mmult_accel.cpp:27
.preheader:87  %tmp_1_21 = fmul float %a_1_load, %b_1_load


 <State 15>: 7.26ns
ST_15: sum (501)  [3/5] 7.26ns  loc: Downloads/hls/mmult.h:60->Downloads/hls/mmult.h:156->Downloads/hls/mmult_accel.cpp:27
.preheader:84  %sum = fadd float %tmp_s, 0.000000e+00

ST_15: tmp_1_21 (504)  [3/4] 5.70ns  loc: Downloads/hls/mmult.h:60->Downloads/hls/mmult.h:156->Downloads/hls/mmult_accel.cpp:27
.preheader:87  %tmp_1_21 = fmul float %a_1_load, %b_1_load


 <State 16>: 7.26ns
ST_16: sum (501)  [2/5] 7.26ns  loc: Downloads/hls/mmult.h:60->Downloads/hls/mmult.h:156->Downloads/hls/mmult_accel.cpp:27
.preheader:84  %sum = fadd float %tmp_s, 0.000000e+00

ST_16: tmp_1_21 (504)  [2/4] 5.70ns  loc: Downloads/hls/mmult.h:60->Downloads/hls/mmult.h:156->Downloads/hls/mmult_accel.cpp:27
.preheader:87  %tmp_1_21 = fmul float %a_1_load, %b_1_load


 <State 17>: 7.26ns
ST_17: sum (501)  [1/5] 7.26ns  loc: Downloads/hls/mmult.h:60->Downloads/hls/mmult.h:156->Downloads/hls/mmult_accel.cpp:27
.preheader:84  %sum = fadd float %tmp_s, 0.000000e+00

ST_17: tmp_1_21 (504)  [1/4] 5.70ns  loc: Downloads/hls/mmult.h:60->Downloads/hls/mmult.h:156->Downloads/hls/mmult_accel.cpp:27
.preheader:87  %tmp_1_21 = fmul float %a_1_load, %b_1_load


 <State 18>: 7.26ns
ST_18: a_2_addr_1 (430)  [1/1] 0.00ns  loc: Downloads/hls/mmult.h:60->Downloads/hls/mmult.h:156->Downloads/hls/mmult_accel.cpp:27
.preheader:13  %a_2_addr_1 = getelementptr [32 x float]* %a_2, i32 0, i32 %a_0_load_mid2

ST_18: a_2_load (431)  [2/2] 2.71ns  loc: Downloads/hls/mmult.h:60->Downloads/hls/mmult.h:156->Downloads/hls/mmult_accel.cpp:27
.preheader:14  %a_2_load = load float* %a_2_addr_1, align 4

ST_18: sum_1 (505)  [5/5] 7.26ns  loc: Downloads/hls/mmult.h:60->Downloads/hls/mmult.h:156->Downloads/hls/mmult_accel.cpp:27
.preheader:88  %sum_1 = fadd float %sum, %tmp_1_21

ST_18: b_2_addr_1 (506)  [1/1] 0.00ns  loc: Downloads/hls/mmult.h:54->Downloads/hls/mmult.h:156->Downloads/hls/mmult_accel.cpp:27
.preheader:89  %b_2_addr_1 = getelementptr [32 x float]* %b_2, i32 0, i32 %ib_0_i_i_cast5

ST_18: b_2_load (507)  [2/2] 2.71ns  loc: Downloads/hls/mmult.h:60->Downloads/hls/mmult.h:156->Downloads/hls/mmult_accel.cpp:27
.preheader:90  %b_2_load = load float* %b_2_addr_1, align 4


 <State 19>: 8.41ns
ST_19: a_2_load (431)  [1/2] 2.71ns  loc: Downloads/hls/mmult.h:60->Downloads/hls/mmult.h:156->Downloads/hls/mmult_accel.cpp:27
.preheader:14  %a_2_load = load float* %a_2_addr_1, align 4

ST_19: sum_1 (505)  [4/5] 7.26ns  loc: Downloads/hls/mmult.h:60->Downloads/hls/mmult.h:156->Downloads/hls/mmult_accel.cpp:27
.preheader:88  %sum_1 = fadd float %sum, %tmp_1_21

ST_19: b_2_load (507)  [1/2] 2.71ns  loc: Downloads/hls/mmult.h:60->Downloads/hls/mmult.h:156->Downloads/hls/mmult_accel.cpp:27
.preheader:90  %b_2_load = load float* %b_2_addr_1, align 4

ST_19: tmp_2_22 (508)  [4/4] 5.70ns  loc: Downloads/hls/mmult.h:60->Downloads/hls/mmult.h:156->Downloads/hls/mmult_accel.cpp:27
.preheader:91  %tmp_2_22 = fmul float %a_2_load, %b_2_load


 <State 20>: 7.26ns
ST_20: sum_1 (505)  [3/5] 7.26ns  loc: Downloads/hls/mmult.h:60->Downloads/hls/mmult.h:156->Downloads/hls/mmult_accel.cpp:27
.preheader:88  %sum_1 = fadd float %sum, %tmp_1_21

ST_20: tmp_2_22 (508)  [3/4] 5.70ns  loc: Downloads/hls/mmult.h:60->Downloads/hls/mmult.h:156->Downloads/hls/mmult_accel.cpp:27
.preheader:91  %tmp_2_22 = fmul float %a_2_load, %b_2_load


 <State 21>: 7.26ns
ST_21: sum_1 (505)  [2/5] 7.26ns  loc: Downloads/hls/mmult.h:60->Downloads/hls/mmult.h:156->Downloads/hls/mmult_accel.cpp:27
.preheader:88  %sum_1 = fadd float %sum, %tmp_1_21

ST_21: tmp_2_22 (508)  [2/4] 5.70ns  loc: Downloads/hls/mmult.h:60->Downloads/hls/mmult.h:156->Downloads/hls/mmult_accel.cpp:27
.preheader:91  %tmp_2_22 = fmul float %a_2_load, %b_2_load


 <State 22>: 7.26ns
ST_22: sum_1 (505)  [1/5] 7.26ns  loc: Downloads/hls/mmult.h:60->Downloads/hls/mmult.h:156->Downloads/hls/mmult_accel.cpp:27
.preheader:88  %sum_1 = fadd float %sum, %tmp_1_21

ST_22: tmp_2_22 (508)  [1/4] 5.70ns  loc: Downloads/hls/mmult.h:60->Downloads/hls/mmult.h:156->Downloads/hls/mmult_accel.cpp:27
.preheader:91  %tmp_2_22 = fmul float %a_2_load, %b_2_load


 <State 23>: 7.26ns
ST_23: a_3_addr_1 (432)  [1/1] 0.00ns  loc: Downloads/hls/mmult.h:60->Downloads/hls/mmult.h:156->Downloads/hls/mmult_accel.cpp:27
.preheader:15  %a_3_addr_1 = getelementptr [32 x float]* %a_3, i32 0, i32 %a_0_load_mid2

ST_23: a_3_load (433)  [2/2] 2.71ns  loc: Downloads/hls/mmult.h:60->Downloads/hls/mmult.h:156->Downloads/hls/mmult_accel.cpp:27
.preheader:16  %a_3_load = load float* %a_3_addr_1, align 4

ST_23: sum_2 (509)  [5/5] 7.26ns  loc: Downloads/hls/mmult.h:60->Downloads/hls/mmult.h:156->Downloads/hls/mmult_accel.cpp:27
.preheader:92  %sum_2 = fadd float %sum_1, %tmp_2_22

ST_23: b_3_addr_1 (510)  [1/1] 0.00ns  loc: Downloads/hls/mmult.h:54->Downloads/hls/mmult.h:156->Downloads/hls/mmult_accel.cpp:27
.preheader:93  %b_3_addr_1 = getelementptr [32 x float]* %b_3, i32 0, i32 %ib_0_i_i_cast5

ST_23: b_3_load (511)  [2/2] 2.71ns  loc: Downloads/hls/mmult.h:60->Downloads/hls/mmult.h:156->Downloads/hls/mmult_accel.cpp:27
.preheader:94  %b_3_load = load float* %b_3_addr_1, align 4


 <State 24>: 8.41ns
ST_24: a_3_load (433)  [1/2] 2.71ns  loc: Downloads/hls/mmult.h:60->Downloads/hls/mmult.h:156->Downloads/hls/mmult_accel.cpp:27
.preheader:16  %a_3_load = load float* %a_3_addr_1, align 4

ST_24: sum_2 (509)  [4/5] 7.26ns  loc: Downloads/hls/mmult.h:60->Downloads/hls/mmult.h:156->Downloads/hls/mmult_accel.cpp:27
.preheader:92  %sum_2 = fadd float %sum_1, %tmp_2_22

ST_24: b_3_load (511)  [1/2] 2.71ns  loc: Downloads/hls/mmult.h:60->Downloads/hls/mmult.h:156->Downloads/hls/mmult_accel.cpp:27
.preheader:94  %b_3_load = load float* %b_3_addr_1, align 4

ST_24: tmp_3_23 (512)  [4/4] 5.70ns  loc: Downloads/hls/mmult.h:60->Downloads/hls/mmult.h:156->Downloads/hls/mmult_accel.cpp:27
.preheader:95  %tmp_3_23 = fmul float %a_3_load, %b_3_load


 <State 25>: 7.26ns
ST_25: sum_2 (509)  [3/5] 7.26ns  loc: Downloads/hls/mmult.h:60->Downloads/hls/mmult.h:156->Downloads/hls/mmult_accel.cpp:27
.preheader:92  %sum_2 = fadd float %sum_1, %tmp_2_22

ST_25: tmp_3_23 (512)  [3/4] 5.70ns  loc: Downloads/hls/mmult.h:60->Downloads/hls/mmult.h:156->Downloads/hls/mmult_accel.cpp:27
.preheader:95  %tmp_3_23 = fmul float %a_3_load, %b_3_load


 <State 26>: 7.26ns
ST_26: sum_2 (509)  [2/5] 7.26ns  loc: Downloads/hls/mmult.h:60->Downloads/hls/mmult.h:156->Downloads/hls/mmult_accel.cpp:27
.preheader:92  %sum_2 = fadd float %sum_1, %tmp_2_22

ST_26: tmp_3_23 (512)  [2/4] 5.70ns  loc: Downloads/hls/mmult.h:60->Downloads/hls/mmult.h:156->Downloads/hls/mmult_accel.cpp:27
.preheader:95  %tmp_3_23 = fmul float %a_3_load, %b_3_load


 <State 27>: 7.26ns
ST_27: sum_2 (509)  [1/5] 7.26ns  loc: Downloads/hls/mmult.h:60->Downloads/hls/mmult.h:156->Downloads/hls/mmult_accel.cpp:27
.preheader:92  %sum_2 = fadd float %sum_1, %tmp_2_22

ST_27: tmp_3_23 (512)  [1/4] 5.70ns  loc: Downloads/hls/mmult.h:60->Downloads/hls/mmult.h:156->Downloads/hls/mmult_accel.cpp:27
.preheader:95  %tmp_3_23 = fmul float %a_3_load, %b_3_load


 <State 28>: 7.26ns
ST_28: a_4_addr_1 (434)  [1/1] 0.00ns  loc: Downloads/hls/mmult.h:60->Downloads/hls/mmult.h:156->Downloads/hls/mmult_accel.cpp:27
.preheader:17  %a_4_addr_1 = getelementptr [32 x float]* %a_4, i32 0, i32 %a_0_load_mid2

ST_28: a_4_load (435)  [2/2] 2.71ns  loc: Downloads/hls/mmult.h:60->Downloads/hls/mmult.h:156->Downloads/hls/mmult_accel.cpp:27
.preheader:18  %a_4_load = load float* %a_4_addr_1, align 4

ST_28: sum_3 (513)  [5/5] 7.26ns  loc: Downloads/hls/mmult.h:60->Downloads/hls/mmult.h:156->Downloads/hls/mmult_accel.cpp:27
.preheader:96  %sum_3 = fadd float %sum_2, %tmp_3_23

ST_28: b_4_addr_1 (514)  [1/1] 0.00ns  loc: Downloads/hls/mmult.h:54->Downloads/hls/mmult.h:156->Downloads/hls/mmult_accel.cpp:27
.preheader:97  %b_4_addr_1 = getelementptr [32 x float]* %b_4, i32 0, i32 %ib_0_i_i_cast5

ST_28: b_4_load (515)  [2/2] 2.71ns  loc: Downloads/hls/mmult.h:60->Downloads/hls/mmult.h:156->Downloads/hls/mmult_accel.cpp:27
.preheader:98  %b_4_load = load float* %b_4_addr_1, align 4


 <State 29>: 8.41ns
ST_29: a_4_load (435)  [1/2] 2.71ns  loc: Downloads/hls/mmult.h:60->Downloads/hls/mmult.h:156->Downloads/hls/mmult_accel.cpp:27
.preheader:18  %a_4_load = load float* %a_4_addr_1, align 4

ST_29: sum_3 (513)  [4/5] 7.26ns  loc: Downloads/hls/mmult.h:60->Downloads/hls/mmult.h:156->Downloads/hls/mmult_accel.cpp:27
.preheader:96  %sum_3 = fadd float %sum_2, %tmp_3_23

ST_29: b_4_load (515)  [1/2] 2.71ns  loc: Downloads/hls/mmult.h:60->Downloads/hls/mmult.h:156->Downloads/hls/mmult_accel.cpp:27
.preheader:98  %b_4_load = load float* %b_4_addr_1, align 4

ST_29: tmp_4_24 (516)  [4/4] 5.70ns  loc: Downloads/hls/mmult.h:60->Downloads/hls/mmult.h:156->Downloads/hls/mmult_accel.cpp:27
.preheader:99  %tmp_4_24 = fmul float %a_4_load, %b_4_load


 <State 30>: 7.26ns
ST_30: sum_3 (513)  [3/5] 7.26ns  loc: Downloads/hls/mmult.h:60->Downloads/hls/mmult.h:156->Downloads/hls/mmult_accel.cpp:27
.preheader:96  %sum_3 = fadd float %sum_2, %tmp_3_23

ST_30: tmp_4_24 (516)  [3/4] 5.70ns  loc: Downloads/hls/mmult.h:60->Downloads/hls/mmult.h:156->Downloads/hls/mmult_accel.cpp:27
.preheader:99  %tmp_4_24 = fmul float %a_4_load, %b_4_load


 <State 31>: 7.26ns
ST_31: sum_3 (513)  [2/5] 7.26ns  loc: Downloads/hls/mmult.h:60->Downloads/hls/mmult.h:156->Downloads/hls/mmult_accel.cpp:27
.preheader:96  %sum_3 = fadd float %sum_2, %tmp_3_23

ST_31: tmp_4_24 (516)  [2/4] 5.70ns  loc: Downloads/hls/mmult.h:60->Downloads/hls/mmult.h:156->Downloads/hls/mmult_accel.cpp:27
.preheader:99  %tmp_4_24 = fmul float %a_4_load, %b_4_load


 <State 32>: 7.26ns
ST_32: sum_3 (513)  [1/5] 7.26ns  loc: Downloads/hls/mmult.h:60->Downloads/hls/mmult.h:156->Downloads/hls/mmult_accel.cpp:27
.preheader:96  %sum_3 = fadd float %sum_2, %tmp_3_23

ST_32: tmp_4_24 (516)  [1/4] 5.70ns  loc: Downloads/hls/mmult.h:60->Downloads/hls/mmult.h:156->Downloads/hls/mmult_accel.cpp:27
.preheader:99  %tmp_4_24 = fmul float %a_4_load, %b_4_load


 <State 33>: 7.26ns
ST_33: a_5_addr_1 (436)  [1/1] 0.00ns  loc: Downloads/hls/mmult.h:60->Downloads/hls/mmult.h:156->Downloads/hls/mmult_accel.cpp:27
.preheader:19  %a_5_addr_1 = getelementptr [32 x float]* %a_5, i32 0, i32 %a_0_load_mid2

ST_33: a_5_load (437)  [2/2] 2.71ns  loc: Downloads/hls/mmult.h:60->Downloads/hls/mmult.h:156->Downloads/hls/mmult_accel.cpp:27
.preheader:20  %a_5_load = load float* %a_5_addr_1, align 4

ST_33: sum_4 (517)  [5/5] 7.26ns  loc: Downloads/hls/mmult.h:60->Downloads/hls/mmult.h:156->Downloads/hls/mmult_accel.cpp:27
.preheader:100  %sum_4 = fadd float %sum_3, %tmp_4_24

ST_33: b_5_addr_1 (518)  [1/1] 0.00ns  loc: Downloads/hls/mmult.h:54->Downloads/hls/mmult.h:156->Downloads/hls/mmult_accel.cpp:27
.preheader:101  %b_5_addr_1 = getelementptr [32 x float]* %b_5, i32 0, i32 %ib_0_i_i_cast5

ST_33: b_5_load (519)  [2/2] 2.71ns  loc: Downloads/hls/mmult.h:60->Downloads/hls/mmult.h:156->Downloads/hls/mmult_accel.cpp:27
.preheader:102  %b_5_load = load float* %b_5_addr_1, align 4


 <State 34>: 8.41ns
ST_34: a_5_load (437)  [1/2] 2.71ns  loc: Downloads/hls/mmult.h:60->Downloads/hls/mmult.h:156->Downloads/hls/mmult_accel.cpp:27
.preheader:20  %a_5_load = load float* %a_5_addr_1, align 4

ST_34: sum_4 (517)  [4/5] 7.26ns  loc: Downloads/hls/mmult.h:60->Downloads/hls/mmult.h:156->Downloads/hls/mmult_accel.cpp:27
.preheader:100  %sum_4 = fadd float %sum_3, %tmp_4_24

ST_34: b_5_load (519)  [1/2] 2.71ns  loc: Downloads/hls/mmult.h:60->Downloads/hls/mmult.h:156->Downloads/hls/mmult_accel.cpp:27
.preheader:102  %b_5_load = load float* %b_5_addr_1, align 4

ST_34: tmp_5_25 (520)  [4/4] 5.70ns  loc: Downloads/hls/mmult.h:60->Downloads/hls/mmult.h:156->Downloads/hls/mmult_accel.cpp:27
.preheader:103  %tmp_5_25 = fmul float %a_5_load, %b_5_load


 <State 35>: 7.26ns
ST_35: sum_4 (517)  [3/5] 7.26ns  loc: Downloads/hls/mmult.h:60->Downloads/hls/mmult.h:156->Downloads/hls/mmult_accel.cpp:27
.preheader:100  %sum_4 = fadd float %sum_3, %tmp_4_24

ST_35: tmp_5_25 (520)  [3/4] 5.70ns  loc: Downloads/hls/mmult.h:60->Downloads/hls/mmult.h:156->Downloads/hls/mmult_accel.cpp:27
.preheader:103  %tmp_5_25 = fmul float %a_5_load, %b_5_load


 <State 36>: 7.26ns
ST_36: sum_4 (517)  [2/5] 7.26ns  loc: Downloads/hls/mmult.h:60->Downloads/hls/mmult.h:156->Downloads/hls/mmult_accel.cpp:27
.preheader:100  %sum_4 = fadd float %sum_3, %tmp_4_24

ST_36: tmp_5_25 (520)  [2/4] 5.70ns  loc: Downloads/hls/mmult.h:60->Downloads/hls/mmult.h:156->Downloads/hls/mmult_accel.cpp:27
.preheader:103  %tmp_5_25 = fmul float %a_5_load, %b_5_load


 <State 37>: 7.26ns
ST_37: sum_4 (517)  [1/5] 7.26ns  loc: Downloads/hls/mmult.h:60->Downloads/hls/mmult.h:156->Downloads/hls/mmult_accel.cpp:27
.preheader:100  %sum_4 = fadd float %sum_3, %tmp_4_24

ST_37: tmp_5_25 (520)  [1/4] 5.70ns  loc: Downloads/hls/mmult.h:60->Downloads/hls/mmult.h:156->Downloads/hls/mmult_accel.cpp:27
.preheader:103  %tmp_5_25 = fmul float %a_5_load, %b_5_load


 <State 38>: 7.26ns
ST_38: a_6_addr_1 (438)  [1/1] 0.00ns  loc: Downloads/hls/mmult.h:60->Downloads/hls/mmult.h:156->Downloads/hls/mmult_accel.cpp:27
.preheader:21  %a_6_addr_1 = getelementptr [32 x float]* %a_6, i32 0, i32 %a_0_load_mid2

ST_38: a_6_load (439)  [2/2] 2.71ns  loc: Downloads/hls/mmult.h:60->Downloads/hls/mmult.h:156->Downloads/hls/mmult_accel.cpp:27
.preheader:22  %a_6_load = load float* %a_6_addr_1, align 4

ST_38: sum_5 (521)  [5/5] 7.26ns  loc: Downloads/hls/mmult.h:60->Downloads/hls/mmult.h:156->Downloads/hls/mmult_accel.cpp:27
.preheader:104  %sum_5 = fadd float %sum_4, %tmp_5_25

ST_38: b_6_addr_1 (522)  [1/1] 0.00ns  loc: Downloads/hls/mmult.h:54->Downloads/hls/mmult.h:156->Downloads/hls/mmult_accel.cpp:27
.preheader:105  %b_6_addr_1 = getelementptr [32 x float]* %b_6, i32 0, i32 %ib_0_i_i_cast5

ST_38: b_6_load (523)  [2/2] 2.71ns  loc: Downloads/hls/mmult.h:60->Downloads/hls/mmult.h:156->Downloads/hls/mmult_accel.cpp:27
.preheader:106  %b_6_load = load float* %b_6_addr_1, align 4


 <State 39>: 8.41ns
ST_39: a_6_load (439)  [1/2] 2.71ns  loc: Downloads/hls/mmult.h:60->Downloads/hls/mmult.h:156->Downloads/hls/mmult_accel.cpp:27
.preheader:22  %a_6_load = load float* %a_6_addr_1, align 4

ST_39: sum_5 (521)  [4/5] 7.26ns  loc: Downloads/hls/mmult.h:60->Downloads/hls/mmult.h:156->Downloads/hls/mmult_accel.cpp:27
.preheader:104  %sum_5 = fadd float %sum_4, %tmp_5_25

ST_39: b_6_load (523)  [1/2] 2.71ns  loc: Downloads/hls/mmult.h:60->Downloads/hls/mmult.h:156->Downloads/hls/mmult_accel.cpp:27
.preheader:106  %b_6_load = load float* %b_6_addr_1, align 4

ST_39: tmp_6 (524)  [4/4] 5.70ns  loc: Downloads/hls/mmult.h:60->Downloads/hls/mmult.h:156->Downloads/hls/mmult_accel.cpp:27
.preheader:107  %tmp_6 = fmul float %a_6_load, %b_6_load


 <State 40>: 7.26ns
ST_40: sum_5 (521)  [3/5] 7.26ns  loc: Downloads/hls/mmult.h:60->Downloads/hls/mmult.h:156->Downloads/hls/mmult_accel.cpp:27
.preheader:104  %sum_5 = fadd float %sum_4, %tmp_5_25

ST_40: tmp_6 (524)  [3/4] 5.70ns  loc: Downloads/hls/mmult.h:60->Downloads/hls/mmult.h:156->Downloads/hls/mmult_accel.cpp:27
.preheader:107  %tmp_6 = fmul float %a_6_load, %b_6_load


 <State 41>: 7.26ns
ST_41: sum_5 (521)  [2/5] 7.26ns  loc: Downloads/hls/mmult.h:60->Downloads/hls/mmult.h:156->Downloads/hls/mmult_accel.cpp:27
.preheader:104  %sum_5 = fadd float %sum_4, %tmp_5_25

ST_41: tmp_6 (524)  [2/4] 5.70ns  loc: Downloads/hls/mmult.h:60->Downloads/hls/mmult.h:156->Downloads/hls/mmult_accel.cpp:27
.preheader:107  %tmp_6 = fmul float %a_6_load, %b_6_load


 <State 42>: 7.26ns
ST_42: sum_5 (521)  [1/5] 7.26ns  loc: Downloads/hls/mmult.h:60->Downloads/hls/mmult.h:156->Downloads/hls/mmult_accel.cpp:27
.preheader:104  %sum_5 = fadd float %sum_4, %tmp_5_25

ST_42: tmp_6 (524)  [1/4] 5.70ns  loc: Downloads/hls/mmult.h:60->Downloads/hls/mmult.h:156->Downloads/hls/mmult_accel.cpp:27
.preheader:107  %tmp_6 = fmul float %a_6_load, %b_6_load


 <State 43>: 7.26ns
ST_43: a_7_addr_1 (440)  [1/1] 0.00ns  loc: Downloads/hls/mmult.h:60->Downloads/hls/mmult.h:156->Downloads/hls/mmult_accel.cpp:27
.preheader:23  %a_7_addr_1 = getelementptr [32 x float]* %a_7, i32 0, i32 %a_0_load_mid2

ST_43: a_7_load (441)  [2/2] 2.71ns  loc: Downloads/hls/mmult.h:60->Downloads/hls/mmult.h:156->Downloads/hls/mmult_accel.cpp:27
.preheader:24  %a_7_load = load float* %a_7_addr_1, align 4

ST_43: sum_6 (525)  [5/5] 7.26ns  loc: Downloads/hls/mmult.h:60->Downloads/hls/mmult.h:156->Downloads/hls/mmult_accel.cpp:27
.preheader:108  %sum_6 = fadd float %sum_5, %tmp_6

ST_43: b_7_addr_1 (526)  [1/1] 0.00ns  loc: Downloads/hls/mmult.h:54->Downloads/hls/mmult.h:156->Downloads/hls/mmult_accel.cpp:27
.preheader:109  %b_7_addr_1 = getelementptr [32 x float]* %b_7, i32 0, i32 %ib_0_i_i_cast5

ST_43: b_7_load (527)  [2/2] 2.71ns  loc: Downloads/hls/mmult.h:60->Downloads/hls/mmult.h:156->Downloads/hls/mmult_accel.cpp:27
.preheader:110  %b_7_load = load float* %b_7_addr_1, align 4


 <State 44>: 8.41ns
ST_44: a_7_load (441)  [1/2] 2.71ns  loc: Downloads/hls/mmult.h:60->Downloads/hls/mmult.h:156->Downloads/hls/mmult_accel.cpp:27
.preheader:24  %a_7_load = load float* %a_7_addr_1, align 4

ST_44: sum_6 (525)  [4/5] 7.26ns  loc: Downloads/hls/mmult.h:60->Downloads/hls/mmult.h:156->Downloads/hls/mmult_accel.cpp:27
.preheader:108  %sum_6 = fadd float %sum_5, %tmp_6

ST_44: b_7_load (527)  [1/2] 2.71ns  loc: Downloads/hls/mmult.h:60->Downloads/hls/mmult.h:156->Downloads/hls/mmult_accel.cpp:27
.preheader:110  %b_7_load = load float* %b_7_addr_1, align 4

ST_44: tmp_7 (528)  [4/4] 5.70ns  loc: Downloads/hls/mmult.h:60->Downloads/hls/mmult.h:156->Downloads/hls/mmult_accel.cpp:27
.preheader:111  %tmp_7 = fmul float %a_7_load, %b_7_load


 <State 45>: 7.26ns
ST_45: sum_6 (525)  [3/5] 7.26ns  loc: Downloads/hls/mmult.h:60->Downloads/hls/mmult.h:156->Downloads/hls/mmult_accel.cpp:27
.preheader:108  %sum_6 = fadd float %sum_5, %tmp_6

ST_45: tmp_7 (528)  [3/4] 5.70ns  loc: Downloads/hls/mmult.h:60->Downloads/hls/mmult.h:156->Downloads/hls/mmult_accel.cpp:27
.preheader:111  %tmp_7 = fmul float %a_7_load, %b_7_load


 <State 46>: 7.26ns
ST_46: sum_6 (525)  [2/5] 7.26ns  loc: Downloads/hls/mmult.h:60->Downloads/hls/mmult.h:156->Downloads/hls/mmult_accel.cpp:27
.preheader:108  %sum_6 = fadd float %sum_5, %tmp_6

ST_46: tmp_7 (528)  [2/4] 5.70ns  loc: Downloads/hls/mmult.h:60->Downloads/hls/mmult.h:156->Downloads/hls/mmult_accel.cpp:27
.preheader:111  %tmp_7 = fmul float %a_7_load, %b_7_load


 <State 47>: 7.26ns
ST_47: sum_6 (525)  [1/5] 7.26ns  loc: Downloads/hls/mmult.h:60->Downloads/hls/mmult.h:156->Downloads/hls/mmult_accel.cpp:27
.preheader:108  %sum_6 = fadd float %sum_5, %tmp_6

ST_47: tmp_7 (528)  [1/4] 5.70ns  loc: Downloads/hls/mmult.h:60->Downloads/hls/mmult.h:156->Downloads/hls/mmult_accel.cpp:27
.preheader:111  %tmp_7 = fmul float %a_7_load, %b_7_load


 <State 48>: 7.26ns
ST_48: a_8_addr_1 (442)  [1/1] 0.00ns  loc: Downloads/hls/mmult.h:60->Downloads/hls/mmult.h:156->Downloads/hls/mmult_accel.cpp:27
.preheader:25  %a_8_addr_1 = getelementptr [32 x float]* %a_8, i32 0, i32 %a_0_load_mid2

ST_48: a_8_load (443)  [2/2] 2.71ns  loc: Downloads/hls/mmult.h:60->Downloads/hls/mmult.h:156->Downloads/hls/mmult_accel.cpp:27
.preheader:26  %a_8_load = load float* %a_8_addr_1, align 4

ST_48: sum_7 (529)  [5/5] 7.26ns  loc: Downloads/hls/mmult.h:60->Downloads/hls/mmult.h:156->Downloads/hls/mmult_accel.cpp:27
.preheader:112  %sum_7 = fadd float %sum_6, %tmp_7

ST_48: b_8_addr_1 (530)  [1/1] 0.00ns  loc: Downloads/hls/mmult.h:54->Downloads/hls/mmult.h:156->Downloads/hls/mmult_accel.cpp:27
.preheader:113  %b_8_addr_1 = getelementptr [32 x float]* %b_8, i32 0, i32 %ib_0_i_i_cast5

ST_48: b_8_load (531)  [2/2] 2.71ns  loc: Downloads/hls/mmult.h:60->Downloads/hls/mmult.h:156->Downloads/hls/mmult_accel.cpp:27
.preheader:114  %b_8_load = load float* %b_8_addr_1, align 4


 <State 49>: 8.41ns
ST_49: a_8_load (443)  [1/2] 2.71ns  loc: Downloads/hls/mmult.h:60->Downloads/hls/mmult.h:156->Downloads/hls/mmult_accel.cpp:27
.preheader:26  %a_8_load = load float* %a_8_addr_1, align 4

ST_49: sum_7 (529)  [4/5] 7.26ns  loc: Downloads/hls/mmult.h:60->Downloads/hls/mmult.h:156->Downloads/hls/mmult_accel.cpp:27
.preheader:112  %sum_7 = fadd float %sum_6, %tmp_7

ST_49: b_8_load (531)  [1/2] 2.71ns  loc: Downloads/hls/mmult.h:60->Downloads/hls/mmult.h:156->Downloads/hls/mmult_accel.cpp:27
.preheader:114  %b_8_load = load float* %b_8_addr_1, align 4

ST_49: tmp_8_26 (532)  [4/4] 5.70ns  loc: Downloads/hls/mmult.h:60->Downloads/hls/mmult.h:156->Downloads/hls/mmult_accel.cpp:27
.preheader:115  %tmp_8_26 = fmul float %a_8_load, %b_8_load


 <State 50>: 7.26ns
ST_50: sum_7 (529)  [3/5] 7.26ns  loc: Downloads/hls/mmult.h:60->Downloads/hls/mmult.h:156->Downloads/hls/mmult_accel.cpp:27
.preheader:112  %sum_7 = fadd float %sum_6, %tmp_7

ST_50: tmp_8_26 (532)  [3/4] 5.70ns  loc: Downloads/hls/mmult.h:60->Downloads/hls/mmult.h:156->Downloads/hls/mmult_accel.cpp:27
.preheader:115  %tmp_8_26 = fmul float %a_8_load, %b_8_load


 <State 51>: 7.26ns
ST_51: sum_7 (529)  [2/5] 7.26ns  loc: Downloads/hls/mmult.h:60->Downloads/hls/mmult.h:156->Downloads/hls/mmult_accel.cpp:27
.preheader:112  %sum_7 = fadd float %sum_6, %tmp_7

ST_51: tmp_8_26 (532)  [2/4] 5.70ns  loc: Downloads/hls/mmult.h:60->Downloads/hls/mmult.h:156->Downloads/hls/mmult_accel.cpp:27
.preheader:115  %tmp_8_26 = fmul float %a_8_load, %b_8_load


 <State 52>: 7.26ns
ST_52: sum_7 (529)  [1/5] 7.26ns  loc: Downloads/hls/mmult.h:60->Downloads/hls/mmult.h:156->Downloads/hls/mmult_accel.cpp:27
.preheader:112  %sum_7 = fadd float %sum_6, %tmp_7

ST_52: tmp_8_26 (532)  [1/4] 5.70ns  loc: Downloads/hls/mmult.h:60->Downloads/hls/mmult.h:156->Downloads/hls/mmult_accel.cpp:27
.preheader:115  %tmp_8_26 = fmul float %a_8_load, %b_8_load


 <State 53>: 7.26ns
ST_53: a_9_addr_1 (444)  [1/1] 0.00ns  loc: Downloads/hls/mmult.h:60->Downloads/hls/mmult.h:156->Downloads/hls/mmult_accel.cpp:27
.preheader:27  %a_9_addr_1 = getelementptr [32 x float]* %a_9, i32 0, i32 %a_0_load_mid2

ST_53: a_9_load (445)  [2/2] 2.71ns  loc: Downloads/hls/mmult.h:60->Downloads/hls/mmult.h:156->Downloads/hls/mmult_accel.cpp:27
.preheader:28  %a_9_load = load float* %a_9_addr_1, align 4

ST_53: sum_8 (533)  [5/5] 7.26ns  loc: Downloads/hls/mmult.h:60->Downloads/hls/mmult.h:156->Downloads/hls/mmult_accel.cpp:27
.preheader:116  %sum_8 = fadd float %sum_7, %tmp_8_26

ST_53: b_9_addr_1 (534)  [1/1] 0.00ns  loc: Downloads/hls/mmult.h:54->Downloads/hls/mmult.h:156->Downloads/hls/mmult_accel.cpp:27
.preheader:117  %b_9_addr_1 = getelementptr [32 x float]* %b_9, i32 0, i32 %ib_0_i_i_cast5

ST_53: b_9_load (535)  [2/2] 2.71ns  loc: Downloads/hls/mmult.h:60->Downloads/hls/mmult.h:156->Downloads/hls/mmult_accel.cpp:27
.preheader:118  %b_9_load = load float* %b_9_addr_1, align 4


 <State 54>: 8.41ns
ST_54: a_9_load (445)  [1/2] 2.71ns  loc: Downloads/hls/mmult.h:60->Downloads/hls/mmult.h:156->Downloads/hls/mmult_accel.cpp:27
.preheader:28  %a_9_load = load float* %a_9_addr_1, align 4

ST_54: sum_8 (533)  [4/5] 7.26ns  loc: Downloads/hls/mmult.h:60->Downloads/hls/mmult.h:156->Downloads/hls/mmult_accel.cpp:27
.preheader:116  %sum_8 = fadd float %sum_7, %tmp_8_26

ST_54: b_9_load (535)  [1/2] 2.71ns  loc: Downloads/hls/mmult.h:60->Downloads/hls/mmult.h:156->Downloads/hls/mmult_accel.cpp:27
.preheader:118  %b_9_load = load float* %b_9_addr_1, align 4

ST_54: tmp_9 (536)  [4/4] 5.70ns  loc: Downloads/hls/mmult.h:60->Downloads/hls/mmult.h:156->Downloads/hls/mmult_accel.cpp:27
.preheader:119  %tmp_9 = fmul float %a_9_load, %b_9_load


 <State 55>: 7.26ns
ST_55: sum_8 (533)  [3/5] 7.26ns  loc: Downloads/hls/mmult.h:60->Downloads/hls/mmult.h:156->Downloads/hls/mmult_accel.cpp:27
.preheader:116  %sum_8 = fadd float %sum_7, %tmp_8_26

ST_55: tmp_9 (536)  [3/4] 5.70ns  loc: Downloads/hls/mmult.h:60->Downloads/hls/mmult.h:156->Downloads/hls/mmult_accel.cpp:27
.preheader:119  %tmp_9 = fmul float %a_9_load, %b_9_load


 <State 56>: 7.26ns
ST_56: sum_8 (533)  [2/5] 7.26ns  loc: Downloads/hls/mmult.h:60->Downloads/hls/mmult.h:156->Downloads/hls/mmult_accel.cpp:27
.preheader:116  %sum_8 = fadd float %sum_7, %tmp_8_26

ST_56: tmp_9 (536)  [2/4] 5.70ns  loc: Downloads/hls/mmult.h:60->Downloads/hls/mmult.h:156->Downloads/hls/mmult_accel.cpp:27
.preheader:119  %tmp_9 = fmul float %a_9_load, %b_9_load


 <State 57>: 7.26ns
ST_57: sum_8 (533)  [1/5] 7.26ns  loc: Downloads/hls/mmult.h:60->Downloads/hls/mmult.h:156->Downloads/hls/mmult_accel.cpp:27
.preheader:116  %sum_8 = fadd float %sum_7, %tmp_8_26

ST_57: tmp_9 (536)  [1/4] 5.70ns  loc: Downloads/hls/mmult.h:60->Downloads/hls/mmult.h:156->Downloads/hls/mmult_accel.cpp:27
.preheader:119  %tmp_9 = fmul float %a_9_load, %b_9_load


 <State 58>: 7.26ns
ST_58: a_10_addr_1 (446)  [1/1] 0.00ns  loc: Downloads/hls/mmult.h:60->Downloads/hls/mmult.h:156->Downloads/hls/mmult_accel.cpp:27
.preheader:29  %a_10_addr_1 = getelementptr [32 x float]* %a_10, i32 0, i32 %a_0_load_mid2

ST_58: a_10_load (447)  [2/2] 2.71ns  loc: Downloads/hls/mmult.h:60->Downloads/hls/mmult.h:156->Downloads/hls/mmult_accel.cpp:27
.preheader:30  %a_10_load = load float* %a_10_addr_1, align 4

ST_58: sum_9 (537)  [5/5] 7.26ns  loc: Downloads/hls/mmult.h:60->Downloads/hls/mmult.h:156->Downloads/hls/mmult_accel.cpp:27
.preheader:120  %sum_9 = fadd float %sum_8, %tmp_9

ST_58: b_10_addr_1 (538)  [1/1] 0.00ns  loc: Downloads/hls/mmult.h:54->Downloads/hls/mmult.h:156->Downloads/hls/mmult_accel.cpp:27
.preheader:121  %b_10_addr_1 = getelementptr [32 x float]* %b_10, i32 0, i32 %ib_0_i_i_cast5

ST_58: b_10_load (539)  [2/2] 2.71ns  loc: Downloads/hls/mmult.h:60->Downloads/hls/mmult.h:156->Downloads/hls/mmult_accel.cpp:27
.preheader:122  %b_10_load = load float* %b_10_addr_1, align 4


 <State 59>: 8.41ns
ST_59: a_10_load (447)  [1/2] 2.71ns  loc: Downloads/hls/mmult.h:60->Downloads/hls/mmult.h:156->Downloads/hls/mmult_accel.cpp:27
.preheader:30  %a_10_load = load float* %a_10_addr_1, align 4

ST_59: sum_9 (537)  [4/5] 7.26ns  loc: Downloads/hls/mmult.h:60->Downloads/hls/mmult.h:156->Downloads/hls/mmult_accel.cpp:27
.preheader:120  %sum_9 = fadd float %sum_8, %tmp_9

ST_59: b_10_load (539)  [1/2] 2.71ns  loc: Downloads/hls/mmult.h:60->Downloads/hls/mmult.h:156->Downloads/hls/mmult_accel.cpp:27
.preheader:122  %b_10_load = load float* %b_10_addr_1, align 4

ST_59: tmp_s_27 (540)  [4/4] 5.70ns  loc: Downloads/hls/mmult.h:60->Downloads/hls/mmult.h:156->Downloads/hls/mmult_accel.cpp:27
.preheader:123  %tmp_s_27 = fmul float %a_10_load, %b_10_load


 <State 60>: 7.26ns
ST_60: sum_9 (537)  [3/5] 7.26ns  loc: Downloads/hls/mmult.h:60->Downloads/hls/mmult.h:156->Downloads/hls/mmult_accel.cpp:27
.preheader:120  %sum_9 = fadd float %sum_8, %tmp_9

ST_60: tmp_s_27 (540)  [3/4] 5.70ns  loc: Downloads/hls/mmult.h:60->Downloads/hls/mmult.h:156->Downloads/hls/mmult_accel.cpp:27
.preheader:123  %tmp_s_27 = fmul float %a_10_load, %b_10_load


 <State 61>: 7.26ns
ST_61: sum_9 (537)  [2/5] 7.26ns  loc: Downloads/hls/mmult.h:60->Downloads/hls/mmult.h:156->Downloads/hls/mmult_accel.cpp:27
.preheader:120  %sum_9 = fadd float %sum_8, %tmp_9

ST_61: tmp_s_27 (540)  [2/4] 5.70ns  loc: Downloads/hls/mmult.h:60->Downloads/hls/mmult.h:156->Downloads/hls/mmult_accel.cpp:27
.preheader:123  %tmp_s_27 = fmul float %a_10_load, %b_10_load


 <State 62>: 7.26ns
ST_62: sum_9 (537)  [1/5] 7.26ns  loc: Downloads/hls/mmult.h:60->Downloads/hls/mmult.h:156->Downloads/hls/mmult_accel.cpp:27
.preheader:120  %sum_9 = fadd float %sum_8, %tmp_9

ST_62: tmp_s_27 (540)  [1/4] 5.70ns  loc: Downloads/hls/mmult.h:60->Downloads/hls/mmult.h:156->Downloads/hls/mmult_accel.cpp:27
.preheader:123  %tmp_s_27 = fmul float %a_10_load, %b_10_load


 <State 63>: 7.26ns
ST_63: a_11_addr_1 (448)  [1/1] 0.00ns  loc: Downloads/hls/mmult.h:60->Downloads/hls/mmult.h:156->Downloads/hls/mmult_accel.cpp:27
.preheader:31  %a_11_addr_1 = getelementptr [32 x float]* %a_11, i32 0, i32 %a_0_load_mid2

ST_63: a_11_load (449)  [2/2] 2.71ns  loc: Downloads/hls/mmult.h:60->Downloads/hls/mmult.h:156->Downloads/hls/mmult_accel.cpp:27
.preheader:32  %a_11_load = load float* %a_11_addr_1, align 4

ST_63: sum_s (541)  [5/5] 7.26ns  loc: Downloads/hls/mmult.h:60->Downloads/hls/mmult.h:156->Downloads/hls/mmult_accel.cpp:27
.preheader:124  %sum_s = fadd float %sum_9, %tmp_s_27

ST_63: b_11_addr_1 (542)  [1/1] 0.00ns  loc: Downloads/hls/mmult.h:54->Downloads/hls/mmult.h:156->Downloads/hls/mmult_accel.cpp:27
.preheader:125  %b_11_addr_1 = getelementptr [32 x float]* %b_11, i32 0, i32 %ib_0_i_i_cast5

ST_63: b_11_load (543)  [2/2] 2.71ns  loc: Downloads/hls/mmult.h:60->Downloads/hls/mmult.h:156->Downloads/hls/mmult_accel.cpp:27
.preheader:126  %b_11_load = load float* %b_11_addr_1, align 4


 <State 64>: 8.41ns
ST_64: a_11_load (449)  [1/2] 2.71ns  loc: Downloads/hls/mmult.h:60->Downloads/hls/mmult.h:156->Downloads/hls/mmult_accel.cpp:27
.preheader:32  %a_11_load = load float* %a_11_addr_1, align 4

ST_64: sum_s (541)  [4/5] 7.26ns  loc: Downloads/hls/mmult.h:60->Downloads/hls/mmult.h:156->Downloads/hls/mmult_accel.cpp:27
.preheader:124  %sum_s = fadd float %sum_9, %tmp_s_27

ST_64: b_11_load (543)  [1/2] 2.71ns  loc: Downloads/hls/mmult.h:60->Downloads/hls/mmult.h:156->Downloads/hls/mmult_accel.cpp:27
.preheader:126  %b_11_load = load float* %b_11_addr_1, align 4

ST_64: tmp_10 (544)  [4/4] 5.70ns  loc: Downloads/hls/mmult.h:60->Downloads/hls/mmult.h:156->Downloads/hls/mmult_accel.cpp:27
.preheader:127  %tmp_10 = fmul float %a_11_load, %b_11_load


 <State 65>: 7.26ns
ST_65: sum_s (541)  [3/5] 7.26ns  loc: Downloads/hls/mmult.h:60->Downloads/hls/mmult.h:156->Downloads/hls/mmult_accel.cpp:27
.preheader:124  %sum_s = fadd float %sum_9, %tmp_s_27

ST_65: tmp_10 (544)  [3/4] 5.70ns  loc: Downloads/hls/mmult.h:60->Downloads/hls/mmult.h:156->Downloads/hls/mmult_accel.cpp:27
.preheader:127  %tmp_10 = fmul float %a_11_load, %b_11_load


 <State 66>: 7.26ns
ST_66: sum_s (541)  [2/5] 7.26ns  loc: Downloads/hls/mmult.h:60->Downloads/hls/mmult.h:156->Downloads/hls/mmult_accel.cpp:27
.preheader:124  %sum_s = fadd float %sum_9, %tmp_s_27

ST_66: tmp_10 (544)  [2/4] 5.70ns  loc: Downloads/hls/mmult.h:60->Downloads/hls/mmult.h:156->Downloads/hls/mmult_accel.cpp:27
.preheader:127  %tmp_10 = fmul float %a_11_load, %b_11_load


 <State 67>: 7.26ns
ST_67: sum_s (541)  [1/5] 7.26ns  loc: Downloads/hls/mmult.h:60->Downloads/hls/mmult.h:156->Downloads/hls/mmult_accel.cpp:27
.preheader:124  %sum_s = fadd float %sum_9, %tmp_s_27

ST_67: tmp_10 (544)  [1/4] 5.70ns  loc: Downloads/hls/mmult.h:60->Downloads/hls/mmult.h:156->Downloads/hls/mmult_accel.cpp:27
.preheader:127  %tmp_10 = fmul float %a_11_load, %b_11_load


 <State 68>: 7.26ns
ST_68: a_12_addr_1 (450)  [1/1] 0.00ns  loc: Downloads/hls/mmult.h:60->Downloads/hls/mmult.h:156->Downloads/hls/mmult_accel.cpp:27
.preheader:33  %a_12_addr_1 = getelementptr [32 x float]* %a_12, i32 0, i32 %a_0_load_mid2

ST_68: a_12_load (451)  [2/2] 2.71ns  loc: Downloads/hls/mmult.h:60->Downloads/hls/mmult.h:156->Downloads/hls/mmult_accel.cpp:27
.preheader:34  %a_12_load = load float* %a_12_addr_1, align 4

ST_68: sum_10 (545)  [5/5] 7.26ns  loc: Downloads/hls/mmult.h:60->Downloads/hls/mmult.h:156->Downloads/hls/mmult_accel.cpp:27
.preheader:128  %sum_10 = fadd float %sum_s, %tmp_10

ST_68: b_12_addr_1 (546)  [1/1] 0.00ns  loc: Downloads/hls/mmult.h:54->Downloads/hls/mmult.h:156->Downloads/hls/mmult_accel.cpp:27
.preheader:129  %b_12_addr_1 = getelementptr [32 x float]* %b_12, i32 0, i32 %ib_0_i_i_cast5

ST_68: b_12_load (547)  [2/2] 2.71ns  loc: Downloads/hls/mmult.h:60->Downloads/hls/mmult.h:156->Downloads/hls/mmult_accel.cpp:27
.preheader:130  %b_12_load = load float* %b_12_addr_1, align 4


 <State 69>: 8.41ns
ST_69: a_12_load (451)  [1/2] 2.71ns  loc: Downloads/hls/mmult.h:60->Downloads/hls/mmult.h:156->Downloads/hls/mmult_accel.cpp:27
.preheader:34  %a_12_load = load float* %a_12_addr_1, align 4

ST_69: sum_10 (545)  [4/5] 7.26ns  loc: Downloads/hls/mmult.h:60->Downloads/hls/mmult.h:156->Downloads/hls/mmult_accel.cpp:27
.preheader:128  %sum_10 = fadd float %sum_s, %tmp_10

ST_69: b_12_load (547)  [1/2] 2.71ns  loc: Downloads/hls/mmult.h:60->Downloads/hls/mmult.h:156->Downloads/hls/mmult_accel.cpp:27
.preheader:130  %b_12_load = load float* %b_12_addr_1, align 4

ST_69: tmp_11 (548)  [4/4] 5.70ns  loc: Downloads/hls/mmult.h:60->Downloads/hls/mmult.h:156->Downloads/hls/mmult_accel.cpp:27
.preheader:131  %tmp_11 = fmul float %a_12_load, %b_12_load


 <State 70>: 7.26ns
ST_70: sum_10 (545)  [3/5] 7.26ns  loc: Downloads/hls/mmult.h:60->Downloads/hls/mmult.h:156->Downloads/hls/mmult_accel.cpp:27
.preheader:128  %sum_10 = fadd float %sum_s, %tmp_10

ST_70: tmp_11 (548)  [3/4] 5.70ns  loc: Downloads/hls/mmult.h:60->Downloads/hls/mmult.h:156->Downloads/hls/mmult_accel.cpp:27
.preheader:131  %tmp_11 = fmul float %a_12_load, %b_12_load


 <State 71>: 7.26ns
ST_71: sum_10 (545)  [2/5] 7.26ns  loc: Downloads/hls/mmult.h:60->Downloads/hls/mmult.h:156->Downloads/hls/mmult_accel.cpp:27
.preheader:128  %sum_10 = fadd float %sum_s, %tmp_10

ST_71: tmp_11 (548)  [2/4] 5.70ns  loc: Downloads/hls/mmult.h:60->Downloads/hls/mmult.h:156->Downloads/hls/mmult_accel.cpp:27
.preheader:131  %tmp_11 = fmul float %a_12_load, %b_12_load


 <State 72>: 7.26ns
ST_72: sum_10 (545)  [1/5] 7.26ns  loc: Downloads/hls/mmult.h:60->Downloads/hls/mmult.h:156->Downloads/hls/mmult_accel.cpp:27
.preheader:128  %sum_10 = fadd float %sum_s, %tmp_10

ST_72: tmp_11 (548)  [1/4] 5.70ns  loc: Downloads/hls/mmult.h:60->Downloads/hls/mmult.h:156->Downloads/hls/mmult_accel.cpp:27
.preheader:131  %tmp_11 = fmul float %a_12_load, %b_12_load


 <State 73>: 7.26ns
ST_73: a_13_addr_1 (452)  [1/1] 0.00ns  loc: Downloads/hls/mmult.h:60->Downloads/hls/mmult.h:156->Downloads/hls/mmult_accel.cpp:27
.preheader:35  %a_13_addr_1 = getelementptr [32 x float]* %a_13, i32 0, i32 %a_0_load_mid2

ST_73: a_13_load (453)  [2/2] 2.71ns  loc: Downloads/hls/mmult.h:60->Downloads/hls/mmult.h:156->Downloads/hls/mmult_accel.cpp:27
.preheader:36  %a_13_load = load float* %a_13_addr_1, align 4

ST_73: sum_11 (549)  [5/5] 7.26ns  loc: Downloads/hls/mmult.h:60->Downloads/hls/mmult.h:156->Downloads/hls/mmult_accel.cpp:27
.preheader:132  %sum_11 = fadd float %sum_10, %tmp_11

ST_73: b_13_addr_1 (550)  [1/1] 0.00ns  loc: Downloads/hls/mmult.h:54->Downloads/hls/mmult.h:156->Downloads/hls/mmult_accel.cpp:27
.preheader:133  %b_13_addr_1 = getelementptr [32 x float]* %b_13, i32 0, i32 %ib_0_i_i_cast5

ST_73: b_13_load (551)  [2/2] 2.71ns  loc: Downloads/hls/mmult.h:60->Downloads/hls/mmult.h:156->Downloads/hls/mmult_accel.cpp:27
.preheader:134  %b_13_load = load float* %b_13_addr_1, align 4


 <State 74>: 8.41ns
ST_74: a_13_load (453)  [1/2] 2.71ns  loc: Downloads/hls/mmult.h:60->Downloads/hls/mmult.h:156->Downloads/hls/mmult_accel.cpp:27
.preheader:36  %a_13_load = load float* %a_13_addr_1, align 4

ST_74: sum_11 (549)  [4/5] 7.26ns  loc: Downloads/hls/mmult.h:60->Downloads/hls/mmult.h:156->Downloads/hls/mmult_accel.cpp:27
.preheader:132  %sum_11 = fadd float %sum_10, %tmp_11

ST_74: b_13_load (551)  [1/2] 2.71ns  loc: Downloads/hls/mmult.h:60->Downloads/hls/mmult.h:156->Downloads/hls/mmult_accel.cpp:27
.preheader:134  %b_13_load = load float* %b_13_addr_1, align 4

ST_74: tmp_12 (552)  [4/4] 5.70ns  loc: Downloads/hls/mmult.h:60->Downloads/hls/mmult.h:156->Downloads/hls/mmult_accel.cpp:27
.preheader:135  %tmp_12 = fmul float %a_13_load, %b_13_load


 <State 75>: 7.26ns
ST_75: sum_11 (549)  [3/5] 7.26ns  loc: Downloads/hls/mmult.h:60->Downloads/hls/mmult.h:156->Downloads/hls/mmult_accel.cpp:27
.preheader:132  %sum_11 = fadd float %sum_10, %tmp_11

ST_75: tmp_12 (552)  [3/4] 5.70ns  loc: Downloads/hls/mmult.h:60->Downloads/hls/mmult.h:156->Downloads/hls/mmult_accel.cpp:27
.preheader:135  %tmp_12 = fmul float %a_13_load, %b_13_load


 <State 76>: 7.26ns
ST_76: sum_11 (549)  [2/5] 7.26ns  loc: Downloads/hls/mmult.h:60->Downloads/hls/mmult.h:156->Downloads/hls/mmult_accel.cpp:27
.preheader:132  %sum_11 = fadd float %sum_10, %tmp_11

ST_76: tmp_12 (552)  [2/4] 5.70ns  loc: Downloads/hls/mmult.h:60->Downloads/hls/mmult.h:156->Downloads/hls/mmult_accel.cpp:27
.preheader:135  %tmp_12 = fmul float %a_13_load, %b_13_load


 <State 77>: 7.26ns
ST_77: sum_11 (549)  [1/5] 7.26ns  loc: Downloads/hls/mmult.h:60->Downloads/hls/mmult.h:156->Downloads/hls/mmult_accel.cpp:27
.preheader:132  %sum_11 = fadd float %sum_10, %tmp_11

ST_77: tmp_12 (552)  [1/4] 5.70ns  loc: Downloads/hls/mmult.h:60->Downloads/hls/mmult.h:156->Downloads/hls/mmult_accel.cpp:27
.preheader:135  %tmp_12 = fmul float %a_13_load, %b_13_load


 <State 78>: 7.26ns
ST_78: a_14_addr_1 (454)  [1/1] 0.00ns  loc: Downloads/hls/mmult.h:60->Downloads/hls/mmult.h:156->Downloads/hls/mmult_accel.cpp:27
.preheader:37  %a_14_addr_1 = getelementptr [32 x float]* %a_14, i32 0, i32 %a_0_load_mid2

ST_78: a_14_load (455)  [2/2] 2.71ns  loc: Downloads/hls/mmult.h:60->Downloads/hls/mmult.h:156->Downloads/hls/mmult_accel.cpp:27
.preheader:38  %a_14_load = load float* %a_14_addr_1, align 4

ST_78: sum_12 (553)  [5/5] 7.26ns  loc: Downloads/hls/mmult.h:60->Downloads/hls/mmult.h:156->Downloads/hls/mmult_accel.cpp:27
.preheader:136  %sum_12 = fadd float %sum_11, %tmp_12

ST_78: b_14_addr_1 (554)  [1/1] 0.00ns  loc: Downloads/hls/mmult.h:54->Downloads/hls/mmult.h:156->Downloads/hls/mmult_accel.cpp:27
.preheader:137  %b_14_addr_1 = getelementptr [32 x float]* %b_14, i32 0, i32 %ib_0_i_i_cast5

ST_78: b_14_load (555)  [2/2] 2.71ns  loc: Downloads/hls/mmult.h:60->Downloads/hls/mmult.h:156->Downloads/hls/mmult_accel.cpp:27
.preheader:138  %b_14_load = load float* %b_14_addr_1, align 4


 <State 79>: 8.41ns
ST_79: a_14_load (455)  [1/2] 2.71ns  loc: Downloads/hls/mmult.h:60->Downloads/hls/mmult.h:156->Downloads/hls/mmult_accel.cpp:27
.preheader:38  %a_14_load = load float* %a_14_addr_1, align 4

ST_79: sum_12 (553)  [4/5] 7.26ns  loc: Downloads/hls/mmult.h:60->Downloads/hls/mmult.h:156->Downloads/hls/mmult_accel.cpp:27
.preheader:136  %sum_12 = fadd float %sum_11, %tmp_12

ST_79: b_14_load (555)  [1/2] 2.71ns  loc: Downloads/hls/mmult.h:60->Downloads/hls/mmult.h:156->Downloads/hls/mmult_accel.cpp:27
.preheader:138  %b_14_load = load float* %b_14_addr_1, align 4

ST_79: tmp_13 (556)  [4/4] 5.70ns  loc: Downloads/hls/mmult.h:60->Downloads/hls/mmult.h:156->Downloads/hls/mmult_accel.cpp:27
.preheader:139  %tmp_13 = fmul float %a_14_load, %b_14_load


 <State 80>: 7.26ns
ST_80: sum_12 (553)  [3/5] 7.26ns  loc: Downloads/hls/mmult.h:60->Downloads/hls/mmult.h:156->Downloads/hls/mmult_accel.cpp:27
.preheader:136  %sum_12 = fadd float %sum_11, %tmp_12

ST_80: tmp_13 (556)  [3/4] 5.70ns  loc: Downloads/hls/mmult.h:60->Downloads/hls/mmult.h:156->Downloads/hls/mmult_accel.cpp:27
.preheader:139  %tmp_13 = fmul float %a_14_load, %b_14_load


 <State 81>: 7.26ns
ST_81: sum_12 (553)  [2/5] 7.26ns  loc: Downloads/hls/mmult.h:60->Downloads/hls/mmult.h:156->Downloads/hls/mmult_accel.cpp:27
.preheader:136  %sum_12 = fadd float %sum_11, %tmp_12

ST_81: tmp_13 (556)  [2/4] 5.70ns  loc: Downloads/hls/mmult.h:60->Downloads/hls/mmult.h:156->Downloads/hls/mmult_accel.cpp:27
.preheader:139  %tmp_13 = fmul float %a_14_load, %b_14_load


 <State 82>: 7.26ns
ST_82: sum_12 (553)  [1/5] 7.26ns  loc: Downloads/hls/mmult.h:60->Downloads/hls/mmult.h:156->Downloads/hls/mmult_accel.cpp:27
.preheader:136  %sum_12 = fadd float %sum_11, %tmp_12

ST_82: tmp_13 (556)  [1/4] 5.70ns  loc: Downloads/hls/mmult.h:60->Downloads/hls/mmult.h:156->Downloads/hls/mmult_accel.cpp:27
.preheader:139  %tmp_13 = fmul float %a_14_load, %b_14_load


 <State 83>: 7.26ns
ST_83: a_15_addr_1 (456)  [1/1] 0.00ns  loc: Downloads/hls/mmult.h:60->Downloads/hls/mmult.h:156->Downloads/hls/mmult_accel.cpp:27
.preheader:39  %a_15_addr_1 = getelementptr [32 x float]* %a_15, i32 0, i32 %a_0_load_mid2

ST_83: a_15_load (457)  [2/2] 2.71ns  loc: Downloads/hls/mmult.h:60->Downloads/hls/mmult.h:156->Downloads/hls/mmult_accel.cpp:27
.preheader:40  %a_15_load = load float* %a_15_addr_1, align 4

ST_83: sum_13 (557)  [5/5] 7.26ns  loc: Downloads/hls/mmult.h:60->Downloads/hls/mmult.h:156->Downloads/hls/mmult_accel.cpp:27
.preheader:140  %sum_13 = fadd float %sum_12, %tmp_13

ST_83: b_15_addr_1 (558)  [1/1] 0.00ns  loc: Downloads/hls/mmult.h:54->Downloads/hls/mmult.h:156->Downloads/hls/mmult_accel.cpp:27
.preheader:141  %b_15_addr_1 = getelementptr [32 x float]* %b_15, i32 0, i32 %ib_0_i_i_cast5

ST_83: b_15_load (559)  [2/2] 2.71ns  loc: Downloads/hls/mmult.h:60->Downloads/hls/mmult.h:156->Downloads/hls/mmult_accel.cpp:27
.preheader:142  %b_15_load = load float* %b_15_addr_1, align 4


 <State 84>: 8.41ns
ST_84: a_15_load (457)  [1/2] 2.71ns  loc: Downloads/hls/mmult.h:60->Downloads/hls/mmult.h:156->Downloads/hls/mmult_accel.cpp:27
.preheader:40  %a_15_load = load float* %a_15_addr_1, align 4

ST_84: sum_13 (557)  [4/5] 7.26ns  loc: Downloads/hls/mmult.h:60->Downloads/hls/mmult.h:156->Downloads/hls/mmult_accel.cpp:27
.preheader:140  %sum_13 = fadd float %sum_12, %tmp_13

ST_84: b_15_load (559)  [1/2] 2.71ns  loc: Downloads/hls/mmult.h:60->Downloads/hls/mmult.h:156->Downloads/hls/mmult_accel.cpp:27
.preheader:142  %b_15_load = load float* %b_15_addr_1, align 4

ST_84: tmp_14 (560)  [4/4] 5.70ns  loc: Downloads/hls/mmult.h:60->Downloads/hls/mmult.h:156->Downloads/hls/mmult_accel.cpp:27
.preheader:143  %tmp_14 = fmul float %a_15_load, %b_15_load


 <State 85>: 7.26ns
ST_85: sum_13 (557)  [3/5] 7.26ns  loc: Downloads/hls/mmult.h:60->Downloads/hls/mmult.h:156->Downloads/hls/mmult_accel.cpp:27
.preheader:140  %sum_13 = fadd float %sum_12, %tmp_13

ST_85: tmp_14 (560)  [3/4] 5.70ns  loc: Downloads/hls/mmult.h:60->Downloads/hls/mmult.h:156->Downloads/hls/mmult_accel.cpp:27
.preheader:143  %tmp_14 = fmul float %a_15_load, %b_15_load


 <State 86>: 7.26ns
ST_86: sum_13 (557)  [2/5] 7.26ns  loc: Downloads/hls/mmult.h:60->Downloads/hls/mmult.h:156->Downloads/hls/mmult_accel.cpp:27
.preheader:140  %sum_13 = fadd float %sum_12, %tmp_13

ST_86: tmp_14 (560)  [2/4] 5.70ns  loc: Downloads/hls/mmult.h:60->Downloads/hls/mmult.h:156->Downloads/hls/mmult_accel.cpp:27
.preheader:143  %tmp_14 = fmul float %a_15_load, %b_15_load


 <State 87>: 7.26ns
ST_87: sum_13 (557)  [1/5] 7.26ns  loc: Downloads/hls/mmult.h:60->Downloads/hls/mmult.h:156->Downloads/hls/mmult_accel.cpp:27
.preheader:140  %sum_13 = fadd float %sum_12, %tmp_13

ST_87: tmp_14 (560)  [1/4] 5.70ns  loc: Downloads/hls/mmult.h:60->Downloads/hls/mmult.h:156->Downloads/hls/mmult_accel.cpp:27
.preheader:143  %tmp_14 = fmul float %a_15_load, %b_15_load


 <State 88>: 7.26ns
ST_88: a_16_addr_1 (458)  [1/1] 0.00ns  loc: Downloads/hls/mmult.h:60->Downloads/hls/mmult.h:156->Downloads/hls/mmult_accel.cpp:27
.preheader:41  %a_16_addr_1 = getelementptr [32 x float]* %a_16, i32 0, i32 %a_0_load_mid2

ST_88: a_16_load (459)  [2/2] 2.71ns  loc: Downloads/hls/mmult.h:60->Downloads/hls/mmult.h:156->Downloads/hls/mmult_accel.cpp:27
.preheader:42  %a_16_load = load float* %a_16_addr_1, align 4

ST_88: sum_14 (561)  [5/5] 7.26ns  loc: Downloads/hls/mmult.h:60->Downloads/hls/mmult.h:156->Downloads/hls/mmult_accel.cpp:27
.preheader:144  %sum_14 = fadd float %sum_13, %tmp_14

ST_88: b_16_addr_1 (562)  [1/1] 0.00ns  loc: Downloads/hls/mmult.h:54->Downloads/hls/mmult.h:156->Downloads/hls/mmult_accel.cpp:27
.preheader:145  %b_16_addr_1 = getelementptr [32 x float]* %b_16, i32 0, i32 %ib_0_i_i_cast5

ST_88: b_16_load (563)  [2/2] 2.71ns  loc: Downloads/hls/mmult.h:60->Downloads/hls/mmult.h:156->Downloads/hls/mmult_accel.cpp:27
.preheader:146  %b_16_load = load float* %b_16_addr_1, align 4


 <State 89>: 8.41ns
ST_89: a_16_load (459)  [1/2] 2.71ns  loc: Downloads/hls/mmult.h:60->Downloads/hls/mmult.h:156->Downloads/hls/mmult_accel.cpp:27
.preheader:42  %a_16_load = load float* %a_16_addr_1, align 4

ST_89: sum_14 (561)  [4/5] 7.26ns  loc: Downloads/hls/mmult.h:60->Downloads/hls/mmult.h:156->Downloads/hls/mmult_accel.cpp:27
.preheader:144  %sum_14 = fadd float %sum_13, %tmp_14

ST_89: b_16_load (563)  [1/2] 2.71ns  loc: Downloads/hls/mmult.h:60->Downloads/hls/mmult.h:156->Downloads/hls/mmult_accel.cpp:27
.preheader:146  %b_16_load = load float* %b_16_addr_1, align 4

ST_89: tmp_15 (564)  [4/4] 5.70ns  loc: Downloads/hls/mmult.h:60->Downloads/hls/mmult.h:156->Downloads/hls/mmult_accel.cpp:27
.preheader:147  %tmp_15 = fmul float %a_16_load, %b_16_load


 <State 90>: 7.26ns
ST_90: sum_14 (561)  [3/5] 7.26ns  loc: Downloads/hls/mmult.h:60->Downloads/hls/mmult.h:156->Downloads/hls/mmult_accel.cpp:27
.preheader:144  %sum_14 = fadd float %sum_13, %tmp_14

ST_90: tmp_15 (564)  [3/4] 5.70ns  loc: Downloads/hls/mmult.h:60->Downloads/hls/mmult.h:156->Downloads/hls/mmult_accel.cpp:27
.preheader:147  %tmp_15 = fmul float %a_16_load, %b_16_load


 <State 91>: 7.26ns
ST_91: sum_14 (561)  [2/5] 7.26ns  loc: Downloads/hls/mmult.h:60->Downloads/hls/mmult.h:156->Downloads/hls/mmult_accel.cpp:27
.preheader:144  %sum_14 = fadd float %sum_13, %tmp_14

ST_91: tmp_15 (564)  [2/4] 5.70ns  loc: Downloads/hls/mmult.h:60->Downloads/hls/mmult.h:156->Downloads/hls/mmult_accel.cpp:27
.preheader:147  %tmp_15 = fmul float %a_16_load, %b_16_load


 <State 92>: 7.26ns
ST_92: sum_14 (561)  [1/5] 7.26ns  loc: Downloads/hls/mmult.h:60->Downloads/hls/mmult.h:156->Downloads/hls/mmult_accel.cpp:27
.preheader:144  %sum_14 = fadd float %sum_13, %tmp_14

ST_92: tmp_15 (564)  [1/4] 5.70ns  loc: Downloads/hls/mmult.h:60->Downloads/hls/mmult.h:156->Downloads/hls/mmult_accel.cpp:27
.preheader:147  %tmp_15 = fmul float %a_16_load, %b_16_load


 <State 93>: 7.26ns
ST_93: a_17_addr_1 (460)  [1/1] 0.00ns  loc: Downloads/hls/mmult.h:60->Downloads/hls/mmult.h:156->Downloads/hls/mmult_accel.cpp:27
.preheader:43  %a_17_addr_1 = getelementptr [32 x float]* %a_17, i32 0, i32 %a_0_load_mid2

ST_93: a_17_load (461)  [2/2] 2.71ns  loc: Downloads/hls/mmult.h:60->Downloads/hls/mmult.h:156->Downloads/hls/mmult_accel.cpp:27
.preheader:44  %a_17_load = load float* %a_17_addr_1, align 4

ST_93: sum_15 (565)  [5/5] 7.26ns  loc: Downloads/hls/mmult.h:60->Downloads/hls/mmult.h:156->Downloads/hls/mmult_accel.cpp:27
.preheader:148  %sum_15 = fadd float %sum_14, %tmp_15

ST_93: b_17_addr_1 (566)  [1/1] 0.00ns  loc: Downloads/hls/mmult.h:54->Downloads/hls/mmult.h:156->Downloads/hls/mmult_accel.cpp:27
.preheader:149  %b_17_addr_1 = getelementptr [32 x float]* %b_17, i32 0, i32 %ib_0_i_i_cast5

ST_93: b_17_load (567)  [2/2] 2.71ns  loc: Downloads/hls/mmult.h:60->Downloads/hls/mmult.h:156->Downloads/hls/mmult_accel.cpp:27
.preheader:150  %b_17_load = load float* %b_17_addr_1, align 4


 <State 94>: 8.41ns
ST_94: a_17_load (461)  [1/2] 2.71ns  loc: Downloads/hls/mmult.h:60->Downloads/hls/mmult.h:156->Downloads/hls/mmult_accel.cpp:27
.preheader:44  %a_17_load = load float* %a_17_addr_1, align 4

ST_94: sum_15 (565)  [4/5] 7.26ns  loc: Downloads/hls/mmult.h:60->Downloads/hls/mmult.h:156->Downloads/hls/mmult_accel.cpp:27
.preheader:148  %sum_15 = fadd float %sum_14, %tmp_15

ST_94: b_17_load (567)  [1/2] 2.71ns  loc: Downloads/hls/mmult.h:60->Downloads/hls/mmult.h:156->Downloads/hls/mmult_accel.cpp:27
.preheader:150  %b_17_load = load float* %b_17_addr_1, align 4

ST_94: tmp_16 (568)  [4/4] 5.70ns  loc: Downloads/hls/mmult.h:60->Downloads/hls/mmult.h:156->Downloads/hls/mmult_accel.cpp:27
.preheader:151  %tmp_16 = fmul float %a_17_load, %b_17_load


 <State 95>: 7.26ns
ST_95: sum_15 (565)  [3/5] 7.26ns  loc: Downloads/hls/mmult.h:60->Downloads/hls/mmult.h:156->Downloads/hls/mmult_accel.cpp:27
.preheader:148  %sum_15 = fadd float %sum_14, %tmp_15

ST_95: tmp_16 (568)  [3/4] 5.70ns  loc: Downloads/hls/mmult.h:60->Downloads/hls/mmult.h:156->Downloads/hls/mmult_accel.cpp:27
.preheader:151  %tmp_16 = fmul float %a_17_load, %b_17_load


 <State 96>: 7.26ns
ST_96: sum_15 (565)  [2/5] 7.26ns  loc: Downloads/hls/mmult.h:60->Downloads/hls/mmult.h:156->Downloads/hls/mmult_accel.cpp:27
.preheader:148  %sum_15 = fadd float %sum_14, %tmp_15

ST_96: tmp_16 (568)  [2/4] 5.70ns  loc: Downloads/hls/mmult.h:60->Downloads/hls/mmult.h:156->Downloads/hls/mmult_accel.cpp:27
.preheader:151  %tmp_16 = fmul float %a_17_load, %b_17_load


 <State 97>: 7.26ns
ST_97: sum_15 (565)  [1/5] 7.26ns  loc: Downloads/hls/mmult.h:60->Downloads/hls/mmult.h:156->Downloads/hls/mmult_accel.cpp:27
.preheader:148  %sum_15 = fadd float %sum_14, %tmp_15

ST_97: tmp_16 (568)  [1/4] 5.70ns  loc: Downloads/hls/mmult.h:60->Downloads/hls/mmult.h:156->Downloads/hls/mmult_accel.cpp:27
.preheader:151  %tmp_16 = fmul float %a_17_load, %b_17_load


 <State 98>: 7.26ns
ST_98: a_18_addr_1 (462)  [1/1] 0.00ns  loc: Downloads/hls/mmult.h:60->Downloads/hls/mmult.h:156->Downloads/hls/mmult_accel.cpp:27
.preheader:45  %a_18_addr_1 = getelementptr [32 x float]* %a_18, i32 0, i32 %a_0_load_mid2

ST_98: a_18_load (463)  [2/2] 2.71ns  loc: Downloads/hls/mmult.h:60->Downloads/hls/mmult.h:156->Downloads/hls/mmult_accel.cpp:27
.preheader:46  %a_18_load = load float* %a_18_addr_1, align 4

ST_98: sum_16 (569)  [5/5] 7.26ns  loc: Downloads/hls/mmult.h:60->Downloads/hls/mmult.h:156->Downloads/hls/mmult_accel.cpp:27
.preheader:152  %sum_16 = fadd float %sum_15, %tmp_16

ST_98: b_18_addr_1 (570)  [1/1] 0.00ns  loc: Downloads/hls/mmult.h:54->Downloads/hls/mmult.h:156->Downloads/hls/mmult_accel.cpp:27
.preheader:153  %b_18_addr_1 = getelementptr [32 x float]* %b_18, i32 0, i32 %ib_0_i_i_cast5

ST_98: b_18_load (571)  [2/2] 2.71ns  loc: Downloads/hls/mmult.h:60->Downloads/hls/mmult.h:156->Downloads/hls/mmult_accel.cpp:27
.preheader:154  %b_18_load = load float* %b_18_addr_1, align 4


 <State 99>: 8.41ns
ST_99: a_18_load (463)  [1/2] 2.71ns  loc: Downloads/hls/mmult.h:60->Downloads/hls/mmult.h:156->Downloads/hls/mmult_accel.cpp:27
.preheader:46  %a_18_load = load float* %a_18_addr_1, align 4

ST_99: sum_16 (569)  [4/5] 7.26ns  loc: Downloads/hls/mmult.h:60->Downloads/hls/mmult.h:156->Downloads/hls/mmult_accel.cpp:27
.preheader:152  %sum_16 = fadd float %sum_15, %tmp_16

ST_99: b_18_load (571)  [1/2] 2.71ns  loc: Downloads/hls/mmult.h:60->Downloads/hls/mmult.h:156->Downloads/hls/mmult_accel.cpp:27
.preheader:154  %b_18_load = load float* %b_18_addr_1, align 4

ST_99: tmp_17 (572)  [4/4] 5.70ns  loc: Downloads/hls/mmult.h:60->Downloads/hls/mmult.h:156->Downloads/hls/mmult_accel.cpp:27
.preheader:155  %tmp_17 = fmul float %a_18_load, %b_18_load


 <State 100>: 7.26ns
ST_100: sum_16 (569)  [3/5] 7.26ns  loc: Downloads/hls/mmult.h:60->Downloads/hls/mmult.h:156->Downloads/hls/mmult_accel.cpp:27
.preheader:152  %sum_16 = fadd float %sum_15, %tmp_16

ST_100: tmp_17 (572)  [3/4] 5.70ns  loc: Downloads/hls/mmult.h:60->Downloads/hls/mmult.h:156->Downloads/hls/mmult_accel.cpp:27
.preheader:155  %tmp_17 = fmul float %a_18_load, %b_18_load


 <State 101>: 7.26ns
ST_101: sum_16 (569)  [2/5] 7.26ns  loc: Downloads/hls/mmult.h:60->Downloads/hls/mmult.h:156->Downloads/hls/mmult_accel.cpp:27
.preheader:152  %sum_16 = fadd float %sum_15, %tmp_16

ST_101: tmp_17 (572)  [2/4] 5.70ns  loc: Downloads/hls/mmult.h:60->Downloads/hls/mmult.h:156->Downloads/hls/mmult_accel.cpp:27
.preheader:155  %tmp_17 = fmul float %a_18_load, %b_18_load


 <State 102>: 7.26ns
ST_102: sum_16 (569)  [1/5] 7.26ns  loc: Downloads/hls/mmult.h:60->Downloads/hls/mmult.h:156->Downloads/hls/mmult_accel.cpp:27
.preheader:152  %sum_16 = fadd float %sum_15, %tmp_16

ST_102: tmp_17 (572)  [1/4] 5.70ns  loc: Downloads/hls/mmult.h:60->Downloads/hls/mmult.h:156->Downloads/hls/mmult_accel.cpp:27
.preheader:155  %tmp_17 = fmul float %a_18_load, %b_18_load


 <State 103>: 7.26ns
ST_103: a_19_addr_1 (464)  [1/1] 0.00ns  loc: Downloads/hls/mmult.h:60->Downloads/hls/mmult.h:156->Downloads/hls/mmult_accel.cpp:27
.preheader:47  %a_19_addr_1 = getelementptr [32 x float]* %a_19, i32 0, i32 %a_0_load_mid2

ST_103: a_19_load (465)  [2/2] 2.71ns  loc: Downloads/hls/mmult.h:60->Downloads/hls/mmult.h:156->Downloads/hls/mmult_accel.cpp:27
.preheader:48  %a_19_load = load float* %a_19_addr_1, align 4

ST_103: sum_17 (573)  [5/5] 7.26ns  loc: Downloads/hls/mmult.h:60->Downloads/hls/mmult.h:156->Downloads/hls/mmult_accel.cpp:27
.preheader:156  %sum_17 = fadd float %sum_16, %tmp_17

ST_103: b_19_addr_1 (574)  [1/1] 0.00ns  loc: Downloads/hls/mmult.h:54->Downloads/hls/mmult.h:156->Downloads/hls/mmult_accel.cpp:27
.preheader:157  %b_19_addr_1 = getelementptr [32 x float]* %b_19, i32 0, i32 %ib_0_i_i_cast5

ST_103: b_19_load (575)  [2/2] 2.71ns  loc: Downloads/hls/mmult.h:60->Downloads/hls/mmult.h:156->Downloads/hls/mmult_accel.cpp:27
.preheader:158  %b_19_load = load float* %b_19_addr_1, align 4


 <State 104>: 8.41ns
ST_104: a_19_load (465)  [1/2] 2.71ns  loc: Downloads/hls/mmult.h:60->Downloads/hls/mmult.h:156->Downloads/hls/mmult_accel.cpp:27
.preheader:48  %a_19_load = load float* %a_19_addr_1, align 4

ST_104: sum_17 (573)  [4/5] 7.26ns  loc: Downloads/hls/mmult.h:60->Downloads/hls/mmult.h:156->Downloads/hls/mmult_accel.cpp:27
.preheader:156  %sum_17 = fadd float %sum_16, %tmp_17

ST_104: b_19_load (575)  [1/2] 2.71ns  loc: Downloads/hls/mmult.h:60->Downloads/hls/mmult.h:156->Downloads/hls/mmult_accel.cpp:27
.preheader:158  %b_19_load = load float* %b_19_addr_1, align 4

ST_104: tmp_18 (576)  [4/4] 5.70ns  loc: Downloads/hls/mmult.h:60->Downloads/hls/mmult.h:156->Downloads/hls/mmult_accel.cpp:27
.preheader:159  %tmp_18 = fmul float %a_19_load, %b_19_load


 <State 105>: 7.26ns
ST_105: sum_17 (573)  [3/5] 7.26ns  loc: Downloads/hls/mmult.h:60->Downloads/hls/mmult.h:156->Downloads/hls/mmult_accel.cpp:27
.preheader:156  %sum_17 = fadd float %sum_16, %tmp_17

ST_105: tmp_18 (576)  [3/4] 5.70ns  loc: Downloads/hls/mmult.h:60->Downloads/hls/mmult.h:156->Downloads/hls/mmult_accel.cpp:27
.preheader:159  %tmp_18 = fmul float %a_19_load, %b_19_load


 <State 106>: 7.26ns
ST_106: sum_17 (573)  [2/5] 7.26ns  loc: Downloads/hls/mmult.h:60->Downloads/hls/mmult.h:156->Downloads/hls/mmult_accel.cpp:27
.preheader:156  %sum_17 = fadd float %sum_16, %tmp_17

ST_106: tmp_18 (576)  [2/4] 5.70ns  loc: Downloads/hls/mmult.h:60->Downloads/hls/mmult.h:156->Downloads/hls/mmult_accel.cpp:27
.preheader:159  %tmp_18 = fmul float %a_19_load, %b_19_load


 <State 107>: 7.26ns
ST_107: sum_17 (573)  [1/5] 7.26ns  loc: Downloads/hls/mmult.h:60->Downloads/hls/mmult.h:156->Downloads/hls/mmult_accel.cpp:27
.preheader:156  %sum_17 = fadd float %sum_16, %tmp_17

ST_107: tmp_18 (576)  [1/4] 5.70ns  loc: Downloads/hls/mmult.h:60->Downloads/hls/mmult.h:156->Downloads/hls/mmult_accel.cpp:27
.preheader:159  %tmp_18 = fmul float %a_19_load, %b_19_load


 <State 108>: 7.26ns
ST_108: a_20_addr_1 (466)  [1/1] 0.00ns  loc: Downloads/hls/mmult.h:60->Downloads/hls/mmult.h:156->Downloads/hls/mmult_accel.cpp:27
.preheader:49  %a_20_addr_1 = getelementptr [32 x float]* %a_20, i32 0, i32 %a_0_load_mid2

ST_108: a_20_load (467)  [2/2] 2.71ns  loc: Downloads/hls/mmult.h:60->Downloads/hls/mmult.h:156->Downloads/hls/mmult_accel.cpp:27
.preheader:50  %a_20_load = load float* %a_20_addr_1, align 4

ST_108: sum_18 (577)  [5/5] 7.26ns  loc: Downloads/hls/mmult.h:60->Downloads/hls/mmult.h:156->Downloads/hls/mmult_accel.cpp:27
.preheader:160  %sum_18 = fadd float %sum_17, %tmp_18

ST_108: b_20_addr_1 (578)  [1/1] 0.00ns  loc: Downloads/hls/mmult.h:54->Downloads/hls/mmult.h:156->Downloads/hls/mmult_accel.cpp:27
.preheader:161  %b_20_addr_1 = getelementptr [32 x float]* %b_20, i32 0, i32 %ib_0_i_i_cast5

ST_108: b_20_load (579)  [2/2] 2.71ns  loc: Downloads/hls/mmult.h:60->Downloads/hls/mmult.h:156->Downloads/hls/mmult_accel.cpp:27
.preheader:162  %b_20_load = load float* %b_20_addr_1, align 4


 <State 109>: 8.41ns
ST_109: a_20_load (467)  [1/2] 2.71ns  loc: Downloads/hls/mmult.h:60->Downloads/hls/mmult.h:156->Downloads/hls/mmult_accel.cpp:27
.preheader:50  %a_20_load = load float* %a_20_addr_1, align 4

ST_109: sum_18 (577)  [4/5] 7.26ns  loc: Downloads/hls/mmult.h:60->Downloads/hls/mmult.h:156->Downloads/hls/mmult_accel.cpp:27
.preheader:160  %sum_18 = fadd float %sum_17, %tmp_18

ST_109: b_20_load (579)  [1/2] 2.71ns  loc: Downloads/hls/mmult.h:60->Downloads/hls/mmult.h:156->Downloads/hls/mmult_accel.cpp:27
.preheader:162  %b_20_load = load float* %b_20_addr_1, align 4

ST_109: tmp_19 (580)  [4/4] 5.70ns  loc: Downloads/hls/mmult.h:60->Downloads/hls/mmult.h:156->Downloads/hls/mmult_accel.cpp:27
.preheader:163  %tmp_19 = fmul float %a_20_load, %b_20_load


 <State 110>: 7.26ns
ST_110: sum_18 (577)  [3/5] 7.26ns  loc: Downloads/hls/mmult.h:60->Downloads/hls/mmult.h:156->Downloads/hls/mmult_accel.cpp:27
.preheader:160  %sum_18 = fadd float %sum_17, %tmp_18

ST_110: tmp_19 (580)  [3/4] 5.70ns  loc: Downloads/hls/mmult.h:60->Downloads/hls/mmult.h:156->Downloads/hls/mmult_accel.cpp:27
.preheader:163  %tmp_19 = fmul float %a_20_load, %b_20_load


 <State 111>: 7.26ns
ST_111: sum_18 (577)  [2/5] 7.26ns  loc: Downloads/hls/mmult.h:60->Downloads/hls/mmult.h:156->Downloads/hls/mmult_accel.cpp:27
.preheader:160  %sum_18 = fadd float %sum_17, %tmp_18

ST_111: tmp_19 (580)  [2/4] 5.70ns  loc: Downloads/hls/mmult.h:60->Downloads/hls/mmult.h:156->Downloads/hls/mmult_accel.cpp:27
.preheader:163  %tmp_19 = fmul float %a_20_load, %b_20_load


 <State 112>: 7.26ns
ST_112: sum_18 (577)  [1/5] 7.26ns  loc: Downloads/hls/mmult.h:60->Downloads/hls/mmult.h:156->Downloads/hls/mmult_accel.cpp:27
.preheader:160  %sum_18 = fadd float %sum_17, %tmp_18

ST_112: tmp_19 (580)  [1/4] 5.70ns  loc: Downloads/hls/mmult.h:60->Downloads/hls/mmult.h:156->Downloads/hls/mmult_accel.cpp:27
.preheader:163  %tmp_19 = fmul float %a_20_load, %b_20_load


 <State 113>: 7.26ns
ST_113: a_21_addr_1 (468)  [1/1] 0.00ns  loc: Downloads/hls/mmult.h:60->Downloads/hls/mmult.h:156->Downloads/hls/mmult_accel.cpp:27
.preheader:51  %a_21_addr_1 = getelementptr [32 x float]* %a_21, i32 0, i32 %a_0_load_mid2

ST_113: a_21_load (469)  [2/2] 2.71ns  loc: Downloads/hls/mmult.h:60->Downloads/hls/mmult.h:156->Downloads/hls/mmult_accel.cpp:27
.preheader:52  %a_21_load = load float* %a_21_addr_1, align 4

ST_113: sum_19 (581)  [5/5] 7.26ns  loc: Downloads/hls/mmult.h:60->Downloads/hls/mmult.h:156->Downloads/hls/mmult_accel.cpp:27
.preheader:164  %sum_19 = fadd float %sum_18, %tmp_19

ST_113: b_21_addr_1 (582)  [1/1] 0.00ns  loc: Downloads/hls/mmult.h:54->Downloads/hls/mmult.h:156->Downloads/hls/mmult_accel.cpp:27
.preheader:165  %b_21_addr_1 = getelementptr [32 x float]* %b_21, i32 0, i32 %ib_0_i_i_cast5

ST_113: b_21_load (583)  [2/2] 2.71ns  loc: Downloads/hls/mmult.h:60->Downloads/hls/mmult.h:156->Downloads/hls/mmult_accel.cpp:27
.preheader:166  %b_21_load = load float* %b_21_addr_1, align 4


 <State 114>: 8.41ns
ST_114: a_21_load (469)  [1/2] 2.71ns  loc: Downloads/hls/mmult.h:60->Downloads/hls/mmult.h:156->Downloads/hls/mmult_accel.cpp:27
.preheader:52  %a_21_load = load float* %a_21_addr_1, align 4

ST_114: sum_19 (581)  [4/5] 7.26ns  loc: Downloads/hls/mmult.h:60->Downloads/hls/mmult.h:156->Downloads/hls/mmult_accel.cpp:27
.preheader:164  %sum_19 = fadd float %sum_18, %tmp_19

ST_114: b_21_load (583)  [1/2] 2.71ns  loc: Downloads/hls/mmult.h:60->Downloads/hls/mmult.h:156->Downloads/hls/mmult_accel.cpp:27
.preheader:166  %b_21_load = load float* %b_21_addr_1, align 4

ST_114: tmp_20 (584)  [4/4] 5.70ns  loc: Downloads/hls/mmult.h:60->Downloads/hls/mmult.h:156->Downloads/hls/mmult_accel.cpp:27
.preheader:167  %tmp_20 = fmul float %a_21_load, %b_21_load


 <State 115>: 7.26ns
ST_115: sum_19 (581)  [3/5] 7.26ns  loc: Downloads/hls/mmult.h:60->Downloads/hls/mmult.h:156->Downloads/hls/mmult_accel.cpp:27
.preheader:164  %sum_19 = fadd float %sum_18, %tmp_19

ST_115: tmp_20 (584)  [3/4] 5.70ns  loc: Downloads/hls/mmult.h:60->Downloads/hls/mmult.h:156->Downloads/hls/mmult_accel.cpp:27
.preheader:167  %tmp_20 = fmul float %a_21_load, %b_21_load


 <State 116>: 7.26ns
ST_116: sum_19 (581)  [2/5] 7.26ns  loc: Downloads/hls/mmult.h:60->Downloads/hls/mmult.h:156->Downloads/hls/mmult_accel.cpp:27
.preheader:164  %sum_19 = fadd float %sum_18, %tmp_19

ST_116: tmp_20 (584)  [2/4] 5.70ns  loc: Downloads/hls/mmult.h:60->Downloads/hls/mmult.h:156->Downloads/hls/mmult_accel.cpp:27
.preheader:167  %tmp_20 = fmul float %a_21_load, %b_21_load


 <State 117>: 7.26ns
ST_117: sum_19 (581)  [1/5] 7.26ns  loc: Downloads/hls/mmult.h:60->Downloads/hls/mmult.h:156->Downloads/hls/mmult_accel.cpp:27
.preheader:164  %sum_19 = fadd float %sum_18, %tmp_19

ST_117: tmp_20 (584)  [1/4] 5.70ns  loc: Downloads/hls/mmult.h:60->Downloads/hls/mmult.h:156->Downloads/hls/mmult_accel.cpp:27
.preheader:167  %tmp_20 = fmul float %a_21_load, %b_21_load


 <State 118>: 7.26ns
ST_118: a_22_addr_1 (470)  [1/1] 0.00ns  loc: Downloads/hls/mmult.h:60->Downloads/hls/mmult.h:156->Downloads/hls/mmult_accel.cpp:27
.preheader:53  %a_22_addr_1 = getelementptr [32 x float]* %a_22, i32 0, i32 %a_0_load_mid2

ST_118: a_22_load (471)  [2/2] 2.71ns  loc: Downloads/hls/mmult.h:60->Downloads/hls/mmult.h:156->Downloads/hls/mmult_accel.cpp:27
.preheader:54  %a_22_load = load float* %a_22_addr_1, align 4

ST_118: sum_20 (585)  [5/5] 7.26ns  loc: Downloads/hls/mmult.h:60->Downloads/hls/mmult.h:156->Downloads/hls/mmult_accel.cpp:27
.preheader:168  %sum_20 = fadd float %sum_19, %tmp_20

ST_118: b_22_addr_1 (586)  [1/1] 0.00ns  loc: Downloads/hls/mmult.h:54->Downloads/hls/mmult.h:156->Downloads/hls/mmult_accel.cpp:27
.preheader:169  %b_22_addr_1 = getelementptr [32 x float]* %b_22, i32 0, i32 %ib_0_i_i_cast5

ST_118: b_22_load (587)  [2/2] 2.71ns  loc: Downloads/hls/mmult.h:60->Downloads/hls/mmult.h:156->Downloads/hls/mmult_accel.cpp:27
.preheader:170  %b_22_load = load float* %b_22_addr_1, align 4


 <State 119>: 8.41ns
ST_119: a_22_load (471)  [1/2] 2.71ns  loc: Downloads/hls/mmult.h:60->Downloads/hls/mmult.h:156->Downloads/hls/mmult_accel.cpp:27
.preheader:54  %a_22_load = load float* %a_22_addr_1, align 4

ST_119: sum_20 (585)  [4/5] 7.26ns  loc: Downloads/hls/mmult.h:60->Downloads/hls/mmult.h:156->Downloads/hls/mmult_accel.cpp:27
.preheader:168  %sum_20 = fadd float %sum_19, %tmp_20

ST_119: b_22_load (587)  [1/2] 2.71ns  loc: Downloads/hls/mmult.h:60->Downloads/hls/mmult.h:156->Downloads/hls/mmult_accel.cpp:27
.preheader:170  %b_22_load = load float* %b_22_addr_1, align 4

ST_119: tmp_21 (588)  [4/4] 5.70ns  loc: Downloads/hls/mmult.h:60->Downloads/hls/mmult.h:156->Downloads/hls/mmult_accel.cpp:27
.preheader:171  %tmp_21 = fmul float %a_22_load, %b_22_load


 <State 120>: 7.26ns
ST_120: sum_20 (585)  [3/5] 7.26ns  loc: Downloads/hls/mmult.h:60->Downloads/hls/mmult.h:156->Downloads/hls/mmult_accel.cpp:27
.preheader:168  %sum_20 = fadd float %sum_19, %tmp_20

ST_120: tmp_21 (588)  [3/4] 5.70ns  loc: Downloads/hls/mmult.h:60->Downloads/hls/mmult.h:156->Downloads/hls/mmult_accel.cpp:27
.preheader:171  %tmp_21 = fmul float %a_22_load, %b_22_load


 <State 121>: 7.26ns
ST_121: sum_20 (585)  [2/5] 7.26ns  loc: Downloads/hls/mmult.h:60->Downloads/hls/mmult.h:156->Downloads/hls/mmult_accel.cpp:27
.preheader:168  %sum_20 = fadd float %sum_19, %tmp_20

ST_121: tmp_21 (588)  [2/4] 5.70ns  loc: Downloads/hls/mmult.h:60->Downloads/hls/mmult.h:156->Downloads/hls/mmult_accel.cpp:27
.preheader:171  %tmp_21 = fmul float %a_22_load, %b_22_load


 <State 122>: 7.26ns
ST_122: sum_20 (585)  [1/5] 7.26ns  loc: Downloads/hls/mmult.h:60->Downloads/hls/mmult.h:156->Downloads/hls/mmult_accel.cpp:27
.preheader:168  %sum_20 = fadd float %sum_19, %tmp_20

ST_122: tmp_21 (588)  [1/4] 5.70ns  loc: Downloads/hls/mmult.h:60->Downloads/hls/mmult.h:156->Downloads/hls/mmult_accel.cpp:27
.preheader:171  %tmp_21 = fmul float %a_22_load, %b_22_load


 <State 123>: 7.26ns
ST_123: a_23_addr_1 (472)  [1/1] 0.00ns  loc: Downloads/hls/mmult.h:60->Downloads/hls/mmult.h:156->Downloads/hls/mmult_accel.cpp:27
.preheader:55  %a_23_addr_1 = getelementptr [32 x float]* %a_23, i32 0, i32 %a_0_load_mid2

ST_123: a_23_load (473)  [2/2] 2.71ns  loc: Downloads/hls/mmult.h:60->Downloads/hls/mmult.h:156->Downloads/hls/mmult_accel.cpp:27
.preheader:56  %a_23_load = load float* %a_23_addr_1, align 4

ST_123: sum_21 (589)  [5/5] 7.26ns  loc: Downloads/hls/mmult.h:60->Downloads/hls/mmult.h:156->Downloads/hls/mmult_accel.cpp:27
.preheader:172  %sum_21 = fadd float %sum_20, %tmp_21

ST_123: b_23_addr_1 (590)  [1/1] 0.00ns  loc: Downloads/hls/mmult.h:54->Downloads/hls/mmult.h:156->Downloads/hls/mmult_accel.cpp:27
.preheader:173  %b_23_addr_1 = getelementptr [32 x float]* %b_23, i32 0, i32 %ib_0_i_i_cast5

ST_123: b_23_load (591)  [2/2] 2.71ns  loc: Downloads/hls/mmult.h:60->Downloads/hls/mmult.h:156->Downloads/hls/mmult_accel.cpp:27
.preheader:174  %b_23_load = load float* %b_23_addr_1, align 4


 <State 124>: 8.41ns
ST_124: a_23_load (473)  [1/2] 2.71ns  loc: Downloads/hls/mmult.h:60->Downloads/hls/mmult.h:156->Downloads/hls/mmult_accel.cpp:27
.preheader:56  %a_23_load = load float* %a_23_addr_1, align 4

ST_124: sum_21 (589)  [4/5] 7.26ns  loc: Downloads/hls/mmult.h:60->Downloads/hls/mmult.h:156->Downloads/hls/mmult_accel.cpp:27
.preheader:172  %sum_21 = fadd float %sum_20, %tmp_21

ST_124: b_23_load (591)  [1/2] 2.71ns  loc: Downloads/hls/mmult.h:60->Downloads/hls/mmult.h:156->Downloads/hls/mmult_accel.cpp:27
.preheader:174  %b_23_load = load float* %b_23_addr_1, align 4

ST_124: tmp_22 (592)  [4/4] 5.70ns  loc: Downloads/hls/mmult.h:60->Downloads/hls/mmult.h:156->Downloads/hls/mmult_accel.cpp:27
.preheader:175  %tmp_22 = fmul float %a_23_load, %b_23_load


 <State 125>: 7.26ns
ST_125: sum_21 (589)  [3/5] 7.26ns  loc: Downloads/hls/mmult.h:60->Downloads/hls/mmult.h:156->Downloads/hls/mmult_accel.cpp:27
.preheader:172  %sum_21 = fadd float %sum_20, %tmp_21

ST_125: tmp_22 (592)  [3/4] 5.70ns  loc: Downloads/hls/mmult.h:60->Downloads/hls/mmult.h:156->Downloads/hls/mmult_accel.cpp:27
.preheader:175  %tmp_22 = fmul float %a_23_load, %b_23_load


 <State 126>: 7.26ns
ST_126: sum_21 (589)  [2/5] 7.26ns  loc: Downloads/hls/mmult.h:60->Downloads/hls/mmult.h:156->Downloads/hls/mmult_accel.cpp:27
.preheader:172  %sum_21 = fadd float %sum_20, %tmp_21

ST_126: tmp_22 (592)  [2/4] 5.70ns  loc: Downloads/hls/mmult.h:60->Downloads/hls/mmult.h:156->Downloads/hls/mmult_accel.cpp:27
.preheader:175  %tmp_22 = fmul float %a_23_load, %b_23_load


 <State 127>: 7.26ns
ST_127: sum_21 (589)  [1/5] 7.26ns  loc: Downloads/hls/mmult.h:60->Downloads/hls/mmult.h:156->Downloads/hls/mmult_accel.cpp:27
.preheader:172  %sum_21 = fadd float %sum_20, %tmp_21

ST_127: tmp_22 (592)  [1/4] 5.70ns  loc: Downloads/hls/mmult.h:60->Downloads/hls/mmult.h:156->Downloads/hls/mmult_accel.cpp:27
.preheader:175  %tmp_22 = fmul float %a_23_load, %b_23_load


 <State 128>: 7.26ns
ST_128: a_24_addr_1 (474)  [1/1] 0.00ns  loc: Downloads/hls/mmult.h:60->Downloads/hls/mmult.h:156->Downloads/hls/mmult_accel.cpp:27
.preheader:57  %a_24_addr_1 = getelementptr [32 x float]* %a_24, i32 0, i32 %a_0_load_mid2

ST_128: a_24_load (475)  [2/2] 2.71ns  loc: Downloads/hls/mmult.h:60->Downloads/hls/mmult.h:156->Downloads/hls/mmult_accel.cpp:27
.preheader:58  %a_24_load = load float* %a_24_addr_1, align 4

ST_128: sum_22 (593)  [5/5] 7.26ns  loc: Downloads/hls/mmult.h:60->Downloads/hls/mmult.h:156->Downloads/hls/mmult_accel.cpp:27
.preheader:176  %sum_22 = fadd float %sum_21, %tmp_22

ST_128: b_24_addr_1 (594)  [1/1] 0.00ns  loc: Downloads/hls/mmult.h:54->Downloads/hls/mmult.h:156->Downloads/hls/mmult_accel.cpp:27
.preheader:177  %b_24_addr_1 = getelementptr [32 x float]* %b_24, i32 0, i32 %ib_0_i_i_cast5

ST_128: b_24_load (595)  [2/2] 2.71ns  loc: Downloads/hls/mmult.h:60->Downloads/hls/mmult.h:156->Downloads/hls/mmult_accel.cpp:27
.preheader:178  %b_24_load = load float* %b_24_addr_1, align 4


 <State 129>: 8.41ns
ST_129: a_24_load (475)  [1/2] 2.71ns  loc: Downloads/hls/mmult.h:60->Downloads/hls/mmult.h:156->Downloads/hls/mmult_accel.cpp:27
.preheader:58  %a_24_load = load float* %a_24_addr_1, align 4

ST_129: sum_22 (593)  [4/5] 7.26ns  loc: Downloads/hls/mmult.h:60->Downloads/hls/mmult.h:156->Downloads/hls/mmult_accel.cpp:27
.preheader:176  %sum_22 = fadd float %sum_21, %tmp_22

ST_129: b_24_load (595)  [1/2] 2.71ns  loc: Downloads/hls/mmult.h:60->Downloads/hls/mmult.h:156->Downloads/hls/mmult_accel.cpp:27
.preheader:178  %b_24_load = load float* %b_24_addr_1, align 4

ST_129: tmp_23 (596)  [4/4] 5.70ns  loc: Downloads/hls/mmult.h:60->Downloads/hls/mmult.h:156->Downloads/hls/mmult_accel.cpp:27
.preheader:179  %tmp_23 = fmul float %a_24_load, %b_24_load


 <State 130>: 7.26ns
ST_130: sum_22 (593)  [3/5] 7.26ns  loc: Downloads/hls/mmult.h:60->Downloads/hls/mmult.h:156->Downloads/hls/mmult_accel.cpp:27
.preheader:176  %sum_22 = fadd float %sum_21, %tmp_22

ST_130: tmp_23 (596)  [3/4] 5.70ns  loc: Downloads/hls/mmult.h:60->Downloads/hls/mmult.h:156->Downloads/hls/mmult_accel.cpp:27
.preheader:179  %tmp_23 = fmul float %a_24_load, %b_24_load


 <State 131>: 7.26ns
ST_131: sum_22 (593)  [2/5] 7.26ns  loc: Downloads/hls/mmult.h:60->Downloads/hls/mmult.h:156->Downloads/hls/mmult_accel.cpp:27
.preheader:176  %sum_22 = fadd float %sum_21, %tmp_22

ST_131: tmp_23 (596)  [2/4] 5.70ns  loc: Downloads/hls/mmult.h:60->Downloads/hls/mmult.h:156->Downloads/hls/mmult_accel.cpp:27
.preheader:179  %tmp_23 = fmul float %a_24_load, %b_24_load


 <State 132>: 7.26ns
ST_132: sum_22 (593)  [1/5] 7.26ns  loc: Downloads/hls/mmult.h:60->Downloads/hls/mmult.h:156->Downloads/hls/mmult_accel.cpp:27
.preheader:176  %sum_22 = fadd float %sum_21, %tmp_22

ST_132: tmp_23 (596)  [1/4] 5.70ns  loc: Downloads/hls/mmult.h:60->Downloads/hls/mmult.h:156->Downloads/hls/mmult_accel.cpp:27
.preheader:179  %tmp_23 = fmul float %a_24_load, %b_24_load


 <State 133>: 7.26ns
ST_133: a_25_addr_1 (476)  [1/1] 0.00ns  loc: Downloads/hls/mmult.h:60->Downloads/hls/mmult.h:156->Downloads/hls/mmult_accel.cpp:27
.preheader:59  %a_25_addr_1 = getelementptr [32 x float]* %a_25, i32 0, i32 %a_0_load_mid2

ST_133: a_25_load (477)  [2/2] 2.71ns  loc: Downloads/hls/mmult.h:60->Downloads/hls/mmult.h:156->Downloads/hls/mmult_accel.cpp:27
.preheader:60  %a_25_load = load float* %a_25_addr_1, align 4

ST_133: sum_23 (597)  [5/5] 7.26ns  loc: Downloads/hls/mmult.h:60->Downloads/hls/mmult.h:156->Downloads/hls/mmult_accel.cpp:27
.preheader:180  %sum_23 = fadd float %sum_22, %tmp_23

ST_133: b_25_addr_1 (598)  [1/1] 0.00ns  loc: Downloads/hls/mmult.h:54->Downloads/hls/mmult.h:156->Downloads/hls/mmult_accel.cpp:27
.preheader:181  %b_25_addr_1 = getelementptr [32 x float]* %b_25, i32 0, i32 %ib_0_i_i_cast5

ST_133: b_25_load (599)  [2/2] 2.71ns  loc: Downloads/hls/mmult.h:60->Downloads/hls/mmult.h:156->Downloads/hls/mmult_accel.cpp:27
.preheader:182  %b_25_load = load float* %b_25_addr_1, align 4


 <State 134>: 8.41ns
ST_134: a_25_load (477)  [1/2] 2.71ns  loc: Downloads/hls/mmult.h:60->Downloads/hls/mmult.h:156->Downloads/hls/mmult_accel.cpp:27
.preheader:60  %a_25_load = load float* %a_25_addr_1, align 4

ST_134: sum_23 (597)  [4/5] 7.26ns  loc: Downloads/hls/mmult.h:60->Downloads/hls/mmult.h:156->Downloads/hls/mmult_accel.cpp:27
.preheader:180  %sum_23 = fadd float %sum_22, %tmp_23

ST_134: b_25_load (599)  [1/2] 2.71ns  loc: Downloads/hls/mmult.h:60->Downloads/hls/mmult.h:156->Downloads/hls/mmult_accel.cpp:27
.preheader:182  %b_25_load = load float* %b_25_addr_1, align 4

ST_134: tmp_24 (600)  [4/4] 5.70ns  loc: Downloads/hls/mmult.h:60->Downloads/hls/mmult.h:156->Downloads/hls/mmult_accel.cpp:27
.preheader:183  %tmp_24 = fmul float %a_25_load, %b_25_load


 <State 135>: 7.26ns
ST_135: sum_23 (597)  [3/5] 7.26ns  loc: Downloads/hls/mmult.h:60->Downloads/hls/mmult.h:156->Downloads/hls/mmult_accel.cpp:27
.preheader:180  %sum_23 = fadd float %sum_22, %tmp_23

ST_135: tmp_24 (600)  [3/4] 5.70ns  loc: Downloads/hls/mmult.h:60->Downloads/hls/mmult.h:156->Downloads/hls/mmult_accel.cpp:27
.preheader:183  %tmp_24 = fmul float %a_25_load, %b_25_load


 <State 136>: 7.26ns
ST_136: sum_23 (597)  [2/5] 7.26ns  loc: Downloads/hls/mmult.h:60->Downloads/hls/mmult.h:156->Downloads/hls/mmult_accel.cpp:27
.preheader:180  %sum_23 = fadd float %sum_22, %tmp_23

ST_136: tmp_24 (600)  [2/4] 5.70ns  loc: Downloads/hls/mmult.h:60->Downloads/hls/mmult.h:156->Downloads/hls/mmult_accel.cpp:27
.preheader:183  %tmp_24 = fmul float %a_25_load, %b_25_load


 <State 137>: 7.26ns
ST_137: sum_23 (597)  [1/5] 7.26ns  loc: Downloads/hls/mmult.h:60->Downloads/hls/mmult.h:156->Downloads/hls/mmult_accel.cpp:27
.preheader:180  %sum_23 = fadd float %sum_22, %tmp_23

ST_137: tmp_24 (600)  [1/4] 5.70ns  loc: Downloads/hls/mmult.h:60->Downloads/hls/mmult.h:156->Downloads/hls/mmult_accel.cpp:27
.preheader:183  %tmp_24 = fmul float %a_25_load, %b_25_load


 <State 138>: 7.26ns
ST_138: a_26_addr_1 (478)  [1/1] 0.00ns  loc: Downloads/hls/mmult.h:60->Downloads/hls/mmult.h:156->Downloads/hls/mmult_accel.cpp:27
.preheader:61  %a_26_addr_1 = getelementptr [32 x float]* %a_26, i32 0, i32 %a_0_load_mid2

ST_138: a_26_load (479)  [2/2] 2.71ns  loc: Downloads/hls/mmult.h:60->Downloads/hls/mmult.h:156->Downloads/hls/mmult_accel.cpp:27
.preheader:62  %a_26_load = load float* %a_26_addr_1, align 4

ST_138: sum_24 (601)  [5/5] 7.26ns  loc: Downloads/hls/mmult.h:60->Downloads/hls/mmult.h:156->Downloads/hls/mmult_accel.cpp:27
.preheader:184  %sum_24 = fadd float %sum_23, %tmp_24

ST_138: b_26_addr_1 (602)  [1/1] 0.00ns  loc: Downloads/hls/mmult.h:54->Downloads/hls/mmult.h:156->Downloads/hls/mmult_accel.cpp:27
.preheader:185  %b_26_addr_1 = getelementptr [32 x float]* %b_26, i32 0, i32 %ib_0_i_i_cast5

ST_138: b_26_load (603)  [2/2] 2.71ns  loc: Downloads/hls/mmult.h:60->Downloads/hls/mmult.h:156->Downloads/hls/mmult_accel.cpp:27
.preheader:186  %b_26_load = load float* %b_26_addr_1, align 4


 <State 139>: 8.41ns
ST_139: a_26_load (479)  [1/2] 2.71ns  loc: Downloads/hls/mmult.h:60->Downloads/hls/mmult.h:156->Downloads/hls/mmult_accel.cpp:27
.preheader:62  %a_26_load = load float* %a_26_addr_1, align 4

ST_139: sum_24 (601)  [4/5] 7.26ns  loc: Downloads/hls/mmult.h:60->Downloads/hls/mmult.h:156->Downloads/hls/mmult_accel.cpp:27
.preheader:184  %sum_24 = fadd float %sum_23, %tmp_24

ST_139: b_26_load (603)  [1/2] 2.71ns  loc: Downloads/hls/mmult.h:60->Downloads/hls/mmult.h:156->Downloads/hls/mmult_accel.cpp:27
.preheader:186  %b_26_load = load float* %b_26_addr_1, align 4

ST_139: tmp_25 (604)  [4/4] 5.70ns  loc: Downloads/hls/mmult.h:60->Downloads/hls/mmult.h:156->Downloads/hls/mmult_accel.cpp:27
.preheader:187  %tmp_25 = fmul float %a_26_load, %b_26_load


 <State 140>: 7.26ns
ST_140: sum_24 (601)  [3/5] 7.26ns  loc: Downloads/hls/mmult.h:60->Downloads/hls/mmult.h:156->Downloads/hls/mmult_accel.cpp:27
.preheader:184  %sum_24 = fadd float %sum_23, %tmp_24

ST_140: tmp_25 (604)  [3/4] 5.70ns  loc: Downloads/hls/mmult.h:60->Downloads/hls/mmult.h:156->Downloads/hls/mmult_accel.cpp:27
.preheader:187  %tmp_25 = fmul float %a_26_load, %b_26_load


 <State 141>: 7.26ns
ST_141: sum_24 (601)  [2/5] 7.26ns  loc: Downloads/hls/mmult.h:60->Downloads/hls/mmult.h:156->Downloads/hls/mmult_accel.cpp:27
.preheader:184  %sum_24 = fadd float %sum_23, %tmp_24

ST_141: tmp_25 (604)  [2/4] 5.70ns  loc: Downloads/hls/mmult.h:60->Downloads/hls/mmult.h:156->Downloads/hls/mmult_accel.cpp:27
.preheader:187  %tmp_25 = fmul float %a_26_load, %b_26_load


 <State 142>: 7.26ns
ST_142: sum_24 (601)  [1/5] 7.26ns  loc: Downloads/hls/mmult.h:60->Downloads/hls/mmult.h:156->Downloads/hls/mmult_accel.cpp:27
.preheader:184  %sum_24 = fadd float %sum_23, %tmp_24

ST_142: tmp_25 (604)  [1/4] 5.70ns  loc: Downloads/hls/mmult.h:60->Downloads/hls/mmult.h:156->Downloads/hls/mmult_accel.cpp:27
.preheader:187  %tmp_25 = fmul float %a_26_load, %b_26_load


 <State 143>: 7.26ns
ST_143: a_27_addr_1 (480)  [1/1] 0.00ns  loc: Downloads/hls/mmult.h:60->Downloads/hls/mmult.h:156->Downloads/hls/mmult_accel.cpp:27
.preheader:63  %a_27_addr_1 = getelementptr [32 x float]* %a_27, i32 0, i32 %a_0_load_mid2

ST_143: a_27_load (481)  [2/2] 2.71ns  loc: Downloads/hls/mmult.h:60->Downloads/hls/mmult.h:156->Downloads/hls/mmult_accel.cpp:27
.preheader:64  %a_27_load = load float* %a_27_addr_1, align 4

ST_143: sum_25 (605)  [5/5] 7.26ns  loc: Downloads/hls/mmult.h:60->Downloads/hls/mmult.h:156->Downloads/hls/mmult_accel.cpp:27
.preheader:188  %sum_25 = fadd float %sum_24, %tmp_25

ST_143: b_27_addr_1 (606)  [1/1] 0.00ns  loc: Downloads/hls/mmult.h:54->Downloads/hls/mmult.h:156->Downloads/hls/mmult_accel.cpp:27
.preheader:189  %b_27_addr_1 = getelementptr [32 x float]* %b_27, i32 0, i32 %ib_0_i_i_cast5

ST_143: b_27_load (607)  [2/2] 2.71ns  loc: Downloads/hls/mmult.h:60->Downloads/hls/mmult.h:156->Downloads/hls/mmult_accel.cpp:27
.preheader:190  %b_27_load = load float* %b_27_addr_1, align 4


 <State 144>: 8.41ns
ST_144: a_27_load (481)  [1/2] 2.71ns  loc: Downloads/hls/mmult.h:60->Downloads/hls/mmult.h:156->Downloads/hls/mmult_accel.cpp:27
.preheader:64  %a_27_load = load float* %a_27_addr_1, align 4

ST_144: sum_25 (605)  [4/5] 7.26ns  loc: Downloads/hls/mmult.h:60->Downloads/hls/mmult.h:156->Downloads/hls/mmult_accel.cpp:27
.preheader:188  %sum_25 = fadd float %sum_24, %tmp_25

ST_144: b_27_load (607)  [1/2] 2.71ns  loc: Downloads/hls/mmult.h:60->Downloads/hls/mmult.h:156->Downloads/hls/mmult_accel.cpp:27
.preheader:190  %b_27_load = load float* %b_27_addr_1, align 4

ST_144: tmp_26 (608)  [4/4] 5.70ns  loc: Downloads/hls/mmult.h:60->Downloads/hls/mmult.h:156->Downloads/hls/mmult_accel.cpp:27
.preheader:191  %tmp_26 = fmul float %a_27_load, %b_27_load


 <State 145>: 7.26ns
ST_145: sum_25 (605)  [3/5] 7.26ns  loc: Downloads/hls/mmult.h:60->Downloads/hls/mmult.h:156->Downloads/hls/mmult_accel.cpp:27
.preheader:188  %sum_25 = fadd float %sum_24, %tmp_25

ST_145: tmp_26 (608)  [3/4] 5.70ns  loc: Downloads/hls/mmult.h:60->Downloads/hls/mmult.h:156->Downloads/hls/mmult_accel.cpp:27
.preheader:191  %tmp_26 = fmul float %a_27_load, %b_27_load


 <State 146>: 7.26ns
ST_146: sum_25 (605)  [2/5] 7.26ns  loc: Downloads/hls/mmult.h:60->Downloads/hls/mmult.h:156->Downloads/hls/mmult_accel.cpp:27
.preheader:188  %sum_25 = fadd float %sum_24, %tmp_25

ST_146: tmp_26 (608)  [2/4] 5.70ns  loc: Downloads/hls/mmult.h:60->Downloads/hls/mmult.h:156->Downloads/hls/mmult_accel.cpp:27
.preheader:191  %tmp_26 = fmul float %a_27_load, %b_27_load


 <State 147>: 7.26ns
ST_147: sum_25 (605)  [1/5] 7.26ns  loc: Downloads/hls/mmult.h:60->Downloads/hls/mmult.h:156->Downloads/hls/mmult_accel.cpp:27
.preheader:188  %sum_25 = fadd float %sum_24, %tmp_25

ST_147: tmp_26 (608)  [1/4] 5.70ns  loc: Downloads/hls/mmult.h:60->Downloads/hls/mmult.h:156->Downloads/hls/mmult_accel.cpp:27
.preheader:191  %tmp_26 = fmul float %a_27_load, %b_27_load


 <State 148>: 7.26ns
ST_148: a_28_addr_1 (482)  [1/1] 0.00ns  loc: Downloads/hls/mmult.h:60->Downloads/hls/mmult.h:156->Downloads/hls/mmult_accel.cpp:27
.preheader:65  %a_28_addr_1 = getelementptr [32 x float]* %a_28, i32 0, i32 %a_0_load_mid2

ST_148: a_28_load (483)  [2/2] 2.71ns  loc: Downloads/hls/mmult.h:60->Downloads/hls/mmult.h:156->Downloads/hls/mmult_accel.cpp:27
.preheader:66  %a_28_load = load float* %a_28_addr_1, align 4

ST_148: sum_26 (609)  [5/5] 7.26ns  loc: Downloads/hls/mmult.h:60->Downloads/hls/mmult.h:156->Downloads/hls/mmult_accel.cpp:27
.preheader:192  %sum_26 = fadd float %sum_25, %tmp_26

ST_148: b_28_addr_1 (610)  [1/1] 0.00ns  loc: Downloads/hls/mmult.h:54->Downloads/hls/mmult.h:156->Downloads/hls/mmult_accel.cpp:27
.preheader:193  %b_28_addr_1 = getelementptr [32 x float]* %b_28, i32 0, i32 %ib_0_i_i_cast5

ST_148: b_28_load (611)  [2/2] 2.71ns  loc: Downloads/hls/mmult.h:60->Downloads/hls/mmult.h:156->Downloads/hls/mmult_accel.cpp:27
.preheader:194  %b_28_load = load float* %b_28_addr_1, align 4


 <State 149>: 8.41ns
ST_149: a_28_load (483)  [1/2] 2.71ns  loc: Downloads/hls/mmult.h:60->Downloads/hls/mmult.h:156->Downloads/hls/mmult_accel.cpp:27
.preheader:66  %a_28_load = load float* %a_28_addr_1, align 4

ST_149: sum_26 (609)  [4/5] 7.26ns  loc: Downloads/hls/mmult.h:60->Downloads/hls/mmult.h:156->Downloads/hls/mmult_accel.cpp:27
.preheader:192  %sum_26 = fadd float %sum_25, %tmp_26

ST_149: b_28_load (611)  [1/2] 2.71ns  loc: Downloads/hls/mmult.h:60->Downloads/hls/mmult.h:156->Downloads/hls/mmult_accel.cpp:27
.preheader:194  %b_28_load = load float* %b_28_addr_1, align 4

ST_149: tmp_27 (612)  [4/4] 5.70ns  loc: Downloads/hls/mmult.h:60->Downloads/hls/mmult.h:156->Downloads/hls/mmult_accel.cpp:27
.preheader:195  %tmp_27 = fmul float %a_28_load, %b_28_load


 <State 150>: 7.26ns
ST_150: sum_26 (609)  [3/5] 7.26ns  loc: Downloads/hls/mmult.h:60->Downloads/hls/mmult.h:156->Downloads/hls/mmult_accel.cpp:27
.preheader:192  %sum_26 = fadd float %sum_25, %tmp_26

ST_150: tmp_27 (612)  [3/4] 5.70ns  loc: Downloads/hls/mmult.h:60->Downloads/hls/mmult.h:156->Downloads/hls/mmult_accel.cpp:27
.preheader:195  %tmp_27 = fmul float %a_28_load, %b_28_load


 <State 151>: 7.26ns
ST_151: sum_26 (609)  [2/5] 7.26ns  loc: Downloads/hls/mmult.h:60->Downloads/hls/mmult.h:156->Downloads/hls/mmult_accel.cpp:27
.preheader:192  %sum_26 = fadd float %sum_25, %tmp_26

ST_151: tmp_27 (612)  [2/4] 5.70ns  loc: Downloads/hls/mmult.h:60->Downloads/hls/mmult.h:156->Downloads/hls/mmult_accel.cpp:27
.preheader:195  %tmp_27 = fmul float %a_28_load, %b_28_load


 <State 152>: 7.26ns
ST_152: sum_26 (609)  [1/5] 7.26ns  loc: Downloads/hls/mmult.h:60->Downloads/hls/mmult.h:156->Downloads/hls/mmult_accel.cpp:27
.preheader:192  %sum_26 = fadd float %sum_25, %tmp_26

ST_152: tmp_27 (612)  [1/4] 5.70ns  loc: Downloads/hls/mmult.h:60->Downloads/hls/mmult.h:156->Downloads/hls/mmult_accel.cpp:27
.preheader:195  %tmp_27 = fmul float %a_28_load, %b_28_load


 <State 153>: 7.26ns
ST_153: a_29_addr_1 (484)  [1/1] 0.00ns  loc: Downloads/hls/mmult.h:60->Downloads/hls/mmult.h:156->Downloads/hls/mmult_accel.cpp:27
.preheader:67  %a_29_addr_1 = getelementptr [32 x float]* %a_29, i32 0, i32 %a_0_load_mid2

ST_153: a_29_load (485)  [2/2] 2.71ns  loc: Downloads/hls/mmult.h:60->Downloads/hls/mmult.h:156->Downloads/hls/mmult_accel.cpp:27
.preheader:68  %a_29_load = load float* %a_29_addr_1, align 4

ST_153: sum_27 (613)  [5/5] 7.26ns  loc: Downloads/hls/mmult.h:60->Downloads/hls/mmult.h:156->Downloads/hls/mmult_accel.cpp:27
.preheader:196  %sum_27 = fadd float %sum_26, %tmp_27

ST_153: b_29_addr_1 (614)  [1/1] 0.00ns  loc: Downloads/hls/mmult.h:54->Downloads/hls/mmult.h:156->Downloads/hls/mmult_accel.cpp:27
.preheader:197  %b_29_addr_1 = getelementptr [32 x float]* %b_29, i32 0, i32 %ib_0_i_i_cast5

ST_153: b_29_load (615)  [2/2] 2.71ns  loc: Downloads/hls/mmult.h:60->Downloads/hls/mmult.h:156->Downloads/hls/mmult_accel.cpp:27
.preheader:198  %b_29_load = load float* %b_29_addr_1, align 4


 <State 154>: 8.41ns
ST_154: a_29_load (485)  [1/2] 2.71ns  loc: Downloads/hls/mmult.h:60->Downloads/hls/mmult.h:156->Downloads/hls/mmult_accel.cpp:27
.preheader:68  %a_29_load = load float* %a_29_addr_1, align 4

ST_154: sum_27 (613)  [4/5] 7.26ns  loc: Downloads/hls/mmult.h:60->Downloads/hls/mmult.h:156->Downloads/hls/mmult_accel.cpp:27
.preheader:196  %sum_27 = fadd float %sum_26, %tmp_27

ST_154: b_29_load (615)  [1/2] 2.71ns  loc: Downloads/hls/mmult.h:60->Downloads/hls/mmult.h:156->Downloads/hls/mmult_accel.cpp:27
.preheader:198  %b_29_load = load float* %b_29_addr_1, align 4

ST_154: tmp_28 (616)  [4/4] 5.70ns  loc: Downloads/hls/mmult.h:60->Downloads/hls/mmult.h:156->Downloads/hls/mmult_accel.cpp:27
.preheader:199  %tmp_28 = fmul float %a_29_load, %b_29_load


 <State 155>: 7.26ns
ST_155: sum_27 (613)  [3/5] 7.26ns  loc: Downloads/hls/mmult.h:60->Downloads/hls/mmult.h:156->Downloads/hls/mmult_accel.cpp:27
.preheader:196  %sum_27 = fadd float %sum_26, %tmp_27

ST_155: tmp_28 (616)  [3/4] 5.70ns  loc: Downloads/hls/mmult.h:60->Downloads/hls/mmult.h:156->Downloads/hls/mmult_accel.cpp:27
.preheader:199  %tmp_28 = fmul float %a_29_load, %b_29_load


 <State 156>: 7.26ns
ST_156: sum_27 (613)  [2/5] 7.26ns  loc: Downloads/hls/mmult.h:60->Downloads/hls/mmult.h:156->Downloads/hls/mmult_accel.cpp:27
.preheader:196  %sum_27 = fadd float %sum_26, %tmp_27

ST_156: tmp_28 (616)  [2/4] 5.70ns  loc: Downloads/hls/mmult.h:60->Downloads/hls/mmult.h:156->Downloads/hls/mmult_accel.cpp:27
.preheader:199  %tmp_28 = fmul float %a_29_load, %b_29_load


 <State 157>: 7.26ns
ST_157: sum_27 (613)  [1/5] 7.26ns  loc: Downloads/hls/mmult.h:60->Downloads/hls/mmult.h:156->Downloads/hls/mmult_accel.cpp:27
.preheader:196  %sum_27 = fadd float %sum_26, %tmp_27

ST_157: tmp_28 (616)  [1/4] 5.70ns  loc: Downloads/hls/mmult.h:60->Downloads/hls/mmult.h:156->Downloads/hls/mmult_accel.cpp:27
.preheader:199  %tmp_28 = fmul float %a_29_load, %b_29_load


 <State 158>: 7.26ns
ST_158: a_30_addr_1 (486)  [1/1] 0.00ns  loc: Downloads/hls/mmult.h:60->Downloads/hls/mmult.h:156->Downloads/hls/mmult_accel.cpp:27
.preheader:69  %a_30_addr_1 = getelementptr [32 x float]* %a_30, i32 0, i32 %a_0_load_mid2

ST_158: a_30_load (487)  [2/2] 2.71ns  loc: Downloads/hls/mmult.h:60->Downloads/hls/mmult.h:156->Downloads/hls/mmult_accel.cpp:27
.preheader:70  %a_30_load = load float* %a_30_addr_1, align 4

ST_158: a_31_addr_1 (488)  [1/1] 0.00ns  loc: Downloads/hls/mmult.h:60->Downloads/hls/mmult.h:156->Downloads/hls/mmult_accel.cpp:27
.preheader:71  %a_31_addr_1 = getelementptr [32 x float]* %a_31, i32 0, i32 %a_0_load_mid2

ST_158: a_31_load (489)  [2/2] 2.71ns  loc: Downloads/hls/mmult.h:60->Downloads/hls/mmult.h:156->Downloads/hls/mmult_accel.cpp:27
.preheader:72  %a_31_load = load float* %a_31_addr_1, align 4

ST_158: sum_28 (617)  [5/5] 7.26ns  loc: Downloads/hls/mmult.h:60->Downloads/hls/mmult.h:156->Downloads/hls/mmult_accel.cpp:27
.preheader:200  %sum_28 = fadd float %sum_27, %tmp_28

ST_158: b_30_addr_1 (618)  [1/1] 0.00ns  loc: Downloads/hls/mmult.h:54->Downloads/hls/mmult.h:156->Downloads/hls/mmult_accel.cpp:27
.preheader:201  %b_30_addr_1 = getelementptr [32 x float]* %b_30, i32 0, i32 %ib_0_i_i_cast5

ST_158: b_30_load (619)  [2/2] 2.71ns  loc: Downloads/hls/mmult.h:60->Downloads/hls/mmult.h:156->Downloads/hls/mmult_accel.cpp:27
.preheader:202  %b_30_load = load float* %b_30_addr_1, align 4

ST_158: b_31_addr_1 (622)  [1/1] 0.00ns  loc: Downloads/hls/mmult.h:54->Downloads/hls/mmult.h:156->Downloads/hls/mmult_accel.cpp:27
.preheader:205  %b_31_addr_1 = getelementptr [32 x float]* %b_31, i32 0, i32 %ib_0_i_i_cast5

ST_158: b_31_load (623)  [2/2] 2.71ns  loc: Downloads/hls/mmult.h:60->Downloads/hls/mmult.h:156->Downloads/hls/mmult_accel.cpp:27
.preheader:206  %b_31_load = load float* %b_31_addr_1, align 4


 <State 159>: 8.41ns
ST_159: a_30_load (487)  [1/2] 2.71ns  loc: Downloads/hls/mmult.h:60->Downloads/hls/mmult.h:156->Downloads/hls/mmult_accel.cpp:27
.preheader:70  %a_30_load = load float* %a_30_addr_1, align 4

ST_159: a_31_load (489)  [1/2] 2.71ns  loc: Downloads/hls/mmult.h:60->Downloads/hls/mmult.h:156->Downloads/hls/mmult_accel.cpp:27
.preheader:72  %a_31_load = load float* %a_31_addr_1, align 4

ST_159: sum_28 (617)  [4/5] 7.26ns  loc: Downloads/hls/mmult.h:60->Downloads/hls/mmult.h:156->Downloads/hls/mmult_accel.cpp:27
.preheader:200  %sum_28 = fadd float %sum_27, %tmp_28

ST_159: b_30_load (619)  [1/2] 2.71ns  loc: Downloads/hls/mmult.h:60->Downloads/hls/mmult.h:156->Downloads/hls/mmult_accel.cpp:27
.preheader:202  %b_30_load = load float* %b_30_addr_1, align 4

ST_159: tmp_29 (620)  [4/4] 5.70ns  loc: Downloads/hls/mmult.h:60->Downloads/hls/mmult.h:156->Downloads/hls/mmult_accel.cpp:27
.preheader:203  %tmp_29 = fmul float %a_30_load, %b_30_load

ST_159: b_31_load (623)  [1/2] 2.71ns  loc: Downloads/hls/mmult.h:60->Downloads/hls/mmult.h:156->Downloads/hls/mmult_accel.cpp:27
.preheader:206  %b_31_load = load float* %b_31_addr_1, align 4

ST_159: tmp_30 (624)  [4/4] 5.70ns  loc: Downloads/hls/mmult.h:60->Downloads/hls/mmult.h:156->Downloads/hls/mmult_accel.cpp:27
.preheader:207  %tmp_30 = fmul float %a_31_load, %b_31_load


 <State 160>: 7.26ns
ST_160: sum_28 (617)  [3/5] 7.26ns  loc: Downloads/hls/mmult.h:60->Downloads/hls/mmult.h:156->Downloads/hls/mmult_accel.cpp:27
.preheader:200  %sum_28 = fadd float %sum_27, %tmp_28

ST_160: tmp_29 (620)  [3/4] 5.70ns  loc: Downloads/hls/mmult.h:60->Downloads/hls/mmult.h:156->Downloads/hls/mmult_accel.cpp:27
.preheader:203  %tmp_29 = fmul float %a_30_load, %b_30_load

ST_160: tmp_30 (624)  [3/4] 5.70ns  loc: Downloads/hls/mmult.h:60->Downloads/hls/mmult.h:156->Downloads/hls/mmult_accel.cpp:27
.preheader:207  %tmp_30 = fmul float %a_31_load, %b_31_load


 <State 161>: 7.26ns
ST_161: sum_28 (617)  [2/5] 7.26ns  loc: Downloads/hls/mmult.h:60->Downloads/hls/mmult.h:156->Downloads/hls/mmult_accel.cpp:27
.preheader:200  %sum_28 = fadd float %sum_27, %tmp_28

ST_161: tmp_29 (620)  [2/4] 5.70ns  loc: Downloads/hls/mmult.h:60->Downloads/hls/mmult.h:156->Downloads/hls/mmult_accel.cpp:27
.preheader:203  %tmp_29 = fmul float %a_30_load, %b_30_load

ST_161: tmp_30 (624)  [2/4] 5.70ns  loc: Downloads/hls/mmult.h:60->Downloads/hls/mmult.h:156->Downloads/hls/mmult_accel.cpp:27
.preheader:207  %tmp_30 = fmul float %a_31_load, %b_31_load


 <State 162>: 7.26ns
ST_162: sum_28 (617)  [1/5] 7.26ns  loc: Downloads/hls/mmult.h:60->Downloads/hls/mmult.h:156->Downloads/hls/mmult_accel.cpp:27
.preheader:200  %sum_28 = fadd float %sum_27, %tmp_28

ST_162: tmp_29 (620)  [1/4] 5.70ns  loc: Downloads/hls/mmult.h:60->Downloads/hls/mmult.h:156->Downloads/hls/mmult_accel.cpp:27
.preheader:203  %tmp_29 = fmul float %a_30_load, %b_30_load

ST_162: tmp_30 (624)  [1/4] 5.70ns  loc: Downloads/hls/mmult.h:60->Downloads/hls/mmult.h:156->Downloads/hls/mmult_accel.cpp:27
.preheader:207  %tmp_30 = fmul float %a_31_load, %b_31_load


 <State 163>: 7.26ns
ST_163: sum_29 (621)  [5/5] 7.26ns  loc: Downloads/hls/mmult.h:60->Downloads/hls/mmult.h:156->Downloads/hls/mmult_accel.cpp:27
.preheader:204  %sum_29 = fadd float %sum_28, %tmp_29


 <State 164>: 7.26ns
ST_164: sum_29 (621)  [4/5] 7.26ns  loc: Downloads/hls/mmult.h:60->Downloads/hls/mmult.h:156->Downloads/hls/mmult_accel.cpp:27
.preheader:204  %sum_29 = fadd float %sum_28, %tmp_29


 <State 165>: 7.26ns
ST_165: sum_29 (621)  [3/5] 7.26ns  loc: Downloads/hls/mmult.h:60->Downloads/hls/mmult.h:156->Downloads/hls/mmult_accel.cpp:27
.preheader:204  %sum_29 = fadd float %sum_28, %tmp_29


 <State 166>: 7.26ns
ST_166: sum_29 (621)  [2/5] 7.26ns  loc: Downloads/hls/mmult.h:60->Downloads/hls/mmult.h:156->Downloads/hls/mmult_accel.cpp:27
.preheader:204  %sum_29 = fadd float %sum_28, %tmp_29


 <State 167>: 7.26ns
ST_167: sum_29 (621)  [1/5] 7.26ns  loc: Downloads/hls/mmult.h:60->Downloads/hls/mmult.h:156->Downloads/hls/mmult_accel.cpp:27
.preheader:204  %sum_29 = fadd float %sum_28, %tmp_29


 <State 168>: 7.26ns
ST_168: sum_30 (625)  [5/5] 7.26ns  loc: Downloads/hls/mmult.h:60->Downloads/hls/mmult.h:156->Downloads/hls/mmult_accel.cpp:27
.preheader:208  %sum_30 = fadd float %sum_29, %tmp_30


 <State 169>: 7.26ns
ST_169: sum_30 (625)  [4/5] 7.26ns  loc: Downloads/hls/mmult.h:60->Downloads/hls/mmult.h:156->Downloads/hls/mmult_accel.cpp:27
.preheader:208  %sum_30 = fadd float %sum_29, %tmp_30


 <State 170>: 7.26ns
ST_170: sum_30 (625)  [3/5] 7.26ns  loc: Downloads/hls/mmult.h:60->Downloads/hls/mmult.h:156->Downloads/hls/mmult_accel.cpp:27
.preheader:208  %sum_30 = fadd float %sum_29, %tmp_30


 <State 171>: 7.26ns
ST_171: sum_30 (625)  [2/5] 7.26ns  loc: Downloads/hls/mmult.h:60->Downloads/hls/mmult.h:156->Downloads/hls/mmult_accel.cpp:27
.preheader:208  %sum_30 = fadd float %sum_29, %tmp_30


 <State 172>: 7.26ns
ST_172: sum_30 (625)  [1/5] 7.26ns  loc: Downloads/hls/mmult.h:60->Downloads/hls/mmult.h:156->Downloads/hls/mmult_accel.cpp:27
.preheader:208  %sum_30 = fadd float %sum_29, %tmp_30


 <State 173>: 4.55ns
ST_173: StgValue_996 (418)  [1/1] 0.00ns
.preheader:1  call void (...)* @_ssdm_op_SpecLoopName([6 x i8]* @L1_L2_str)

ST_173: empty_20 (419)  [1/1] 0.00ns
.preheader:2  %empty_20 = call i32 (...)* @_ssdm_op_SpecLoopTripCount(i64 1024, i64 1024, i64 1024)

ST_173: tmp_8 (423)  [1/1] 0.00ns  loc: Downloads/hls/mmult.h:51->Downloads/hls/mmult.h:156->Downloads/hls/mmult_accel.cpp:27
.preheader:6  %tmp_8 = call i11 @_ssdm_op_BitConcatenate.i11.i6.i5(i6 %p_v, i5 0)

ST_173: tmp_1_cast (424)  [1/1] 0.00ns  loc: Downloads/hls/mmult.h:60->Downloads/hls/mmult.h:156->Downloads/hls/mmult_accel.cpp:27
.preheader:7  %tmp_1_cast = zext i11 %tmp_8 to i12

ST_173: ib_0_i_i_cast5_cast (491)  [1/1] 0.00ns  loc: Downloads/hls/mmult.h:61->Downloads/hls/mmult.h:156->Downloads/hls/mmult_accel.cpp:27
.preheader:74  %ib_0_i_i_cast5_cast = zext i6 %ib_0_i_i_mid2 to i12

ST_173: tmp_2 (492)  [1/1] 1.84ns  loc: Downloads/hls/mmult.h:61->Downloads/hls/mmult.h:156->Downloads/hls/mmult_accel.cpp:27
.preheader:75  %tmp_2 = add i12 %tmp_1_cast, %ib_0_i_i_cast5_cast

ST_173: tmp_2_cast (493)  [1/1] 0.00ns  loc: Downloads/hls/mmult.h:61->Downloads/hls/mmult.h:156->Downloads/hls/mmult_accel.cpp:27
.preheader:76  %tmp_2_cast = zext i12 %tmp_2 to i32

ST_173: out_addr (494)  [1/1] 0.00ns  loc: Downloads/hls/mmult.h:61->Downloads/hls/mmult.h:156->Downloads/hls/mmult_accel.cpp:27
.preheader:77  %out_addr = getelementptr [1024 x float]* %out, i32 0, i32 %tmp_2_cast

ST_173: StgValue_1004 (495)  [1/1] 0.00ns  loc: Downloads/hls/mmult.h:55->Downloads/hls/mmult.h:156->Downloads/hls/mmult_accel.cpp:27
.preheader:78  call void (...)* @_ssdm_op_SpecLoopName([3 x i8]* @p_str10) nounwind

ST_173: tmp_5 (496)  [1/1] 0.00ns  loc: Downloads/hls/mmult.h:55->Downloads/hls/mmult.h:156->Downloads/hls/mmult_accel.cpp:27
.preheader:79  %tmp_5 = call i32 (...)* @_ssdm_op_SpecRegionBegin([3 x i8]* @p_str10)

ST_173: StgValue_1006 (497)  [1/1] 0.00ns  loc: Downloads/hls/mmult.h:56->Downloads/hls/mmult.h:156->Downloads/hls/mmult_accel.cpp:27
.preheader:80  call void (...)* @_ssdm_op_SpecPipeline(i32 1, i32 1, i32 1, i32 0, [1 x i8]* @p_str1) nounwind

ST_173: StgValue_1007 (626)  [1/1] 2.71ns  loc: Downloads/hls/mmult.h:61->Downloads/hls/mmult.h:156->Downloads/hls/mmult_accel.cpp:27
.preheader:209  store float %sum_30, float* %out_addr, align 4

ST_173: empty_28 (627)  [1/1] 0.00ns  loc: Downloads/hls/mmult.h:62->Downloads/hls/mmult.h:156->Downloads/hls/mmult_accel.cpp:27
.preheader:210  %empty_28 = call i32 (...)* @_ssdm_op_SpecRegionEnd([3 x i8]* @p_str10, i32 %tmp_5)

ST_173: StgValue_1009 (629)  [1/1] 0.00ns
.preheader:212  br label %.preheader.preheader


 <State 174>: 1.57ns
ST_174: StgValue_1010 (631)  [1/1] 1.57ns  loc: Downloads/hls/mmult.h:159->Downloads/hls/mmult_accel.cpp:27
.preheader.i.preheader:0  br label %.preheader.i


 <State 175>: 7.86ns
ST_175: indvar_flatten3 (633)  [1/1] 0.00ns
.preheader.i:0  %indvar_flatten3 = phi i11 [ %indvar_flatten_next3, %"mmult_hw<float, 32>.exit.i" ], [ 0, %.preheader.i.preheader ]

ST_175: i4_0_i (634)  [1/1] 0.00ns  loc: Downloads/hls/mmult.h:159->Downloads/hls/mmult_accel.cpp:27
.preheader.i:1  %i4_0_i = phi i6 [ %i4_0_i_cast4_mid2_v, %"mmult_hw<float, 32>.exit.i" ], [ 0, %.preheader.i.preheader ]

ST_175: j5_0_i (635)  [1/1] 0.00ns
.preheader.i:2  %j5_0_i = phi i6 [ %j_2, %"mmult_hw<float, 32>.exit.i" ], [ 0, %.preheader.i.preheader ]

ST_175: exitcond_flatten3 (636)  [1/1] 2.11ns
.preheader.i:3  %exitcond_flatten3 = icmp eq i11 %indvar_flatten3, -1024

ST_175: indvar_flatten_next3 (637)  [1/1] 1.84ns
.preheader.i:4  %indvar_flatten_next3 = add i11 %indvar_flatten3, 1

ST_175: StgValue_1016 (638)  [1/1] 0.00ns
.preheader.i:5  br i1 %exitcond_flatten3, label %"wrapped_mmult_hw<float, 32, 1024, 4, 5, 5>.exit", label %"mmult_hw<float, 32>.exit.i"

ST_175: i_2 (640)  [1/1] 1.72ns  loc: Downloads/hls/mmult.h:159->Downloads/hls/mmult_accel.cpp:27
mmult_hw<float, 32>.exit.i:0  %i_2 = add i6 1, %i4_0_i

ST_175: exitcond_i (642)  [1/1] 1.94ns  loc: Downloads/hls/mmult.h:160->Downloads/hls/mmult_accel.cpp:27
mmult_hw<float, 32>.exit.i:2  %exitcond_i = icmp eq i6 %j5_0_i, -32

ST_175: j5_0_i_mid2 (643)  [1/1] 1.37ns  loc: Downloads/hls/mmult.h:160->Downloads/hls/mmult_accel.cpp:27
mmult_hw<float, 32>.exit.i:3  %j5_0_i_mid2 = select i1 %exitcond_i, i6 0, i6 %j5_0_i

ST_175: i4_0_i_cast4_mid2_v (644)  [1/1] 1.37ns  loc: Downloads/hls/mmult.h:159->Downloads/hls/mmult_accel.cpp:27
mmult_hw<float, 32>.exit.i:4  %i4_0_i_cast4_mid2_v = select i1 %exitcond_i, i6 %i_2, i6 %i4_0_i

ST_175: tmp_6_30 (645)  [1/1] 0.00ns  loc: Downloads/hls/mmult.h:159->Downloads/hls/mmult_accel.cpp:27
mmult_hw<float, 32>.exit.i:5  %tmp_6_30 = call i11 @_ssdm_op_BitConcatenate.i11.i6.i5(i6 %i4_0_i_cast4_mid2_v, i5 0)

ST_175: tmp_8_cast (646)  [1/1] 0.00ns  loc: Downloads/hls/mmult.h:159->Downloads/hls/mmult_accel.cpp:27
mmult_hw<float, 32>.exit.i:6  %tmp_8_cast = zext i11 %tmp_6_30 to i12

ST_175: tmp_9_31 (647)  [1/1] 0.00ns  loc: Downloads/hls/mmult.h:159->Downloads/hls/mmult_accel.cpp:27
mmult_hw<float, 32>.exit.i:7  %tmp_9_31 = trunc i6 %i4_0_i_cast4_mid2_v to i5

ST_175: tmp_9_mid2 (648)  [1/1] 0.00ns  loc: Downloads/hls/mmult.h:163->Downloads/hls/mmult_accel.cpp:27
mmult_hw<float, 32>.exit.i:8  %tmp_9_mid2 = call i10 @_ssdm_op_BitConcatenate.i10.i5.i5(i5 %tmp_9_31, i5 0)

ST_175: j5_0_i_cast2 (649)  [1/1] 0.00ns  loc: Downloads/hls/mmult.h:160->Downloads/hls/mmult_accel.cpp:27
mmult_hw<float, 32>.exit.i:9  %j5_0_i_cast2 = zext i6 %j5_0_i_mid2 to i10

ST_175: j5_0_i_cast1_cast (650)  [1/1] 0.00ns  loc: Downloads/hls/mmult.h:164->Downloads/hls/mmult_accel.cpp:27
mmult_hw<float, 32>.exit.i:10  %j5_0_i_cast1_cast = zext i6 %j5_0_i_mid2 to i12

ST_175: tmp_10_32 (651)  [1/1] 1.84ns  loc: Downloads/hls/mmult.h:164->Downloads/hls/mmult_accel.cpp:27
mmult_hw<float, 32>.exit.i:11  %tmp_10_32 = add i12 %tmp_8_cast, %j5_0_i_cast1_cast

ST_175: tmp_10_cast (652)  [1/1] 0.00ns  loc: Downloads/hls/mmult.h:164->Downloads/hls/mmult_accel.cpp:27
mmult_hw<float, 32>.exit.i:12  %tmp_10_cast = zext i12 %tmp_10_32 to i32

ST_175: out_addr_1 (653)  [1/1] 0.00ns  loc: Downloads/hls/mmult.h:164->Downloads/hls/mmult_accel.cpp:27
mmult_hw<float, 32>.exit.i:13  %out_addr_1 = getelementptr [1024 x float]* %out, i32 0, i32 %tmp_10_cast

ST_175: k (656)  [1/1] 1.84ns  loc: Downloads/hls/mmult.h:163->Downloads/hls/mmult_accel.cpp:27
mmult_hw<float, 32>.exit.i:16  %k = add i10 %tmp_9_mid2, %j5_0_i_cast2

ST_175: last_assign (657)  [1/1] 2.07ns  loc: Downloads/hls/mmult.h:164->Downloads/hls/mmult_accel.cpp:27
mmult_hw<float, 32>.exit.i:17  %last_assign = icmp eq i10 %k, -1

ST_175: out_load (658)  [2/2] 2.71ns  loc: Downloads/hls/mmult.h:106->Downloads/hls/mmult.h:164->Downloads/hls/mmult_accel.cpp:27
mmult_hw<float, 32>.exit.i:18  %out_load = load float* %out_addr_1, align 4

ST_175: j_2 (662)  [1/1] 1.72ns  loc: Downloads/hls/mmult.h:160->Downloads/hls/mmult_accel.cpp:27
mmult_hw<float, 32>.exit.i:22  %j_2 = add i6 1, %j5_0_i_mid2


 <State 176>: 2.71ns
ST_176: out_load (658)  [1/2] 2.71ns  loc: Downloads/hls/mmult.h:106->Downloads/hls/mmult.h:164->Downloads/hls/mmult_accel.cpp:27
mmult_hw<float, 32>.exit.i:18  %out_load = load float* %out_addr_1, align 4

ST_176: val_assign (659)  [1/1] 0.00ns  loc: Downloads/hls/mmult.h:106->Downloads/hls/mmult.h:164->Downloads/hls/mmult_accel.cpp:27
mmult_hw<float, 32>.exit.i:19  %val_assign = bitcast float %out_load to i32

ST_176: StgValue_1036 (660)  [2/2] 0.00ns  loc: Downloads/hls/mmult.h:106->Downloads/hls/mmult.h:164->Downloads/hls/mmult_accel.cpp:27
mmult_hw<float, 32>.exit.i:20  call void @_ssdm_op_Write.axis.volatile.i32P.i4P.i4P.i4P.i1P.i5P.i5P(i32* %OUTPUT_STREAM_data_V, i4* %OUTPUT_STREAM_keep_V, i4* %OUTPUT_STREAM_strb_V, i4* %OUTPUT_STREAM_user_V, i1* %OUTPUT_STREAM_last_V, i5* %OUTPUT_STREAM_id_V, i5* %OUTPUT_STREAM_dest_V, i32 %val_assign, i4 -1, i4 -1, i4 0, i1 %last_assign, i5 0, i5 0)


 <State 177>: 0.00ns
ST_177: empty_29 (641)  [1/1] 0.00ns
mmult_hw<float, 32>.exit.i:1  %empty_29 = call i32 (...)* @_ssdm_op_SpecLoopTripCount(i64 1024, i64 1024, i64 1024)

ST_177: tmp_7_33 (654)  [1/1] 0.00ns  loc: Downloads/hls/mmult.h:161->Downloads/hls/mmult_accel.cpp:27
mmult_hw<float, 32>.exit.i:14  %tmp_7_33 = call i32 (...)* @_ssdm_op_SpecRegionBegin([12 x i8]* @p_str7)

ST_177: StgValue_1039 (655)  [1/1] 0.00ns  loc: Downloads/hls/mmult.h:162->Downloads/hls/mmult_accel.cpp:27
mmult_hw<float, 32>.exit.i:15  call void (...)* @_ssdm_op_SpecPipeline(i32 1, i32 1, i32 1, i32 0, [1 x i8]* @p_str1) nounwind

ST_177: StgValue_1040 (660)  [1/2] 0.00ns  loc: Downloads/hls/mmult.h:106->Downloads/hls/mmult.h:164->Downloads/hls/mmult_accel.cpp:27
mmult_hw<float, 32>.exit.i:20  call void @_ssdm_op_Write.axis.volatile.i32P.i4P.i4P.i4P.i1P.i5P.i5P(i32* %OUTPUT_STREAM_data_V, i4* %OUTPUT_STREAM_keep_V, i4* %OUTPUT_STREAM_strb_V, i4* %OUTPUT_STREAM_user_V, i1* %OUTPUT_STREAM_last_V, i5* %OUTPUT_STREAM_id_V, i5* %OUTPUT_STREAM_dest_V, i32 %val_assign, i4 -1, i4 -1, i4 0, i1 %last_assign, i5 0, i5 0)

ST_177: empty_34 (661)  [1/1] 0.00ns  loc: Downloads/hls/mmult.h:165->Downloads/hls/mmult_accel.cpp:27
mmult_hw<float, 32>.exit.i:21  %empty_34 = call i32 (...)* @_ssdm_op_SpecRegionEnd([12 x i8]* @p_str7, i32 %tmp_7_33)

ST_177: StgValue_1042 (663)  [1/1] 0.00ns  loc: Downloads/hls/mmult.h:160->Downloads/hls/mmult_accel.cpp:27
mmult_hw<float, 32>.exit.i:23  br label %.preheader.i


 <State 178>: 0.00ns
ST_178: StgValue_1043 (665)  [1/1] 0.00ns  loc: Downloads/hls/mmult_accel.cpp:29
wrapped_mmult_hw<float, 32, 1024, 4, 5, 5>.exit:0  ret void



============================================================
+ Verbose Summary: Binding
============================================================
STG Binding: 
---------------- STG Properties BEGIN ----------------
- Is combinational: 0
- Is one-state seq: 0
- Is datapath-only: 0
- Is clock enabled: 0
- Is pipelined: 0
- Is top level: 1
Port [ Return ] is wired: 1; IO mode=ap_ctrl_hs:ce=0
Port [ INPUT_STREAM_data_V]:  wired=1; compound=1; hidden=0; nouse=0; global=0; static=0; extern=0; dir=0; type=0; pingpong=0; private_global=0; IO mode=axis:ce=0
Port [ INPUT_STREAM_keep_V]:  wired=1; compound=1; hidden=0; nouse=0; global=0; static=0; extern=0; dir=0; type=0; pingpong=0; private_global=0; IO mode=axis:ce=0
Port [ INPUT_STREAM_strb_V]:  wired=1; compound=1; hidden=0; nouse=0; global=0; static=0; extern=0; dir=0; type=0; pingpong=0; private_global=0; IO mode=axis:ce=0
Port [ INPUT_STREAM_user_V]:  wired=1; compound=1; hidden=0; nouse=0; global=0; static=0; extern=0; dir=0; type=0; pingpong=0; private_global=0; IO mode=axis:ce=0
Port [ INPUT_STREAM_last_V]:  wired=1; compound=1; hidden=0; nouse=0; global=0; static=0; extern=0; dir=0; type=0; pingpong=0; private_global=0; IO mode=axis:ce=0
Port [ INPUT_STREAM_id_V]:  wired=1; compound=1; hidden=0; nouse=0; global=0; static=0; extern=0; dir=0; type=0; pingpong=0; private_global=0; IO mode=axis:ce=0
Port [ INPUT_STREAM_dest_V]:  wired=1; compound=1; hidden=0; nouse=0; global=0; static=0; extern=0; dir=0; type=0; pingpong=0; private_global=0; IO mode=axis:ce=0
Port [ OUTPUT_STREAM_data_V]:  wired=1; compound=1; hidden=0; nouse=0; global=0; static=0; extern=0; dir=1; type=0; pingpong=0; private_global=0; IO mode=axis:ce=0
Port [ OUTPUT_STREAM_keep_V]:  wired=1; compound=1; hidden=0; nouse=0; global=0; static=0; extern=0; dir=1; type=0; pingpong=0; private_global=0; IO mode=axis:ce=0
Port [ OUTPUT_STREAM_strb_V]:  wired=1; compound=1; hidden=0; nouse=0; global=0; static=0; extern=0; dir=1; type=0; pingpong=0; private_global=0; IO mode=axis:ce=0
Port [ OUTPUT_STREAM_user_V]:  wired=1; compound=1; hidden=0; nouse=0; global=0; static=0; extern=0; dir=1; type=0; pingpong=0; private_global=0; IO mode=axis:ce=0
Port [ OUTPUT_STREAM_last_V]:  wired=1; compound=1; hidden=0; nouse=0; global=0; static=0; extern=0; dir=1; type=0; pingpong=0; private_global=0; IO mode=axis:ce=0
Port [ OUTPUT_STREAM_id_V]:  wired=1; compound=1; hidden=0; nouse=0; global=0; static=0; extern=0; dir=1; type=0; pingpong=0; private_global=0; IO mode=axis:ce=0
Port [ OUTPUT_STREAM_dest_V]:  wired=1; compound=1; hidden=0; nouse=0; global=0; static=0; extern=0; dir=1; type=0; pingpong=0; private_global=0; IO mode=axis:ce=0
---------------- STG Properties END ------------------

---------------- Datapath Model BEGIN ----------------

<LifeTime>
<method=bitvector/>
StgValue_179          (specbitsmap      ) [ 00000000000000000000000000000000000000000000000000000000000000000000000000000000000000000000000000000000000000000000000000000000000000000000000000000000000000000000000000000000000]
StgValue_180          (specbitsmap      ) [ 00000000000000000000000000000000000000000000000000000000000000000000000000000000000000000000000000000000000000000000000000000000000000000000000000000000000000000000000000000000000]
StgValue_181          (specbitsmap      ) [ 00000000000000000000000000000000000000000000000000000000000000000000000000000000000000000000000000000000000000000000000000000000000000000000000000000000000000000000000000000000000]
StgValue_182          (specbitsmap      ) [ 00000000000000000000000000000000000000000000000000000000000000000000000000000000000000000000000000000000000000000000000000000000000000000000000000000000000000000000000000000000000]
StgValue_183          (specbitsmap      ) [ 00000000000000000000000000000000000000000000000000000000000000000000000000000000000000000000000000000000000000000000000000000000000000000000000000000000000000000000000000000000000]
StgValue_184          (specbitsmap      ) [ 00000000000000000000000000000000000000000000000000000000000000000000000000000000000000000000000000000000000000000000000000000000000000000000000000000000000000000000000000000000000]
StgValue_185          (specbitsmap      ) [ 00000000000000000000000000000000000000000000000000000000000000000000000000000000000000000000000000000000000000000000000000000000000000000000000000000000000000000000000000000000000]
StgValue_186          (specbitsmap      ) [ 00000000000000000000000000000000000000000000000000000000000000000000000000000000000000000000000000000000000000000000000000000000000000000000000000000000000000000000000000000000000]
StgValue_187          (specbitsmap      ) [ 00000000000000000000000000000000000000000000000000000000000000000000000000000000000000000000000000000000000000000000000000000000000000000000000000000000000000000000000000000000000]
StgValue_188          (specbitsmap      ) [ 00000000000000000000000000000000000000000000000000000000000000000000000000000000000000000000000000000000000000000000000000000000000000000000000000000000000000000000000000000000000]
StgValue_189          (specbitsmap      ) [ 00000000000000000000000000000000000000000000000000000000000000000000000000000000000000000000000000000000000000000000000000000000000000000000000000000000000000000000000000000000000]
StgValue_190          (specbitsmap      ) [ 00000000000000000000000000000000000000000000000000000000000000000000000000000000000000000000000000000000000000000000000000000000000000000000000000000000000000000000000000000000000]
StgValue_191          (specbitsmap      ) [ 00000000000000000000000000000000000000000000000000000000000000000000000000000000000000000000000000000000000000000000000000000000000000000000000000000000000000000000000000000000000]
StgValue_192          (specbitsmap      ) [ 00000000000000000000000000000000000000000000000000000000000000000000000000000000000000000000000000000000000000000000000000000000000000000000000000000000000000000000000000000000000]
a_0                   (alloca           ) [ 00111111111111111111111111111111111111111111111111111111111111111111111111111111111111111111111111111111111111111111111111111111111111111111111111111111111111111111111111111100000]
a_1                   (alloca           ) [ 00111111111111111111111111111111111111111111111111111111111111111111111111111111111111111111111111111111111111111111111111111111111111111111111111111111111111111111111111111100000]
a_2                   (alloca           ) [ 00111111111111111111111111111111111111111111111111111111111111111111111111111111111111111111111111111111111111111111111111111111111111111111111111111111111111111111111111111100000]
a_3                   (alloca           ) [ 00111111111111111111111111111111111111111111111111111111111111111111111111111111111111111111111111111111111111111111111111111111111111111111111111111111111111111111111111111100000]
a_4                   (alloca           ) [ 00111111111111111111111111111111111111111111111111111111111111111111111111111111111111111111111111111111111111111111111111111111111111111111111111111111111111111111111111111100000]
a_5                   (alloca           ) [ 00111111111111111111111111111111111111111111111111111111111111111111111111111111111111111111111111111111111111111111111111111111111111111111111111111111111111111111111111111100000]
a_6                   (alloca           ) [ 00111111111111111111111111111111111111111111111111111111111111111111111111111111111111111111111111111111111111111111111111111111111111111111111111111111111111111111111111111100000]
a_7                   (alloca           ) [ 00111111111111111111111111111111111111111111111111111111111111111111111111111111111111111111111111111111111111111111111111111111111111111111111111111111111111111111111111111100000]
a_8                   (alloca           ) [ 00111111111111111111111111111111111111111111111111111111111111111111111111111111111111111111111111111111111111111111111111111111111111111111111111111111111111111111111111111100000]
a_9                   (alloca           ) [ 00111111111111111111111111111111111111111111111111111111111111111111111111111111111111111111111111111111111111111111111111111111111111111111111111111111111111111111111111111100000]
a_10                  (alloca           ) [ 00111111111111111111111111111111111111111111111111111111111111111111111111111111111111111111111111111111111111111111111111111111111111111111111111111111111111111111111111111100000]
a_11                  (alloca           ) [ 00111111111111111111111111111111111111111111111111111111111111111111111111111111111111111111111111111111111111111111111111111111111111111111111111111111111111111111111111111100000]
a_12                  (alloca           ) [ 00111111111111111111111111111111111111111111111111111111111111111111111111111111111111111111111111111111111111111111111111111111111111111111111111111111111111111111111111111100000]
a_13                  (alloca           ) [ 00111111111111111111111111111111111111111111111111111111111111111111111111111111111111111111111111111111111111111111111111111111111111111111111111111111111111111111111111111100000]
a_14                  (alloca           ) [ 00111111111111111111111111111111111111111111111111111111111111111111111111111111111111111111111111111111111111111111111111111111111111111111111111111111111111111111111111111100000]
a_15                  (alloca           ) [ 00111111111111111111111111111111111111111111111111111111111111111111111111111111111111111111111111111111111111111111111111111111111111111111111111111111111111111111111111111100000]
a_16                  (alloca           ) [ 00111111111111111111111111111111111111111111111111111111111111111111111111111111111111111111111111111111111111111111111111111111111111111111111111111111111111111111111111111100000]
a_17                  (alloca           ) [ 00111111111111111111111111111111111111111111111111111111111111111111111111111111111111111111111111111111111111111111111111111111111111111111111111111111111111111111111111111100000]
a_18                  (alloca           ) [ 00111111111111111111111111111111111111111111111111111111111111111111111111111111111111111111111111111111111111111111111111111111111111111111111111111111111111111111111111111100000]
a_19                  (alloca           ) [ 00111111111111111111111111111111111111111111111111111111111111111111111111111111111111111111111111111111111111111111111111111111111111111111111111111111111111111111111111111100000]
a_20                  (alloca           ) [ 00111111111111111111111111111111111111111111111111111111111111111111111111111111111111111111111111111111111111111111111111111111111111111111111111111111111111111111111111111100000]
a_21                  (alloca           ) [ 00111111111111111111111111111111111111111111111111111111111111111111111111111111111111111111111111111111111111111111111111111111111111111111111111111111111111111111111111111100000]
a_22                  (alloca           ) [ 00111111111111111111111111111111111111111111111111111111111111111111111111111111111111111111111111111111111111111111111111111111111111111111111111111111111111111111111111111100000]
a_23                  (alloca           ) [ 00111111111111111111111111111111111111111111111111111111111111111111111111111111111111111111111111111111111111111111111111111111111111111111111111111111111111111111111111111100000]
a_24                  (alloca           ) [ 00111111111111111111111111111111111111111111111111111111111111111111111111111111111111111111111111111111111111111111111111111111111111111111111111111111111111111111111111111100000]
a_25                  (alloca           ) [ 00111111111111111111111111111111111111111111111111111111111111111111111111111111111111111111111111111111111111111111111111111111111111111111111111111111111111111111111111111100000]
a_26                  (alloca           ) [ 00111111111111111111111111111111111111111111111111111111111111111111111111111111111111111111111111111111111111111111111111111111111111111111111111111111111111111111111111111100000]
a_27                  (alloca           ) [ 00111111111111111111111111111111111111111111111111111111111111111111111111111111111111111111111111111111111111111111111111111111111111111111111111111111111111111111111111111100000]
a_28                  (alloca           ) [ 00111111111111111111111111111111111111111111111111111111111111111111111111111111111111111111111111111111111111111111111111111111111111111111111111111111111111111111111111111100000]
a_29                  (alloca           ) [ 00111111111111111111111111111111111111111111111111111111111111111111111111111111111111111111111111111111111111111111111111111111111111111111111111111111111111111111111111111100000]
a_30                  (alloca           ) [ 00111111111111111111111111111111111111111111111111111111111111111111111111111111111111111111111111111111111111111111111111111111111111111111111111111111111111111111111111111100000]
a_31                  (alloca           ) [ 00111111111111111111111111111111111111111111111111111111111111111111111111111111111111111111111111111111111111111111111111111111111111111111111111111111111111111111111111111100000]
b_0                   (alloca           ) [ 00111111111111111111111111111111111111111111111111111111111111111111111111111111111111111111111111111111111111111111111111111111111111111111111111111111111111111111111111111100000]
b_1                   (alloca           ) [ 00111111111111111111111111111111111111111111111111111111111111111111111111111111111111111111111111111111111111111111111111111111111111111111111111111111111111111111111111111100000]
b_2                   (alloca           ) [ 00111111111111111111111111111111111111111111111111111111111111111111111111111111111111111111111111111111111111111111111111111111111111111111111111111111111111111111111111111100000]
b_3                   (alloca           ) [ 00111111111111111111111111111111111111111111111111111111111111111111111111111111111111111111111111111111111111111111111111111111111111111111111111111111111111111111111111111100000]
b_4                   (alloca           ) [ 00111111111111111111111111111111111111111111111111111111111111111111111111111111111111111111111111111111111111111111111111111111111111111111111111111111111111111111111111111100000]
b_5                   (alloca           ) [ 00111111111111111111111111111111111111111111111111111111111111111111111111111111111111111111111111111111111111111111111111111111111111111111111111111111111111111111111111111100000]
b_6                   (alloca           ) [ 00111111111111111111111111111111111111111111111111111111111111111111111111111111111111111111111111111111111111111111111111111111111111111111111111111111111111111111111111111100000]
b_7                   (alloca           ) [ 00111111111111111111111111111111111111111111111111111111111111111111111111111111111111111111111111111111111111111111111111111111111111111111111111111111111111111111111111111100000]
b_8                   (alloca           ) [ 00111111111111111111111111111111111111111111111111111111111111111111111111111111111111111111111111111111111111111111111111111111111111111111111111111111111111111111111111111100000]
b_9                   (alloca           ) [ 00111111111111111111111111111111111111111111111111111111111111111111111111111111111111111111111111111111111111111111111111111111111111111111111111111111111111111111111111111100000]
b_10                  (alloca           ) [ 00111111111111111111111111111111111111111111111111111111111111111111111111111111111111111111111111111111111111111111111111111111111111111111111111111111111111111111111111111100000]
b_11                  (alloca           ) [ 00111111111111111111111111111111111111111111111111111111111111111111111111111111111111111111111111111111111111111111111111111111111111111111111111111111111111111111111111111100000]
b_12                  (alloca           ) [ 00111111111111111111111111111111111111111111111111111111111111111111111111111111111111111111111111111111111111111111111111111111111111111111111111111111111111111111111111111100000]
b_13                  (alloca           ) [ 00111111111111111111111111111111111111111111111111111111111111111111111111111111111111111111111111111111111111111111111111111111111111111111111111111111111111111111111111111100000]
b_14                  (alloca           ) [ 00111111111111111111111111111111111111111111111111111111111111111111111111111111111111111111111111111111111111111111111111111111111111111111111111111111111111111111111111111100000]
b_15                  (alloca           ) [ 00111111111111111111111111111111111111111111111111111111111111111111111111111111111111111111111111111111111111111111111111111111111111111111111111111111111111111111111111111100000]
b_16                  (alloca           ) [ 00111111111111111111111111111111111111111111111111111111111111111111111111111111111111111111111111111111111111111111111111111111111111111111111111111111111111111111111111111100000]
b_17                  (alloca           ) [ 00111111111111111111111111111111111111111111111111111111111111111111111111111111111111111111111111111111111111111111111111111111111111111111111111111111111111111111111111111100000]
b_18                  (alloca           ) [ 00111111111111111111111111111111111111111111111111111111111111111111111111111111111111111111111111111111111111111111111111111111111111111111111111111111111111111111111111111100000]
b_19                  (alloca           ) [ 00111111111111111111111111111111111111111111111111111111111111111111111111111111111111111111111111111111111111111111111111111111111111111111111111111111111111111111111111111100000]
b_20                  (alloca           ) [ 00111111111111111111111111111111111111111111111111111111111111111111111111111111111111111111111111111111111111111111111111111111111111111111111111111111111111111111111111111100000]
b_21                  (alloca           ) [ 00111111111111111111111111111111111111111111111111111111111111111111111111111111111111111111111111111111111111111111111111111111111111111111111111111111111111111111111111111100000]
b_22                  (alloca           ) [ 00111111111111111111111111111111111111111111111111111111111111111111111111111111111111111111111111111111111111111111111111111111111111111111111111111111111111111111111111111100000]
b_23                  (alloca           ) [ 00111111111111111111111111111111111111111111111111111111111111111111111111111111111111111111111111111111111111111111111111111111111111111111111111111111111111111111111111111100000]
b_24                  (alloca           ) [ 00111111111111111111111111111111111111111111111111111111111111111111111111111111111111111111111111111111111111111111111111111111111111111111111111111111111111111111111111111100000]
b_25                  (alloca           ) [ 00111111111111111111111111111111111111111111111111111111111111111111111111111111111111111111111111111111111111111111111111111111111111111111111111111111111111111111111111111100000]
b_26                  (alloca           ) [ 00111111111111111111111111111111111111111111111111111111111111111111111111111111111111111111111111111111111111111111111111111111111111111111111111111111111111111111111111111100000]
b_27                  (alloca           ) [ 00111111111111111111111111111111111111111111111111111111111111111111111111111111111111111111111111111111111111111111111111111111111111111111111111111111111111111111111111111100000]
b_28                  (alloca           ) [ 00111111111111111111111111111111111111111111111111111111111111111111111111111111111111111111111111111111111111111111111111111111111111111111111111111111111111111111111111111100000]
b_29                  (alloca           ) [ 00111111111111111111111111111111111111111111111111111111111111111111111111111111111111111111111111111111111111111111111111111111111111111111111111111111111111111111111111111100000]
b_30                  (alloca           ) [ 00111111111111111111111111111111111111111111111111111111111111111111111111111111111111111111111111111111111111111111111111111111111111111111111111111111111111111111111111111100000]
b_31                  (alloca           ) [ 00111111111111111111111111111111111111111111111111111111111111111111111111111111111111111111111111111111111111111111111111111111111111111111111111111111111111111111111111111100000]
out                   (alloca           ) [ 00111111111111111111111111111111111111111111111111111111111111111111111111111111111111111111111111111111111111111111111111111111111111111111111111111111111111111111111111111111110]
StgValue_258          (spectopmodule    ) [ 00000000000000000000000000000000000000000000000000000000000000000000000000000000000000000000000000000000000000000000000000000000000000000000000000000000000000000000000000000000000]
StgValue_259          (specinterface    ) [ 00000000000000000000000000000000000000000000000000000000000000000000000000000000000000000000000000000000000000000000000000000000000000000000000000000000000000000000000000000000000]
StgValue_260          (specinterface    ) [ 00000000000000000000000000000000000000000000000000000000000000000000000000000000000000000000000000000000000000000000000000000000000000000000000000000000000000000000000000000000000]
StgValue_261          (specinterface    ) [ 00000000000000000000000000000000000000000000000000000000000000000000000000000000000000000000000000000000000000000000000000000000000000000000000000000000000000000000000000000000000]
StgValue_262          (br               ) [ 01110000000000000000000000000000000000000000000000000000000000000000000000000000000000000000000000000000000000000000000000000000000000000000000000000000000000000000000000000000000]
indvar_flatten        (phi              ) [ 00110000000000000000000000000000000000000000000000000000000000000000000000000000000000000000000000000000000000000000000000000000000000000000000000000000000000000000000000000000000]
i_0_i                 (phi              ) [ 00110000000000000000000000000000000000000000000000000000000000000000000000000000000000000000000000000000000000000000000000000000000000000000000000000000000000000000000000000000000]
j_0_i                 (phi              ) [ 00110000000000000000000000000000000000000000000000000000000000000000000000000000000000000000000000000000000000000000000000000000000000000000000000000000000000000000000000000000000]
exitcond_flatten      (icmp             ) [ 00110000000000000000000000000000000000000000000000000000000000000000000000000000000000000000000000000000000000000000000000000000000000000000000000000000000000000000000000000000000]
indvar_flatten_next   (add              ) [ 01110000000000000000000000000000000000000000000000000000000000000000000000000000000000000000000000000000000000000000000000000000000000000000000000000000000000000000000000000000000]
StgValue_268          (br               ) [ 00000000000000000000000000000000000000000000000000000000000000000000000000000000000000000000000000000000000000000000000000000000000000000000000000000000000000000000000000000000000]
i                     (add              ) [ 00000000000000000000000000000000000000000000000000000000000000000000000000000000000000000000000000000000000000000000000000000000000000000000000000000000000000000000000000000000000]
exitcond4_i           (icmp             ) [ 00000000000000000000000000000000000000000000000000000000000000000000000000000000000000000000000000000000000000000000000000000000000000000000000000000000000000000000000000000000000]
j_0_i_mid2            (select           ) [ 00000000000000000000000000000000000000000000000000000000000000000000000000000000000000000000000000000000000000000000000000000000000000000000000000000000000000000000000000000000000]
i_0_i_cast_mid2_v     (select           ) [ 01110000000000000000000000000000000000000000000000000000000000000000000000000000000000000000000000000000000000000000000000000000000000000000000000000000000000000000000000000000000]
tmp_3                 (specregionbegin  ) [ 00000000000000000000000000000000000000000000000000000000000000000000000000000000000000000000000000000000000000000000000000000000000000000000000000000000000000000000000000000000000]
tmp                   (trunc            ) [ 00110000000000000000000000000000000000000000000000000000000000000000000000000000000000000000000000000000000000000000000000000000000000000000000000000000000000000000000000000000000]
StgValue_276          (switch           ) [ 00000000000000000000000000000000000000000000000000000000000000000000000000000000000000000000000000000000000000000000000000000000000000000000000000000000000000000000000000000000000]
empty                 (specregionend    ) [ 00000000000000000000000000000000000000000000000000000000000000000000000000000000000000000000000000000000000000000000000000000000000000000000000000000000000000000000000000000000000]
j                     (add              ) [ 01110000000000000000000000000000000000000000000000000000000000000000000000000000000000000000000000000000000000000000000000000000000000000000000000000000000000000000000000000000000]
StgValue_279          (br               ) [ 01110000000000000000000000000000000000000000000000000000000000000000000000000000000000000000000000000000000000000000000000000000000000000000000000000000000000000000000000000000000]
empty_15              (speclooptripcount) [ 00000000000000000000000000000000000000000000000000000000000000000000000000000000000000000000000000000000000000000000000000000000000000000000000000000000000000000000000000000000000]
i_0_i_cast_mid2       (zext             ) [ 00000000000000000000000000000000000000000000000000000000000000000000000000000000000000000000000000000000000000000000000000000000000000000000000000000000000000000000000000000000000]
StgValue_282          (specpipeline     ) [ 00000000000000000000000000000000000000000000000000000000000000000000000000000000000000000000000000000000000000000000000000000000000000000000000000000000000000000000000000000000000]
empty_16              (read             ) [ 00000000000000000000000000000000000000000000000000000000000000000000000000000000000000000000000000000000000000000000000000000000000000000000000000000000000000000000000000000000000]
INPUT_STREAM_data_V_s (extractvalue     ) [ 00000000000000000000000000000000000000000000000000000000000000000000000000000000000000000000000000000000000000000000000000000000000000000000000000000000000000000000000000000000000]
ret                   (bitcast          ) [ 00000000000000000000000000000000000000000000000000000000000000000000000000000000000000000000000000000000000000000000000000000000000000000000000000000000000000000000000000000000000]
a_30_addr             (getelementptr    ) [ 00000000000000000000000000000000000000000000000000000000000000000000000000000000000000000000000000000000000000000000000000000000000000000000000000000000000000000000000000000000000]
StgValue_287          (store            ) [ 00000000000000000000000000000000000000000000000000000000000000000000000000000000000000000000000000000000000000000000000000000000000000000000000000000000000000000000000000000000000]
StgValue_288          (br               ) [ 00000000000000000000000000000000000000000000000000000000000000000000000000000000000000000000000000000000000000000000000000000000000000000000000000000000000000000000000000000000000]
a_29_addr             (getelementptr    ) [ 00000000000000000000000000000000000000000000000000000000000000000000000000000000000000000000000000000000000000000000000000000000000000000000000000000000000000000000000000000000000]
StgValue_290          (store            ) [ 00000000000000000000000000000000000000000000000000000000000000000000000000000000000000000000000000000000000000000000000000000000000000000000000000000000000000000000000000000000000]
StgValue_291          (br               ) [ 00000000000000000000000000000000000000000000000000000000000000000000000000000000000000000000000000000000000000000000000000000000000000000000000000000000000000000000000000000000000]
a_28_addr             (getelementptr    ) [ 00000000000000000000000000000000000000000000000000000000000000000000000000000000000000000000000000000000000000000000000000000000000000000000000000000000000000000000000000000000000]
StgValue_293          (store            ) [ 00000000000000000000000000000000000000000000000000000000000000000000000000000000000000000000000000000000000000000000000000000000000000000000000000000000000000000000000000000000000]
StgValue_294          (br               ) [ 00000000000000000000000000000000000000000000000000000000000000000000000000000000000000000000000000000000000000000000000000000000000000000000000000000000000000000000000000000000000]
a_27_addr             (getelementptr    ) [ 00000000000000000000000000000000000000000000000000000000000000000000000000000000000000000000000000000000000000000000000000000000000000000000000000000000000000000000000000000000000]
StgValue_296          (store            ) [ 00000000000000000000000000000000000000000000000000000000000000000000000000000000000000000000000000000000000000000000000000000000000000000000000000000000000000000000000000000000000]
StgValue_297          (br               ) [ 00000000000000000000000000000000000000000000000000000000000000000000000000000000000000000000000000000000000000000000000000000000000000000000000000000000000000000000000000000000000]
a_26_addr             (getelementptr    ) [ 00000000000000000000000000000000000000000000000000000000000000000000000000000000000000000000000000000000000000000000000000000000000000000000000000000000000000000000000000000000000]
StgValue_299          (store            ) [ 00000000000000000000000000000000000000000000000000000000000000000000000000000000000000000000000000000000000000000000000000000000000000000000000000000000000000000000000000000000000]
StgValue_300          (br               ) [ 00000000000000000000000000000000000000000000000000000000000000000000000000000000000000000000000000000000000000000000000000000000000000000000000000000000000000000000000000000000000]
a_25_addr             (getelementptr    ) [ 00000000000000000000000000000000000000000000000000000000000000000000000000000000000000000000000000000000000000000000000000000000000000000000000000000000000000000000000000000000000]
StgValue_302          (store            ) [ 00000000000000000000000000000000000000000000000000000000000000000000000000000000000000000000000000000000000000000000000000000000000000000000000000000000000000000000000000000000000]
StgValue_303          (br               ) [ 00000000000000000000000000000000000000000000000000000000000000000000000000000000000000000000000000000000000000000000000000000000000000000000000000000000000000000000000000000000000]
a_24_addr             (getelementptr    ) [ 00000000000000000000000000000000000000000000000000000000000000000000000000000000000000000000000000000000000000000000000000000000000000000000000000000000000000000000000000000000000]
StgValue_305          (store            ) [ 00000000000000000000000000000000000000000000000000000000000000000000000000000000000000000000000000000000000000000000000000000000000000000000000000000000000000000000000000000000000]
StgValue_306          (br               ) [ 00000000000000000000000000000000000000000000000000000000000000000000000000000000000000000000000000000000000000000000000000000000000000000000000000000000000000000000000000000000000]
a_23_addr             (getelementptr    ) [ 00000000000000000000000000000000000000000000000000000000000000000000000000000000000000000000000000000000000000000000000000000000000000000000000000000000000000000000000000000000000]
StgValue_308          (store            ) [ 00000000000000000000000000000000000000000000000000000000000000000000000000000000000000000000000000000000000000000000000000000000000000000000000000000000000000000000000000000000000]
StgValue_309          (br               ) [ 00000000000000000000000000000000000000000000000000000000000000000000000000000000000000000000000000000000000000000000000000000000000000000000000000000000000000000000000000000000000]
a_22_addr             (getelementptr    ) [ 00000000000000000000000000000000000000000000000000000000000000000000000000000000000000000000000000000000000000000000000000000000000000000000000000000000000000000000000000000000000]
StgValue_311          (store            ) [ 00000000000000000000000000000000000000000000000000000000000000000000000000000000000000000000000000000000000000000000000000000000000000000000000000000000000000000000000000000000000]
StgValue_312          (br               ) [ 00000000000000000000000000000000000000000000000000000000000000000000000000000000000000000000000000000000000000000000000000000000000000000000000000000000000000000000000000000000000]
a_21_addr             (getelementptr    ) [ 00000000000000000000000000000000000000000000000000000000000000000000000000000000000000000000000000000000000000000000000000000000000000000000000000000000000000000000000000000000000]
StgValue_314          (store            ) [ 00000000000000000000000000000000000000000000000000000000000000000000000000000000000000000000000000000000000000000000000000000000000000000000000000000000000000000000000000000000000]
StgValue_315          (br               ) [ 00000000000000000000000000000000000000000000000000000000000000000000000000000000000000000000000000000000000000000000000000000000000000000000000000000000000000000000000000000000000]
a_20_addr             (getelementptr    ) [ 00000000000000000000000000000000000000000000000000000000000000000000000000000000000000000000000000000000000000000000000000000000000000000000000000000000000000000000000000000000000]
StgValue_317          (store            ) [ 00000000000000000000000000000000000000000000000000000000000000000000000000000000000000000000000000000000000000000000000000000000000000000000000000000000000000000000000000000000000]
StgValue_318          (br               ) [ 00000000000000000000000000000000000000000000000000000000000000000000000000000000000000000000000000000000000000000000000000000000000000000000000000000000000000000000000000000000000]
a_19_addr             (getelementptr    ) [ 00000000000000000000000000000000000000000000000000000000000000000000000000000000000000000000000000000000000000000000000000000000000000000000000000000000000000000000000000000000000]
StgValue_320          (store            ) [ 00000000000000000000000000000000000000000000000000000000000000000000000000000000000000000000000000000000000000000000000000000000000000000000000000000000000000000000000000000000000]
StgValue_321          (br               ) [ 00000000000000000000000000000000000000000000000000000000000000000000000000000000000000000000000000000000000000000000000000000000000000000000000000000000000000000000000000000000000]
a_18_addr             (getelementptr    ) [ 00000000000000000000000000000000000000000000000000000000000000000000000000000000000000000000000000000000000000000000000000000000000000000000000000000000000000000000000000000000000]
StgValue_323          (store            ) [ 00000000000000000000000000000000000000000000000000000000000000000000000000000000000000000000000000000000000000000000000000000000000000000000000000000000000000000000000000000000000]
StgValue_324          (br               ) [ 00000000000000000000000000000000000000000000000000000000000000000000000000000000000000000000000000000000000000000000000000000000000000000000000000000000000000000000000000000000000]
a_17_addr             (getelementptr    ) [ 00000000000000000000000000000000000000000000000000000000000000000000000000000000000000000000000000000000000000000000000000000000000000000000000000000000000000000000000000000000000]
StgValue_326          (store            ) [ 00000000000000000000000000000000000000000000000000000000000000000000000000000000000000000000000000000000000000000000000000000000000000000000000000000000000000000000000000000000000]
StgValue_327          (br               ) [ 00000000000000000000000000000000000000000000000000000000000000000000000000000000000000000000000000000000000000000000000000000000000000000000000000000000000000000000000000000000000]
a_16_addr             (getelementptr    ) [ 00000000000000000000000000000000000000000000000000000000000000000000000000000000000000000000000000000000000000000000000000000000000000000000000000000000000000000000000000000000000]
StgValue_329          (store            ) [ 00000000000000000000000000000000000000000000000000000000000000000000000000000000000000000000000000000000000000000000000000000000000000000000000000000000000000000000000000000000000]
StgValue_330          (br               ) [ 00000000000000000000000000000000000000000000000000000000000000000000000000000000000000000000000000000000000000000000000000000000000000000000000000000000000000000000000000000000000]
a_15_addr             (getelementptr    ) [ 00000000000000000000000000000000000000000000000000000000000000000000000000000000000000000000000000000000000000000000000000000000000000000000000000000000000000000000000000000000000]
StgValue_332          (store            ) [ 00000000000000000000000000000000000000000000000000000000000000000000000000000000000000000000000000000000000000000000000000000000000000000000000000000000000000000000000000000000000]
StgValue_333          (br               ) [ 00000000000000000000000000000000000000000000000000000000000000000000000000000000000000000000000000000000000000000000000000000000000000000000000000000000000000000000000000000000000]
a_14_addr             (getelementptr    ) [ 00000000000000000000000000000000000000000000000000000000000000000000000000000000000000000000000000000000000000000000000000000000000000000000000000000000000000000000000000000000000]
StgValue_335          (store            ) [ 00000000000000000000000000000000000000000000000000000000000000000000000000000000000000000000000000000000000000000000000000000000000000000000000000000000000000000000000000000000000]
StgValue_336          (br               ) [ 00000000000000000000000000000000000000000000000000000000000000000000000000000000000000000000000000000000000000000000000000000000000000000000000000000000000000000000000000000000000]
a_13_addr             (getelementptr    ) [ 00000000000000000000000000000000000000000000000000000000000000000000000000000000000000000000000000000000000000000000000000000000000000000000000000000000000000000000000000000000000]
StgValue_338          (store            ) [ 00000000000000000000000000000000000000000000000000000000000000000000000000000000000000000000000000000000000000000000000000000000000000000000000000000000000000000000000000000000000]
StgValue_339          (br               ) [ 00000000000000000000000000000000000000000000000000000000000000000000000000000000000000000000000000000000000000000000000000000000000000000000000000000000000000000000000000000000000]
a_12_addr             (getelementptr    ) [ 00000000000000000000000000000000000000000000000000000000000000000000000000000000000000000000000000000000000000000000000000000000000000000000000000000000000000000000000000000000000]
StgValue_341          (store            ) [ 00000000000000000000000000000000000000000000000000000000000000000000000000000000000000000000000000000000000000000000000000000000000000000000000000000000000000000000000000000000000]
StgValue_342          (br               ) [ 00000000000000000000000000000000000000000000000000000000000000000000000000000000000000000000000000000000000000000000000000000000000000000000000000000000000000000000000000000000000]
a_11_addr             (getelementptr    ) [ 00000000000000000000000000000000000000000000000000000000000000000000000000000000000000000000000000000000000000000000000000000000000000000000000000000000000000000000000000000000000]
StgValue_344          (store            ) [ 00000000000000000000000000000000000000000000000000000000000000000000000000000000000000000000000000000000000000000000000000000000000000000000000000000000000000000000000000000000000]
StgValue_345          (br               ) [ 00000000000000000000000000000000000000000000000000000000000000000000000000000000000000000000000000000000000000000000000000000000000000000000000000000000000000000000000000000000000]
a_10_addr             (getelementptr    ) [ 00000000000000000000000000000000000000000000000000000000000000000000000000000000000000000000000000000000000000000000000000000000000000000000000000000000000000000000000000000000000]
StgValue_347          (store            ) [ 00000000000000000000000000000000000000000000000000000000000000000000000000000000000000000000000000000000000000000000000000000000000000000000000000000000000000000000000000000000000]
StgValue_348          (br               ) [ 00000000000000000000000000000000000000000000000000000000000000000000000000000000000000000000000000000000000000000000000000000000000000000000000000000000000000000000000000000000000]
a_9_addr              (getelementptr    ) [ 00000000000000000000000000000000000000000000000000000000000000000000000000000000000000000000000000000000000000000000000000000000000000000000000000000000000000000000000000000000000]
StgValue_350          (store            ) [ 00000000000000000000000000000000000000000000000000000000000000000000000000000000000000000000000000000000000000000000000000000000000000000000000000000000000000000000000000000000000]
StgValue_351          (br               ) [ 00000000000000000000000000000000000000000000000000000000000000000000000000000000000000000000000000000000000000000000000000000000000000000000000000000000000000000000000000000000000]
a_8_addr              (getelementptr    ) [ 00000000000000000000000000000000000000000000000000000000000000000000000000000000000000000000000000000000000000000000000000000000000000000000000000000000000000000000000000000000000]
StgValue_353          (store            ) [ 00000000000000000000000000000000000000000000000000000000000000000000000000000000000000000000000000000000000000000000000000000000000000000000000000000000000000000000000000000000000]
StgValue_354          (br               ) [ 00000000000000000000000000000000000000000000000000000000000000000000000000000000000000000000000000000000000000000000000000000000000000000000000000000000000000000000000000000000000]
a_7_addr              (getelementptr    ) [ 00000000000000000000000000000000000000000000000000000000000000000000000000000000000000000000000000000000000000000000000000000000000000000000000000000000000000000000000000000000000]
StgValue_356          (store            ) [ 00000000000000000000000000000000000000000000000000000000000000000000000000000000000000000000000000000000000000000000000000000000000000000000000000000000000000000000000000000000000]
StgValue_357          (br               ) [ 00000000000000000000000000000000000000000000000000000000000000000000000000000000000000000000000000000000000000000000000000000000000000000000000000000000000000000000000000000000000]
a_6_addr              (getelementptr    ) [ 00000000000000000000000000000000000000000000000000000000000000000000000000000000000000000000000000000000000000000000000000000000000000000000000000000000000000000000000000000000000]
StgValue_359          (store            ) [ 00000000000000000000000000000000000000000000000000000000000000000000000000000000000000000000000000000000000000000000000000000000000000000000000000000000000000000000000000000000000]
StgValue_360          (br               ) [ 00000000000000000000000000000000000000000000000000000000000000000000000000000000000000000000000000000000000000000000000000000000000000000000000000000000000000000000000000000000000]
a_5_addr              (getelementptr    ) [ 00000000000000000000000000000000000000000000000000000000000000000000000000000000000000000000000000000000000000000000000000000000000000000000000000000000000000000000000000000000000]
StgValue_362          (store            ) [ 00000000000000000000000000000000000000000000000000000000000000000000000000000000000000000000000000000000000000000000000000000000000000000000000000000000000000000000000000000000000]
StgValue_363          (br               ) [ 00000000000000000000000000000000000000000000000000000000000000000000000000000000000000000000000000000000000000000000000000000000000000000000000000000000000000000000000000000000000]
a_4_addr              (getelementptr    ) [ 00000000000000000000000000000000000000000000000000000000000000000000000000000000000000000000000000000000000000000000000000000000000000000000000000000000000000000000000000000000000]
StgValue_365          (store            ) [ 00000000000000000000000000000000000000000000000000000000000000000000000000000000000000000000000000000000000000000000000000000000000000000000000000000000000000000000000000000000000]
StgValue_366          (br               ) [ 00000000000000000000000000000000000000000000000000000000000000000000000000000000000000000000000000000000000000000000000000000000000000000000000000000000000000000000000000000000000]
a_3_addr              (getelementptr    ) [ 00000000000000000000000000000000000000000000000000000000000000000000000000000000000000000000000000000000000000000000000000000000000000000000000000000000000000000000000000000000000]
StgValue_368          (store            ) [ 00000000000000000000000000000000000000000000000000000000000000000000000000000000000000000000000000000000000000000000000000000000000000000000000000000000000000000000000000000000000]
StgValue_369          (br               ) [ 00000000000000000000000000000000000000000000000000000000000000000000000000000000000000000000000000000000000000000000000000000000000000000000000000000000000000000000000000000000000]
a_2_addr              (getelementptr    ) [ 00000000000000000000000000000000000000000000000000000000000000000000000000000000000000000000000000000000000000000000000000000000000000000000000000000000000000000000000000000000000]
StgValue_371          (store            ) [ 00000000000000000000000000000000000000000000000000000000000000000000000000000000000000000000000000000000000000000000000000000000000000000000000000000000000000000000000000000000000]
StgValue_372          (br               ) [ 00000000000000000000000000000000000000000000000000000000000000000000000000000000000000000000000000000000000000000000000000000000000000000000000000000000000000000000000000000000000]
a_1_addr              (getelementptr    ) [ 00000000000000000000000000000000000000000000000000000000000000000000000000000000000000000000000000000000000000000000000000000000000000000000000000000000000000000000000000000000000]
StgValue_374          (store            ) [ 00000000000000000000000000000000000000000000000000000000000000000000000000000000000000000000000000000000000000000000000000000000000000000000000000000000000000000000000000000000000]
StgValue_375          (br               ) [ 00000000000000000000000000000000000000000000000000000000000000000000000000000000000000000000000000000000000000000000000000000000000000000000000000000000000000000000000000000000000]
a_0_addr              (getelementptr    ) [ 00000000000000000000000000000000000000000000000000000000000000000000000000000000000000000000000000000000000000000000000000000000000000000000000000000000000000000000000000000000000]
StgValue_377          (store            ) [ 00000000000000000000000000000000000000000000000000000000000000000000000000000000000000000000000000000000000000000000000000000000000000000000000000000000000000000000000000000000000]
StgValue_378          (br               ) [ 00000000000000000000000000000000000000000000000000000000000000000000000000000000000000000000000000000000000000000000000000000000000000000000000000000000000000000000000000000000000]
a_31_addr             (getelementptr    ) [ 00000000000000000000000000000000000000000000000000000000000000000000000000000000000000000000000000000000000000000000000000000000000000000000000000000000000000000000000000000000000]
StgValue_380          (store            ) [ 00000000000000000000000000000000000000000000000000000000000000000000000000000000000000000000000000000000000000000000000000000000000000000000000000000000000000000000000000000000000]
StgValue_381          (br               ) [ 00000000000000000000000000000000000000000000000000000000000000000000000000000000000000000000000000000000000000000000000000000000000000000000000000000000000000000000000000000000000]
StgValue_382          (br               ) [ 00001110000000000000000000000000000000000000000000000000000000000000000000000000000000000000000000000000000000000000000000000000000000000000000000000000000000000000000000000000000]
indvar_flatten1       (phi              ) [ 00000110000000000000000000000000000000000000000000000000000000000000000000000000000000000000000000000000000000000000000000000000000000000000000000000000000000000000000000000000000]
i1_0_i                (phi              ) [ 00000110000000000000000000000000000000000000000000000000000000000000000000000000000000000000000000000000000000000000000000000000000000000000000000000000000000000000000000000000000]
j2_0_i                (phi              ) [ 00000110000000000000000000000000000000000000000000000000000000000000000000000000000000000000000000000000000000000000000000000000000000000000000000000000000000000000000000000000000]
exitcond_flatten1     (icmp             ) [ 00000110000000000000000000000000000000000000000000000000000000000000000000000000000000000000000000000000000000000000000000000000000000000000000000000000000000000000000000000000000]
indvar_flatten_next2  (add              ) [ 00001110000000000000000000000000000000000000000000000000000000000000000000000000000000000000000000000000000000000000000000000000000000000000000000000000000000000000000000000000000]
StgValue_388          (br               ) [ 00000000000000000000000000000000000000000000000000000000000000000000000000000000000000000000000000000000000000000000000000000000000000000000000000000000000000000000000000000000000]
i_1                   (add              ) [ 00000000000000000000000000000000000000000000000000000000000000000000000000000000000000000000000000000000000000000000000000000000000000000000000000000000000000000000000000000000000]
exitcond2_i           (icmp             ) [ 00000000000000000000000000000000000000000000000000000000000000000000000000000000000000000000000000000000000000000000000000000000000000000000000000000000000000000000000000000000000]
j2_0_i_mid2           (select           ) [ 00000110000000000000000000000000000000000000000000000000000000000000000000000000000000000000000000000000000000000000000000000000000000000000000000000000000000000000000000000000000]
i1_0_i_t_mid2_v       (select           ) [ 00001110000000000000000000000000000000000000000000000000000000000000000000000000000000000000000000000000000000000000000000000000000000000000000000000000000000000000000000000000000]
tmp_1                 (trunc            ) [ 00000110000000000000000000000000000000000000000000000000000000000000000000000000000000000000000000000000000000000000000000000000000000000000000000000000000000000000000000000000000]
tmp_4                 (specregionbegin  ) [ 00000000000000000000000000000000000000000000000000000000000000000000000000000000000000000000000000000000000000000000000000000000000000000000000000000000000000000000000000000000000]
StgValue_396          (switch           ) [ 00000000000000000000000000000000000000000000000000000000000000000000000000000000000000000000000000000000000000000000000000000000000000000000000000000000000000000000000000000000000]
empty_17              (specregionend    ) [ 00000000000000000000000000000000000000000000000000000000000000000000000000000000000000000000000000000000000000000000000000000000000000000000000000000000000000000000000000000000000]
j_1                   (add              ) [ 00001110000000000000000000000000000000000000000000000000000000000000000000000000000000000000000000000000000000000000000000000000000000000000000000000000000000000000000000000000000]
StgValue_399          (br               ) [ 00001110000000000000000000000000000000000000000000000000000000000000000000000000000000000000000000000000000000000000000000000000000000000000000000000000000000000000000000000000000]
empty_18              (speclooptripcount) [ 00000000000000000000000000000000000000000000000000000000000000000000000000000000000000000000000000000000000000000000000000000000000000000000000000000000000000000000000000000000000]
j2_0_i_cast7          (zext             ) [ 00000000000000000000000000000000000000000000000000000000000000000000000000000000000000000000000000000000000000000000000000000000000000000000000000000000000000000000000000000000000]
StgValue_402          (specpipeline     ) [ 00000000000000000000000000000000000000000000000000000000000000000000000000000000000000000000000000000000000000000000000000000000000000000000000000000000000000000000000000000000000]
empty_19              (read             ) [ 00000000000000000000000000000000000000000000000000000000000000000000000000000000000000000000000000000000000000000000000000000000000000000000000000000000000000000000000000000000000]
INPUT_STREAM_data_V_1 (extractvalue     ) [ 00000000000000000000000000000000000000000000000000000000000000000000000000000000000000000000000000000000000000000000000000000000000000000000000000000000000000000000000000000000000]
ret_1                 (bitcast          ) [ 00000000000000000000000000000000000000000000000000000000000000000000000000000000000000000000000000000000000000000000000000000000000000000000000000000000000000000000000000000000000]
b_0_addr              (getelementptr    ) [ 00000000000000000000000000000000000000000000000000000000000000000000000000000000000000000000000000000000000000000000000000000000000000000000000000000000000000000000000000000000000]
b_1_addr              (getelementptr    ) [ 00000000000000000000000000000000000000000000000000000000000000000000000000000000000000000000000000000000000000000000000000000000000000000000000000000000000000000000000000000000000]
b_2_addr              (getelementptr    ) [ 00000000000000000000000000000000000000000000000000000000000000000000000000000000000000000000000000000000000000000000000000000000000000000000000000000000000000000000000000000000000]
b_3_addr              (getelementptr    ) [ 00000000000000000000000000000000000000000000000000000000000000000000000000000000000000000000000000000000000000000000000000000000000000000000000000000000000000000000000000000000000]
b_4_addr              (getelementptr    ) [ 00000000000000000000000000000000000000000000000000000000000000000000000000000000000000000000000000000000000000000000000000000000000000000000000000000000000000000000000000000000000]
b_5_addr              (getelementptr    ) [ 00000000000000000000000000000000000000000000000000000000000000000000000000000000000000000000000000000000000000000000000000000000000000000000000000000000000000000000000000000000000]
b_6_addr              (getelementptr    ) [ 00000000000000000000000000000000000000000000000000000000000000000000000000000000000000000000000000000000000000000000000000000000000000000000000000000000000000000000000000000000000]
b_7_addr              (getelementptr    ) [ 00000000000000000000000000000000000000000000000000000000000000000000000000000000000000000000000000000000000000000000000000000000000000000000000000000000000000000000000000000000000]
b_8_addr              (getelementptr    ) [ 00000000000000000000000000000000000000000000000000000000000000000000000000000000000000000000000000000000000000000000000000000000000000000000000000000000000000000000000000000000000]
b_9_addr              (getelementptr    ) [ 00000000000000000000000000000000000000000000000000000000000000000000000000000000000000000000000000000000000000000000000000000000000000000000000000000000000000000000000000000000000]
b_10_addr             (getelementptr    ) [ 00000000000000000000000000000000000000000000000000000000000000000000000000000000000000000000000000000000000000000000000000000000000000000000000000000000000000000000000000000000000]
b_11_addr             (getelementptr    ) [ 00000000000000000000000000000000000000000000000000000000000000000000000000000000000000000000000000000000000000000000000000000000000000000000000000000000000000000000000000000000000]
b_12_addr             (getelementptr    ) [ 00000000000000000000000000000000000000000000000000000000000000000000000000000000000000000000000000000000000000000000000000000000000000000000000000000000000000000000000000000000000]
b_13_addr             (getelementptr    ) [ 00000000000000000000000000000000000000000000000000000000000000000000000000000000000000000000000000000000000000000000000000000000000000000000000000000000000000000000000000000000000]
b_14_addr             (getelementptr    ) [ 00000000000000000000000000000000000000000000000000000000000000000000000000000000000000000000000000000000000000000000000000000000000000000000000000000000000000000000000000000000000]
b_15_addr             (getelementptr    ) [ 00000000000000000000000000000000000000000000000000000000000000000000000000000000000000000000000000000000000000000000000000000000000000000000000000000000000000000000000000000000000]
b_16_addr             (getelementptr    ) [ 00000000000000000000000000000000000000000000000000000000000000000000000000000000000000000000000000000000000000000000000000000000000000000000000000000000000000000000000000000000000]
b_17_addr             (getelementptr    ) [ 00000000000000000000000000000000000000000000000000000000000000000000000000000000000000000000000000000000000000000000000000000000000000000000000000000000000000000000000000000000000]
b_18_addr             (getelementptr    ) [ 00000000000000000000000000000000000000000000000000000000000000000000000000000000000000000000000000000000000000000000000000000000000000000000000000000000000000000000000000000000000]
b_19_addr             (getelementptr    ) [ 00000000000000000000000000000000000000000000000000000000000000000000000000000000000000000000000000000000000000000000000000000000000000000000000000000000000000000000000000000000000]
b_20_addr             (getelementptr    ) [ 00000000000000000000000000000000000000000000000000000000000000000000000000000000000000000000000000000000000000000000000000000000000000000000000000000000000000000000000000000000000]
b_21_addr             (getelementptr    ) [ 00000000000000000000000000000000000000000000000000000000000000000000000000000000000000000000000000000000000000000000000000000000000000000000000000000000000000000000000000000000000]
b_22_addr             (getelementptr    ) [ 00000000000000000000000000000000000000000000000000000000000000000000000000000000000000000000000000000000000000000000000000000000000000000000000000000000000000000000000000000000000]
b_23_addr             (getelementptr    ) [ 00000000000000000000000000000000000000000000000000000000000000000000000000000000000000000000000000000000000000000000000000000000000000000000000000000000000000000000000000000000000]
b_24_addr             (getelementptr    ) [ 00000000000000000000000000000000000000000000000000000000000000000000000000000000000000000000000000000000000000000000000000000000000000000000000000000000000000000000000000000000000]
b_25_addr             (getelementptr    ) [ 00000000000000000000000000000000000000000000000000000000000000000000000000000000000000000000000000000000000000000000000000000000000000000000000000000000000000000000000000000000000]
b_26_addr             (getelementptr    ) [ 00000000000000000000000000000000000000000000000000000000000000000000000000000000000000000000000000000000000000000000000000000000000000000000000000000000000000000000000000000000000]
b_27_addr             (getelementptr    ) [ 00000000000000000000000000000000000000000000000000000000000000000000000000000000000000000000000000000000000000000000000000000000000000000000000000000000000000000000000000000000000]
b_28_addr             (getelementptr    ) [ 00000000000000000000000000000000000000000000000000000000000000000000000000000000000000000000000000000000000000000000000000000000000000000000000000000000000000000000000000000000000]
b_29_addr             (getelementptr    ) [ 00000000000000000000000000000000000000000000000000000000000000000000000000000000000000000000000000000000000000000000000000000000000000000000000000000000000000000000000000000000000]
b_30_addr             (getelementptr    ) [ 00000000000000000000000000000000000000000000000000000000000000000000000000000000000000000000000000000000000000000000000000000000000000000000000000000000000000000000000000000000000]
b_31_addr             (getelementptr    ) [ 00000000000000000000000000000000000000000000000000000000000000000000000000000000000000000000000000000000000000000000000000000000000000000000000000000000000000000000000000000000000]
StgValue_438          (store            ) [ 00000000000000000000000000000000000000000000000000000000000000000000000000000000000000000000000000000000000000000000000000000000000000000000000000000000000000000000000000000000000]
StgValue_439          (br               ) [ 00000000000000000000000000000000000000000000000000000000000000000000000000000000000000000000000000000000000000000000000000000000000000000000000000000000000000000000000000000000000]
StgValue_440          (store            ) [ 00000000000000000000000000000000000000000000000000000000000000000000000000000000000000000000000000000000000000000000000000000000000000000000000000000000000000000000000000000000000]
StgValue_441          (br               ) [ 00000000000000000000000000000000000000000000000000000000000000000000000000000000000000000000000000000000000000000000000000000000000000000000000000000000000000000000000000000000000]
StgValue_442          (store            ) [ 00000000000000000000000000000000000000000000000000000000000000000000000000000000000000000000000000000000000000000000000000000000000000000000000000000000000000000000000000000000000]
StgValue_443          (br               ) [ 00000000000000000000000000000000000000000000000000000000000000000000000000000000000000000000000000000000000000000000000000000000000000000000000000000000000000000000000000000000000]
StgValue_444          (store            ) [ 00000000000000000000000000000000000000000000000000000000000000000000000000000000000000000000000000000000000000000000000000000000000000000000000000000000000000000000000000000000000]
StgValue_445          (br               ) [ 00000000000000000000000000000000000000000000000000000000000000000000000000000000000000000000000000000000000000000000000000000000000000000000000000000000000000000000000000000000000]
StgValue_446          (store            ) [ 00000000000000000000000000000000000000000000000000000000000000000000000000000000000000000000000000000000000000000000000000000000000000000000000000000000000000000000000000000000000]
StgValue_447          (br               ) [ 00000000000000000000000000000000000000000000000000000000000000000000000000000000000000000000000000000000000000000000000000000000000000000000000000000000000000000000000000000000000]
StgValue_448          (store            ) [ 00000000000000000000000000000000000000000000000000000000000000000000000000000000000000000000000000000000000000000000000000000000000000000000000000000000000000000000000000000000000]
StgValue_449          (br               ) [ 00000000000000000000000000000000000000000000000000000000000000000000000000000000000000000000000000000000000000000000000000000000000000000000000000000000000000000000000000000000000]
StgValue_450          (store            ) [ 00000000000000000000000000000000000000000000000000000000000000000000000000000000000000000000000000000000000000000000000000000000000000000000000000000000000000000000000000000000000]
StgValue_451          (br               ) [ 00000000000000000000000000000000000000000000000000000000000000000000000000000000000000000000000000000000000000000000000000000000000000000000000000000000000000000000000000000000000]
StgValue_452          (store            ) [ 00000000000000000000000000000000000000000000000000000000000000000000000000000000000000000000000000000000000000000000000000000000000000000000000000000000000000000000000000000000000]
StgValue_453          (br               ) [ 00000000000000000000000000000000000000000000000000000000000000000000000000000000000000000000000000000000000000000000000000000000000000000000000000000000000000000000000000000000000]
StgValue_454          (store            ) [ 00000000000000000000000000000000000000000000000000000000000000000000000000000000000000000000000000000000000000000000000000000000000000000000000000000000000000000000000000000000000]
StgValue_455          (br               ) [ 00000000000000000000000000000000000000000000000000000000000000000000000000000000000000000000000000000000000000000000000000000000000000000000000000000000000000000000000000000000000]
StgValue_456          (store            ) [ 00000000000000000000000000000000000000000000000000000000000000000000000000000000000000000000000000000000000000000000000000000000000000000000000000000000000000000000000000000000000]
StgValue_457          (br               ) [ 00000000000000000000000000000000000000000000000000000000000000000000000000000000000000000000000000000000000000000000000000000000000000000000000000000000000000000000000000000000000]
StgValue_458          (store            ) [ 00000000000000000000000000000000000000000000000000000000000000000000000000000000000000000000000000000000000000000000000000000000000000000000000000000000000000000000000000000000000]
StgValue_459          (br               ) [ 00000000000000000000000000000000000000000000000000000000000000000000000000000000000000000000000000000000000000000000000000000000000000000000000000000000000000000000000000000000000]
StgValue_460          (store            ) [ 00000000000000000000000000000000000000000000000000000000000000000000000000000000000000000000000000000000000000000000000000000000000000000000000000000000000000000000000000000000000]
StgValue_461          (br               ) [ 00000000000000000000000000000000000000000000000000000000000000000000000000000000000000000000000000000000000000000000000000000000000000000000000000000000000000000000000000000000000]
StgValue_462          (store            ) [ 00000000000000000000000000000000000000000000000000000000000000000000000000000000000000000000000000000000000000000000000000000000000000000000000000000000000000000000000000000000000]
StgValue_463          (br               ) [ 00000000000000000000000000000000000000000000000000000000000000000000000000000000000000000000000000000000000000000000000000000000000000000000000000000000000000000000000000000000000]
StgValue_464          (store            ) [ 00000000000000000000000000000000000000000000000000000000000000000000000000000000000000000000000000000000000000000000000000000000000000000000000000000000000000000000000000000000000]
StgValue_465          (br               ) [ 00000000000000000000000000000000000000000000000000000000000000000000000000000000000000000000000000000000000000000000000000000000000000000000000000000000000000000000000000000000000]
StgValue_466          (store            ) [ 00000000000000000000000000000000000000000000000000000000000000000000000000000000000000000000000000000000000000000000000000000000000000000000000000000000000000000000000000000000000]
StgValue_467          (br               ) [ 00000000000000000000000000000000000000000000000000000000000000000000000000000000000000000000000000000000000000000000000000000000000000000000000000000000000000000000000000000000000]
StgValue_468          (store            ) [ 00000000000000000000000000000000000000000000000000000000000000000000000000000000000000000000000000000000000000000000000000000000000000000000000000000000000000000000000000000000000]
StgValue_469          (br               ) [ 00000000000000000000000000000000000000000000000000000000000000000000000000000000000000000000000000000000000000000000000000000000000000000000000000000000000000000000000000000000000]
StgValue_470          (store            ) [ 00000000000000000000000000000000000000000000000000000000000000000000000000000000000000000000000000000000000000000000000000000000000000000000000000000000000000000000000000000000000]
StgValue_471          (br               ) [ 00000000000000000000000000000000000000000000000000000000000000000000000000000000000000000000000000000000000000000000000000000000000000000000000000000000000000000000000000000000000]
StgValue_472          (store            ) [ 00000000000000000000000000000000000000000000000000000000000000000000000000000000000000000000000000000000000000000000000000000000000000000000000000000000000000000000000000000000000]
StgValue_473          (br               ) [ 00000000000000000000000000000000000000000000000000000000000000000000000000000000000000000000000000000000000000000000000000000000000000000000000000000000000000000000000000000000000]
StgValue_474          (store            ) [ 00000000000000000000000000000000000000000000000000000000000000000000000000000000000000000000000000000000000000000000000000000000000000000000000000000000000000000000000000000000000]
StgValue_475          (br               ) [ 00000000000000000000000000000000000000000000000000000000000000000000000000000000000000000000000000000000000000000000000000000000000000000000000000000000000000000000000000000000000]
StgValue_476          (store            ) [ 00000000000000000000000000000000000000000000000000000000000000000000000000000000000000000000000000000000000000000000000000000000000000000000000000000000000000000000000000000000000]
StgValue_477          (br               ) [ 00000000000000000000000000000000000000000000000000000000000000000000000000000000000000000000000000000000000000000000000000000000000000000000000000000000000000000000000000000000000]
StgValue_478          (store            ) [ 00000000000000000000000000000000000000000000000000000000000000000000000000000000000000000000000000000000000000000000000000000000000000000000000000000000000000000000000000000000000]
StgValue_479          (br               ) [ 00000000000000000000000000000000000000000000000000000000000000000000000000000000000000000000000000000000000000000000000000000000000000000000000000000000000000000000000000000000000]
StgValue_480          (store            ) [ 00000000000000000000000000000000000000000000000000000000000000000000000000000000000000000000000000000000000000000000000000000000000000000000000000000000000000000000000000000000000]
StgValue_481          (br               ) [ 00000000000000000000000000000000000000000000000000000000000000000000000000000000000000000000000000000000000000000000000000000000000000000000000000000000000000000000000000000000000]
StgValue_482          (store            ) [ 00000000000000000000000000000000000000000000000000000000000000000000000000000000000000000000000000000000000000000000000000000000000000000000000000000000000000000000000000000000000]
StgValue_483          (br               ) [ 00000000000000000000000000000000000000000000000000000000000000000000000000000000000000000000000000000000000000000000000000000000000000000000000000000000000000000000000000000000000]
StgValue_484          (store            ) [ 00000000000000000000000000000000000000000000000000000000000000000000000000000000000000000000000000000000000000000000000000000000000000000000000000000000000000000000000000000000000]
StgValue_485          (br               ) [ 00000000000000000000000000000000000000000000000000000000000000000000000000000000000000000000000000000000000000000000000000000000000000000000000000000000000000000000000000000000000]
StgValue_486          (store            ) [ 00000000000000000000000000000000000000000000000000000000000000000000000000000000000000000000000000000000000000000000000000000000000000000000000000000000000000000000000000000000000]
StgValue_487          (br               ) [ 00000000000000000000000000000000000000000000000000000000000000000000000000000000000000000000000000000000000000000000000000000000000000000000000000000000000000000000000000000000000]
StgValue_488          (store            ) [ 00000000000000000000000000000000000000000000000000000000000000000000000000000000000000000000000000000000000000000000000000000000000000000000000000000000000000000000000000000000000]
StgValue_489          (br               ) [ 00000000000000000000000000000000000000000000000000000000000000000000000000000000000000000000000000000000000000000000000000000000000000000000000000000000000000000000000000000000000]
StgValue_490          (store            ) [ 00000000000000000000000000000000000000000000000000000000000000000000000000000000000000000000000000000000000000000000000000000000000000000000000000000000000000000000000000000000000]
StgValue_491          (br               ) [ 00000000000000000000000000000000000000000000000000000000000000000000000000000000000000000000000000000000000000000000000000000000000000000000000000000000000000000000000000000000000]
StgValue_492          (store            ) [ 00000000000000000000000000000000000000000000000000000000000000000000000000000000000000000000000000000000000000000000000000000000000000000000000000000000000000000000000000000000000]
StgValue_493          (br               ) [ 00000000000000000000000000000000000000000000000000000000000000000000000000000000000000000000000000000000000000000000000000000000000000000000000000000000000000000000000000000000000]
StgValue_494          (store            ) [ 00000000000000000000000000000000000000000000000000000000000000000000000000000000000000000000000000000000000000000000000000000000000000000000000000000000000000000000000000000000000]
StgValue_495          (br               ) [ 00000000000000000000000000000000000000000000000000000000000000000000000000000000000000000000000000000000000000000000000000000000000000000000000000000000000000000000000000000000000]
StgValue_496          (store            ) [ 00000000000000000000000000000000000000000000000000000000000000000000000000000000000000000000000000000000000000000000000000000000000000000000000000000000000000000000000000000000000]
StgValue_497          (br               ) [ 00000000000000000000000000000000000000000000000000000000000000000000000000000000000000000000000000000000000000000000000000000000000000000000000000000000000000000000000000000000000]
StgValue_498          (store            ) [ 00000000000000000000000000000000000000000000000000000000000000000000000000000000000000000000000000000000000000000000000000000000000000000000000000000000000000000000000000000000000]
StgValue_499          (br               ) [ 00000000000000000000000000000000000000000000000000000000000000000000000000000000000000000000000000000000000000000000000000000000000000000000000000000000000000000000000000000000000]
StgValue_500          (store            ) [ 00000000000000000000000000000000000000000000000000000000000000000000000000000000000000000000000000000000000000000000000000000000000000000000000000000000000000000000000000000000000]
StgValue_501          (br               ) [ 00000000000000000000000000000000000000000000000000000000000000000000000000000000000000000000000000000000000000000000000000000000000000000000000000000000000000000000000000000000000]
StgValue_502          (br               ) [ 00000001111111111111111111111111111111111111111111111111111111111111111111111111111111111111111111111111111111111111111111111111111111111111111111111111111111111111111111111100000]
indvar_flatten2       (phi              ) [ 00000000100000000000000000000000000000000000000000000000000000000000000000000000000000000000000000000000000000000000000000000000000000000000000000000000000000000000000000000000000]
ia_0_i_i              (phi              ) [ 00000000100000000000000000000000000000000000000000000000000000000000000000000000000000000000000000000000000000000000000000000000000000000000000000000000000000000000000000000000000]
ib_0_i_i              (phi              ) [ 00000000100000000000000000000000000000000000000000000000000000000000000000000000000000000000000000000000000000000000000000000000000000000000000000000000000000000000000000000000000]
exitcond_flatten2     (icmp             ) [ 00000000111111111111111111111111111111111111111111111111111111111111111111111111111111111111111111111111111111111111111111111111111111111111111111111111111111111111111111111100000]
indvar_flatten_next1  (add              ) [ 00000001111111111111111111111111111111111111111111111111111111111111111111111111111111111111111111111111111111111111111111111111111111111111111111111111111111111111111111111100000]
StgValue_508          (br               ) [ 00000000000000000000000000000000000000000000000000000000000000000000000000000000000000000000000000000000000000000000000000000000000000000000000000000000000000000000000000000000000]
ia                    (add              ) [ 00000000000000000000000000000000000000000000000000000000000000000000000000000000000000000000000000000000000000000000000000000000000000000000000000000000000000000000000000000000000]
exitcond1_i_i         (icmp             ) [ 00000000000000000000000000000000000000000000000000000000000000000000000000000000000000000000000000000000000000000000000000000000000000000000000000000000000000000000000000000000000]
ib_0_i_i_mid2         (select           ) [ 00000000111111111111111111111111111111111111111111111111111111111111111111111111111111111111111111111111111111111111111111111111111111111111111111111111111111111111111111111100000]
p_v                   (select           ) [ 00000001111111111111111111111111111111111111111111111111111111111111111111111111111111111111111111111111111111111111111111111111111111111111111111111111111111111111111111111100000]
a_0_load_mid2         (zext             ) [ 00000000111111111111111111111111111111111111111111111111111111111111111111111111111111111111111111111111111111111111111111111111111111111111111111111111111111100000000000000000000]
a_0_addr_1            (getelementptr    ) [ 00000000110000000000000000000000000000000000000000000000000000000000000000000000000000000000000000000000000000000000000000000000000000000000000000000000000000000000000000000000000]
ib_0_i_i_cast5        (zext             ) [ 00000000111111111111111111111111111111111111111111111111111111111111111111111111111111111111111111111111111111111111111111111111111111111111111111111111111111100000000000000000000]
b_0_addr_1            (getelementptr    ) [ 00000000110000000000000000000000000000000000000000000000000000000000000000000000000000000000000000000000000000000000000000000000000000000000000000000000000000000000000000000000000]
ib                    (add              ) [ 00000001111111111111111111111111111111111111111111111111111111111111111111111111111111111111111111111111111111111111111111111111111111111111111111111111111111111111111111111100000]
a_0_load              (load             ) [ 00000000101110000000000000000000000000000000000000000000000000000000000000000000000000000000000000000000000000000000000000000000000000000000000000000000000000000000000000000000000]
b_0_load              (load             ) [ 00000000101110000000000000000000000000000000000000000000000000000000000000000000000000000000000000000000000000000000000000000000000000000000000000000000000000000000000000000000000]
tmp_s                 (fmul             ) [ 00000000100001111100000000000000000000000000000000000000000000000000000000000000000000000000000000000000000000000000000000000000000000000000000000000000000000000000000000000000000]
a_1_addr_1            (getelementptr    ) [ 00000000100000100000000000000000000000000000000000000000000000000000000000000000000000000000000000000000000000000000000000000000000000000000000000000000000000000000000000000000000]
b_1_addr_1            (getelementptr    ) [ 00000000100000100000000000000000000000000000000000000000000000000000000000000000000000000000000000000000000000000000000000000000000000000000000000000000000000000000000000000000000]
a_1_load              (load             ) [ 00000000100000011100000000000000000000000000000000000000000000000000000000000000000000000000000000000000000000000000000000000000000000000000000000000000000000000000000000000000000]
b_1_load              (load             ) [ 00000000100000011100000000000000000000000000000000000000000000000000000000000000000000000000000000000000000000000000000000000000000000000000000000000000000000000000000000000000000]
sum                   (fadd             ) [ 00000000100000000011111000000000000000000000000000000000000000000000000000000000000000000000000000000000000000000000000000000000000000000000000000000000000000000000000000000000000]
tmp_1_21              (fmul             ) [ 00000000100000000011111000000000000000000000000000000000000000000000000000000000000000000000000000000000000000000000000000000000000000000000000000000000000000000000000000000000000]
a_2_addr_1            (getelementptr    ) [ 00000000100000000001000000000000000000000000000000000000000000000000000000000000000000000000000000000000000000000000000000000000000000000000000000000000000000000000000000000000000]
b_2_addr_1            (getelementptr    ) [ 00000000100000000001000000000000000000000000000000000000000000000000000000000000000000000000000000000000000000000000000000000000000000000000000000000000000000000000000000000000000]
a_2_load              (load             ) [ 00000000100000000000111000000000000000000000000000000000000000000000000000000000000000000000000000000000000000000000000000000000000000000000000000000000000000000000000000000000000]
b_2_load              (load             ) [ 00000000100000000000111000000000000000000000000000000000000000000000000000000000000000000000000000000000000000000000000000000000000000000000000000000000000000000000000000000000000]
sum_1                 (fadd             ) [ 00000000100000000000000111110000000000000000000000000000000000000000000000000000000000000000000000000000000000000000000000000000000000000000000000000000000000000000000000000000000]
tmp_2_22              (fmul             ) [ 00000000100000000000000111110000000000000000000000000000000000000000000000000000000000000000000000000000000000000000000000000000000000000000000000000000000000000000000000000000000]
a_3_addr_1            (getelementptr    ) [ 00000000100000000000000010000000000000000000000000000000000000000000000000000000000000000000000000000000000000000000000000000000000000000000000000000000000000000000000000000000000]
b_3_addr_1            (getelementptr    ) [ 00000000100000000000000010000000000000000000000000000000000000000000000000000000000000000000000000000000000000000000000000000000000000000000000000000000000000000000000000000000000]
a_3_load              (load             ) [ 00000000100000000000000001110000000000000000000000000000000000000000000000000000000000000000000000000000000000000000000000000000000000000000000000000000000000000000000000000000000]
b_3_load              (load             ) [ 00000000100000000000000001110000000000000000000000000000000000000000000000000000000000000000000000000000000000000000000000000000000000000000000000000000000000000000000000000000000]
sum_2                 (fadd             ) [ 00000000100000000000000000001111100000000000000000000000000000000000000000000000000000000000000000000000000000000000000000000000000000000000000000000000000000000000000000000000000]
tmp_3_23              (fmul             ) [ 00000000100000000000000000001111100000000000000000000000000000000000000000000000000000000000000000000000000000000000000000000000000000000000000000000000000000000000000000000000000]
a_4_addr_1            (getelementptr    ) [ 00000000100000000000000000000100000000000000000000000000000000000000000000000000000000000000000000000000000000000000000000000000000000000000000000000000000000000000000000000000000]
b_4_addr_1            (getelementptr    ) [ 00000000100000000000000000000100000000000000000000000000000000000000000000000000000000000000000000000000000000000000000000000000000000000000000000000000000000000000000000000000000]
a_4_load              (load             ) [ 00000000100000000000000000000011100000000000000000000000000000000000000000000000000000000000000000000000000000000000000000000000000000000000000000000000000000000000000000000000000]
b_4_load              (load             ) [ 00000000100000000000000000000011100000000000000000000000000000000000000000000000000000000000000000000000000000000000000000000000000000000000000000000000000000000000000000000000000]
sum_3                 (fadd             ) [ 00000000100000000000000000000000011111000000000000000000000000000000000000000000000000000000000000000000000000000000000000000000000000000000000000000000000000000000000000000000000]
tmp_4_24              (fmul             ) [ 00000000100000000000000000000000011111000000000000000000000000000000000000000000000000000000000000000000000000000000000000000000000000000000000000000000000000000000000000000000000]
a_5_addr_1            (getelementptr    ) [ 00000000100000000000000000000000001000000000000000000000000000000000000000000000000000000000000000000000000000000000000000000000000000000000000000000000000000000000000000000000000]
b_5_addr_1            (getelementptr    ) [ 00000000100000000000000000000000001000000000000000000000000000000000000000000000000000000000000000000000000000000000000000000000000000000000000000000000000000000000000000000000000]
a_5_load              (load             ) [ 00000000100000000000000000000000000111000000000000000000000000000000000000000000000000000000000000000000000000000000000000000000000000000000000000000000000000000000000000000000000]
b_5_load              (load             ) [ 00000000100000000000000000000000000111000000000000000000000000000000000000000000000000000000000000000000000000000000000000000000000000000000000000000000000000000000000000000000000]
sum_4                 (fadd             ) [ 00000000100000000000000000000000000000111110000000000000000000000000000000000000000000000000000000000000000000000000000000000000000000000000000000000000000000000000000000000000000]
tmp_5_25              (fmul             ) [ 00000000100000000000000000000000000000111110000000000000000000000000000000000000000000000000000000000000000000000000000000000000000000000000000000000000000000000000000000000000000]
a_6_addr_1            (getelementptr    ) [ 00000000100000000000000000000000000000010000000000000000000000000000000000000000000000000000000000000000000000000000000000000000000000000000000000000000000000000000000000000000000]
b_6_addr_1            (getelementptr    ) [ 00000000100000000000000000000000000000010000000000000000000000000000000000000000000000000000000000000000000000000000000000000000000000000000000000000000000000000000000000000000000]
a_6_load              (load             ) [ 00000000100000000000000000000000000000001110000000000000000000000000000000000000000000000000000000000000000000000000000000000000000000000000000000000000000000000000000000000000000]
b_6_load              (load             ) [ 00000000100000000000000000000000000000001110000000000000000000000000000000000000000000000000000000000000000000000000000000000000000000000000000000000000000000000000000000000000000]
sum_5                 (fadd             ) [ 00000000100000000000000000000000000000000001111100000000000000000000000000000000000000000000000000000000000000000000000000000000000000000000000000000000000000000000000000000000000]
tmp_6                 (fmul             ) [ 00000000100000000000000000000000000000000001111100000000000000000000000000000000000000000000000000000000000000000000000000000000000000000000000000000000000000000000000000000000000]
a_7_addr_1            (getelementptr    ) [ 00000000100000000000000000000000000000000000100000000000000000000000000000000000000000000000000000000000000000000000000000000000000000000000000000000000000000000000000000000000000]
b_7_addr_1            (getelementptr    ) [ 00000000100000000000000000000000000000000000100000000000000000000000000000000000000000000000000000000000000000000000000000000000000000000000000000000000000000000000000000000000000]
a_7_load              (load             ) [ 00000000100000000000000000000000000000000000011100000000000000000000000000000000000000000000000000000000000000000000000000000000000000000000000000000000000000000000000000000000000]
b_7_load              (load             ) [ 00000000100000000000000000000000000000000000011100000000000000000000000000000000000000000000000000000000000000000000000000000000000000000000000000000000000000000000000000000000000]
sum_6                 (fadd             ) [ 00000000100000000000000000000000000000000000000011111000000000000000000000000000000000000000000000000000000000000000000000000000000000000000000000000000000000000000000000000000000]
tmp_7                 (fmul             ) [ 00000000100000000000000000000000000000000000000011111000000000000000000000000000000000000000000000000000000000000000000000000000000000000000000000000000000000000000000000000000000]
a_8_addr_1            (getelementptr    ) [ 00000000100000000000000000000000000000000000000001000000000000000000000000000000000000000000000000000000000000000000000000000000000000000000000000000000000000000000000000000000000]
b_8_addr_1            (getelementptr    ) [ 00000000100000000000000000000000000000000000000001000000000000000000000000000000000000000000000000000000000000000000000000000000000000000000000000000000000000000000000000000000000]
a_8_load              (load             ) [ 00000000100000000000000000000000000000000000000000111000000000000000000000000000000000000000000000000000000000000000000000000000000000000000000000000000000000000000000000000000000]
b_8_load              (load             ) [ 00000000100000000000000000000000000000000000000000111000000000000000000000000000000000000000000000000000000000000000000000000000000000000000000000000000000000000000000000000000000]
sum_7                 (fadd             ) [ 00000000100000000000000000000000000000000000000000000111110000000000000000000000000000000000000000000000000000000000000000000000000000000000000000000000000000000000000000000000000]
tmp_8_26              (fmul             ) [ 00000000100000000000000000000000000000000000000000000111110000000000000000000000000000000000000000000000000000000000000000000000000000000000000000000000000000000000000000000000000]
a_9_addr_1            (getelementptr    ) [ 00000000100000000000000000000000000000000000000000000010000000000000000000000000000000000000000000000000000000000000000000000000000000000000000000000000000000000000000000000000000]
b_9_addr_1            (getelementptr    ) [ 00000000100000000000000000000000000000000000000000000010000000000000000000000000000000000000000000000000000000000000000000000000000000000000000000000000000000000000000000000000000]
a_9_load              (load             ) [ 00000000100000000000000000000000000000000000000000000001110000000000000000000000000000000000000000000000000000000000000000000000000000000000000000000000000000000000000000000000000]
b_9_load              (load             ) [ 00000000100000000000000000000000000000000000000000000001110000000000000000000000000000000000000000000000000000000000000000000000000000000000000000000000000000000000000000000000000]
sum_8                 (fadd             ) [ 00000000100000000000000000000000000000000000000000000000001111100000000000000000000000000000000000000000000000000000000000000000000000000000000000000000000000000000000000000000000]
tmp_9                 (fmul             ) [ 00000000100000000000000000000000000000000000000000000000001111100000000000000000000000000000000000000000000000000000000000000000000000000000000000000000000000000000000000000000000]
a_10_addr_1           (getelementptr    ) [ 00000000100000000000000000000000000000000000000000000000000100000000000000000000000000000000000000000000000000000000000000000000000000000000000000000000000000000000000000000000000]
b_10_addr_1           (getelementptr    ) [ 00000000100000000000000000000000000000000000000000000000000100000000000000000000000000000000000000000000000000000000000000000000000000000000000000000000000000000000000000000000000]
a_10_load             (load             ) [ 00000000100000000000000000000000000000000000000000000000000011100000000000000000000000000000000000000000000000000000000000000000000000000000000000000000000000000000000000000000000]
b_10_load             (load             ) [ 00000000100000000000000000000000000000000000000000000000000011100000000000000000000000000000000000000000000000000000000000000000000000000000000000000000000000000000000000000000000]
sum_9                 (fadd             ) [ 00000000100000000000000000000000000000000000000000000000000000011111000000000000000000000000000000000000000000000000000000000000000000000000000000000000000000000000000000000000000]
tmp_s_27              (fmul             ) [ 00000000100000000000000000000000000000000000000000000000000000011111000000000000000000000000000000000000000000000000000000000000000000000000000000000000000000000000000000000000000]
a_11_addr_1           (getelementptr    ) [ 00000000100000000000000000000000000000000000000000000000000000001000000000000000000000000000000000000000000000000000000000000000000000000000000000000000000000000000000000000000000]
b_11_addr_1           (getelementptr    ) [ 00000000100000000000000000000000000000000000000000000000000000001000000000000000000000000000000000000000000000000000000000000000000000000000000000000000000000000000000000000000000]
a_11_load             (load             ) [ 00000000100000000000000000000000000000000000000000000000000000000111000000000000000000000000000000000000000000000000000000000000000000000000000000000000000000000000000000000000000]
b_11_load             (load             ) [ 00000000100000000000000000000000000000000000000000000000000000000111000000000000000000000000000000000000000000000000000000000000000000000000000000000000000000000000000000000000000]
sum_s                 (fadd             ) [ 00000000100000000000000000000000000000000000000000000000000000000000111110000000000000000000000000000000000000000000000000000000000000000000000000000000000000000000000000000000000]
tmp_10                (fmul             ) [ 00000000100000000000000000000000000000000000000000000000000000000000111110000000000000000000000000000000000000000000000000000000000000000000000000000000000000000000000000000000000]
a_12_addr_1           (getelementptr    ) [ 00000000100000000000000000000000000000000000000000000000000000000000010000000000000000000000000000000000000000000000000000000000000000000000000000000000000000000000000000000000000]
b_12_addr_1           (getelementptr    ) [ 00000000100000000000000000000000000000000000000000000000000000000000010000000000000000000000000000000000000000000000000000000000000000000000000000000000000000000000000000000000000]
a_12_load             (load             ) [ 00000000100000000000000000000000000000000000000000000000000000000000001110000000000000000000000000000000000000000000000000000000000000000000000000000000000000000000000000000000000]
b_12_load             (load             ) [ 00000000100000000000000000000000000000000000000000000000000000000000001110000000000000000000000000000000000000000000000000000000000000000000000000000000000000000000000000000000000]
sum_10                (fadd             ) [ 00000000100000000000000000000000000000000000000000000000000000000000000001111100000000000000000000000000000000000000000000000000000000000000000000000000000000000000000000000000000]
tmp_11                (fmul             ) [ 00000000100000000000000000000000000000000000000000000000000000000000000001111100000000000000000000000000000000000000000000000000000000000000000000000000000000000000000000000000000]
a_13_addr_1           (getelementptr    ) [ 00000000100000000000000000000000000000000000000000000000000000000000000000100000000000000000000000000000000000000000000000000000000000000000000000000000000000000000000000000000000]
b_13_addr_1           (getelementptr    ) [ 00000000100000000000000000000000000000000000000000000000000000000000000000100000000000000000000000000000000000000000000000000000000000000000000000000000000000000000000000000000000]
a_13_load             (load             ) [ 00000000100000000000000000000000000000000000000000000000000000000000000000011100000000000000000000000000000000000000000000000000000000000000000000000000000000000000000000000000000]
b_13_load             (load             ) [ 00000000100000000000000000000000000000000000000000000000000000000000000000011100000000000000000000000000000000000000000000000000000000000000000000000000000000000000000000000000000]
sum_11                (fadd             ) [ 00000000100000000000000000000000000000000000000000000000000000000000000000000011111000000000000000000000000000000000000000000000000000000000000000000000000000000000000000000000000]
tmp_12                (fmul             ) [ 00000000100000000000000000000000000000000000000000000000000000000000000000000011111000000000000000000000000000000000000000000000000000000000000000000000000000000000000000000000000]
a_14_addr_1           (getelementptr    ) [ 00000000100000000000000000000000000000000000000000000000000000000000000000000001000000000000000000000000000000000000000000000000000000000000000000000000000000000000000000000000000]
b_14_addr_1           (getelementptr    ) [ 00000000100000000000000000000000000000000000000000000000000000000000000000000001000000000000000000000000000000000000000000000000000000000000000000000000000000000000000000000000000]
a_14_load             (load             ) [ 00000000100000000000000000000000000000000000000000000000000000000000000000000000111000000000000000000000000000000000000000000000000000000000000000000000000000000000000000000000000]
b_14_load             (load             ) [ 00000000100000000000000000000000000000000000000000000000000000000000000000000000111000000000000000000000000000000000000000000000000000000000000000000000000000000000000000000000000]
sum_12                (fadd             ) [ 00000000100000000000000000000000000000000000000000000000000000000000000000000000000111110000000000000000000000000000000000000000000000000000000000000000000000000000000000000000000]
tmp_13                (fmul             ) [ 00000000100000000000000000000000000000000000000000000000000000000000000000000000000111110000000000000000000000000000000000000000000000000000000000000000000000000000000000000000000]
a_15_addr_1           (getelementptr    ) [ 00000000100000000000000000000000000000000000000000000000000000000000000000000000000010000000000000000000000000000000000000000000000000000000000000000000000000000000000000000000000]
b_15_addr_1           (getelementptr    ) [ 00000000100000000000000000000000000000000000000000000000000000000000000000000000000010000000000000000000000000000000000000000000000000000000000000000000000000000000000000000000000]
a_15_load             (load             ) [ 00000000100000000000000000000000000000000000000000000000000000000000000000000000000001110000000000000000000000000000000000000000000000000000000000000000000000000000000000000000000]
b_15_load             (load             ) [ 00000000100000000000000000000000000000000000000000000000000000000000000000000000000001110000000000000000000000000000000000000000000000000000000000000000000000000000000000000000000]
sum_13                (fadd             ) [ 00000000100000000000000000000000000000000000000000000000000000000000000000000000000000001111100000000000000000000000000000000000000000000000000000000000000000000000000000000000000]
tmp_14                (fmul             ) [ 00000000100000000000000000000000000000000000000000000000000000000000000000000000000000001111100000000000000000000000000000000000000000000000000000000000000000000000000000000000000]
a_16_addr_1           (getelementptr    ) [ 00000000100000000000000000000000000000000000000000000000000000000000000000000000000000000100000000000000000000000000000000000000000000000000000000000000000000000000000000000000000]
b_16_addr_1           (getelementptr    ) [ 00000000100000000000000000000000000000000000000000000000000000000000000000000000000000000100000000000000000000000000000000000000000000000000000000000000000000000000000000000000000]
a_16_load             (load             ) [ 00000000100000000000000000000000000000000000000000000000000000000000000000000000000000000011100000000000000000000000000000000000000000000000000000000000000000000000000000000000000]
b_16_load             (load             ) [ 00000000100000000000000000000000000000000000000000000000000000000000000000000000000000000011100000000000000000000000000000000000000000000000000000000000000000000000000000000000000]
sum_14                (fadd             ) [ 00000000100000000000000000000000000000000000000000000000000000000000000000000000000000000000011111000000000000000000000000000000000000000000000000000000000000000000000000000000000]
tmp_15                (fmul             ) [ 00000000100000000000000000000000000000000000000000000000000000000000000000000000000000000000011111000000000000000000000000000000000000000000000000000000000000000000000000000000000]
a_17_addr_1           (getelementptr    ) [ 00000000100000000000000000000000000000000000000000000000000000000000000000000000000000000000001000000000000000000000000000000000000000000000000000000000000000000000000000000000000]
b_17_addr_1           (getelementptr    ) [ 00000000100000000000000000000000000000000000000000000000000000000000000000000000000000000000001000000000000000000000000000000000000000000000000000000000000000000000000000000000000]
a_17_load             (load             ) [ 00000000100000000000000000000000000000000000000000000000000000000000000000000000000000000000000111000000000000000000000000000000000000000000000000000000000000000000000000000000000]
b_17_load             (load             ) [ 00000000100000000000000000000000000000000000000000000000000000000000000000000000000000000000000111000000000000000000000000000000000000000000000000000000000000000000000000000000000]
sum_15                (fadd             ) [ 00000000100000000000000000000000000000000000000000000000000000000000000000000000000000000000000000111110000000000000000000000000000000000000000000000000000000000000000000000000000]
tmp_16                (fmul             ) [ 00000000100000000000000000000000000000000000000000000000000000000000000000000000000000000000000000111110000000000000000000000000000000000000000000000000000000000000000000000000000]
a_18_addr_1           (getelementptr    ) [ 00000000100000000000000000000000000000000000000000000000000000000000000000000000000000000000000000010000000000000000000000000000000000000000000000000000000000000000000000000000000]
b_18_addr_1           (getelementptr    ) [ 00000000100000000000000000000000000000000000000000000000000000000000000000000000000000000000000000010000000000000000000000000000000000000000000000000000000000000000000000000000000]
a_18_load             (load             ) [ 00000000100000000000000000000000000000000000000000000000000000000000000000000000000000000000000000001110000000000000000000000000000000000000000000000000000000000000000000000000000]
b_18_load             (load             ) [ 00000000100000000000000000000000000000000000000000000000000000000000000000000000000000000000000000001110000000000000000000000000000000000000000000000000000000000000000000000000000]
sum_16                (fadd             ) [ 00000000100000000000000000000000000000000000000000000000000000000000000000000000000000000000000000000001111100000000000000000000000000000000000000000000000000000000000000000000000]
tmp_17                (fmul             ) [ 00000000100000000000000000000000000000000000000000000000000000000000000000000000000000000000000000000001111100000000000000000000000000000000000000000000000000000000000000000000000]
a_19_addr_1           (getelementptr    ) [ 00000000100000000000000000000000000000000000000000000000000000000000000000000000000000000000000000000000100000000000000000000000000000000000000000000000000000000000000000000000000]
b_19_addr_1           (getelementptr    ) [ 00000000100000000000000000000000000000000000000000000000000000000000000000000000000000000000000000000000100000000000000000000000000000000000000000000000000000000000000000000000000]
a_19_load             (load             ) [ 00000000100000000000000000000000000000000000000000000000000000000000000000000000000000000000000000000000011100000000000000000000000000000000000000000000000000000000000000000000000]
b_19_load             (load             ) [ 00000000100000000000000000000000000000000000000000000000000000000000000000000000000000000000000000000000011100000000000000000000000000000000000000000000000000000000000000000000000]
sum_17                (fadd             ) [ 00000000100000000000000000000000000000000000000000000000000000000000000000000000000000000000000000000000000011111000000000000000000000000000000000000000000000000000000000000000000]
tmp_18                (fmul             ) [ 00000000100000000000000000000000000000000000000000000000000000000000000000000000000000000000000000000000000011111000000000000000000000000000000000000000000000000000000000000000000]
a_20_addr_1           (getelementptr    ) [ 00000000100000000000000000000000000000000000000000000000000000000000000000000000000000000000000000000000000001000000000000000000000000000000000000000000000000000000000000000000000]
b_20_addr_1           (getelementptr    ) [ 00000000100000000000000000000000000000000000000000000000000000000000000000000000000000000000000000000000000001000000000000000000000000000000000000000000000000000000000000000000000]
a_20_load             (load             ) [ 00000000100000000000000000000000000000000000000000000000000000000000000000000000000000000000000000000000000000111000000000000000000000000000000000000000000000000000000000000000000]
b_20_load             (load             ) [ 00000000100000000000000000000000000000000000000000000000000000000000000000000000000000000000000000000000000000111000000000000000000000000000000000000000000000000000000000000000000]
sum_18                (fadd             ) [ 00000000100000000000000000000000000000000000000000000000000000000000000000000000000000000000000000000000000000000111110000000000000000000000000000000000000000000000000000000000000]
tmp_19                (fmul             ) [ 00000000100000000000000000000000000000000000000000000000000000000000000000000000000000000000000000000000000000000111110000000000000000000000000000000000000000000000000000000000000]
a_21_addr_1           (getelementptr    ) [ 00000000100000000000000000000000000000000000000000000000000000000000000000000000000000000000000000000000000000000010000000000000000000000000000000000000000000000000000000000000000]
b_21_addr_1           (getelementptr    ) [ 00000000100000000000000000000000000000000000000000000000000000000000000000000000000000000000000000000000000000000010000000000000000000000000000000000000000000000000000000000000000]
a_21_load             (load             ) [ 00000000100000000000000000000000000000000000000000000000000000000000000000000000000000000000000000000000000000000001110000000000000000000000000000000000000000000000000000000000000]
b_21_load             (load             ) [ 00000000100000000000000000000000000000000000000000000000000000000000000000000000000000000000000000000000000000000001110000000000000000000000000000000000000000000000000000000000000]
sum_19                (fadd             ) [ 00000000100000000000000000000000000000000000000000000000000000000000000000000000000000000000000000000000000000000000001111100000000000000000000000000000000000000000000000000000000]
tmp_20                (fmul             ) [ 00000000100000000000000000000000000000000000000000000000000000000000000000000000000000000000000000000000000000000000001111100000000000000000000000000000000000000000000000000000000]
a_22_addr_1           (getelementptr    ) [ 00000000100000000000000000000000000000000000000000000000000000000000000000000000000000000000000000000000000000000000000100000000000000000000000000000000000000000000000000000000000]
b_22_addr_1           (getelementptr    ) [ 00000000100000000000000000000000000000000000000000000000000000000000000000000000000000000000000000000000000000000000000100000000000000000000000000000000000000000000000000000000000]
a_22_load             (load             ) [ 00000000100000000000000000000000000000000000000000000000000000000000000000000000000000000000000000000000000000000000000011100000000000000000000000000000000000000000000000000000000]
b_22_load             (load             ) [ 00000000100000000000000000000000000000000000000000000000000000000000000000000000000000000000000000000000000000000000000011100000000000000000000000000000000000000000000000000000000]
sum_20                (fadd             ) [ 00000000100000000000000000000000000000000000000000000000000000000000000000000000000000000000000000000000000000000000000000011111000000000000000000000000000000000000000000000000000]
tmp_21                (fmul             ) [ 00000000100000000000000000000000000000000000000000000000000000000000000000000000000000000000000000000000000000000000000000011111000000000000000000000000000000000000000000000000000]
a_23_addr_1           (getelementptr    ) [ 00000000100000000000000000000000000000000000000000000000000000000000000000000000000000000000000000000000000000000000000000001000000000000000000000000000000000000000000000000000000]
b_23_addr_1           (getelementptr    ) [ 00000000100000000000000000000000000000000000000000000000000000000000000000000000000000000000000000000000000000000000000000001000000000000000000000000000000000000000000000000000000]
a_23_load             (load             ) [ 00000000100000000000000000000000000000000000000000000000000000000000000000000000000000000000000000000000000000000000000000000111000000000000000000000000000000000000000000000000000]
b_23_load             (load             ) [ 00000000100000000000000000000000000000000000000000000000000000000000000000000000000000000000000000000000000000000000000000000111000000000000000000000000000000000000000000000000000]
sum_21                (fadd             ) [ 00000000100000000000000000000000000000000000000000000000000000000000000000000000000000000000000000000000000000000000000000000000111110000000000000000000000000000000000000000000000]
tmp_22                (fmul             ) [ 00000000100000000000000000000000000000000000000000000000000000000000000000000000000000000000000000000000000000000000000000000000111110000000000000000000000000000000000000000000000]
a_24_addr_1           (getelementptr    ) [ 00000000100000000000000000000000000000000000000000000000000000000000000000000000000000000000000000000000000000000000000000000000010000000000000000000000000000000000000000000000000]
b_24_addr_1           (getelementptr    ) [ 00000000100000000000000000000000000000000000000000000000000000000000000000000000000000000000000000000000000000000000000000000000010000000000000000000000000000000000000000000000000]
a_24_load             (load             ) [ 00000000100000000000000000000000000000000000000000000000000000000000000000000000000000000000000000000000000000000000000000000000001110000000000000000000000000000000000000000000000]
b_24_load             (load             ) [ 00000000100000000000000000000000000000000000000000000000000000000000000000000000000000000000000000000000000000000000000000000000001110000000000000000000000000000000000000000000000]
sum_22                (fadd             ) [ 00000000100000000000000000000000000000000000000000000000000000000000000000000000000000000000000000000000000000000000000000000000000001111100000000000000000000000000000000000000000]
tmp_23                (fmul             ) [ 00000000100000000000000000000000000000000000000000000000000000000000000000000000000000000000000000000000000000000000000000000000000001111100000000000000000000000000000000000000000]
a_25_addr_1           (getelementptr    ) [ 00000000100000000000000000000000000000000000000000000000000000000000000000000000000000000000000000000000000000000000000000000000000000100000000000000000000000000000000000000000000]
b_25_addr_1           (getelementptr    ) [ 00000000100000000000000000000000000000000000000000000000000000000000000000000000000000000000000000000000000000000000000000000000000000100000000000000000000000000000000000000000000]
a_25_load             (load             ) [ 00000000100000000000000000000000000000000000000000000000000000000000000000000000000000000000000000000000000000000000000000000000000000011100000000000000000000000000000000000000000]
b_25_load             (load             ) [ 00000000100000000000000000000000000000000000000000000000000000000000000000000000000000000000000000000000000000000000000000000000000000011100000000000000000000000000000000000000000]
sum_23                (fadd             ) [ 00000000100000000000000000000000000000000000000000000000000000000000000000000000000000000000000000000000000000000000000000000000000000000011111000000000000000000000000000000000000]
tmp_24                (fmul             ) [ 00000000100000000000000000000000000000000000000000000000000000000000000000000000000000000000000000000000000000000000000000000000000000000011111000000000000000000000000000000000000]
a_26_addr_1           (getelementptr    ) [ 00000000100000000000000000000000000000000000000000000000000000000000000000000000000000000000000000000000000000000000000000000000000000000001000000000000000000000000000000000000000]
b_26_addr_1           (getelementptr    ) [ 00000000100000000000000000000000000000000000000000000000000000000000000000000000000000000000000000000000000000000000000000000000000000000001000000000000000000000000000000000000000]
a_26_load             (load             ) [ 00000000100000000000000000000000000000000000000000000000000000000000000000000000000000000000000000000000000000000000000000000000000000000000111000000000000000000000000000000000000]
b_26_load             (load             ) [ 00000000100000000000000000000000000000000000000000000000000000000000000000000000000000000000000000000000000000000000000000000000000000000000111000000000000000000000000000000000000]
sum_24                (fadd             ) [ 00000000100000000000000000000000000000000000000000000000000000000000000000000000000000000000000000000000000000000000000000000000000000000000000111110000000000000000000000000000000]
tmp_25                (fmul             ) [ 00000000100000000000000000000000000000000000000000000000000000000000000000000000000000000000000000000000000000000000000000000000000000000000000111110000000000000000000000000000000]
a_27_addr_1           (getelementptr    ) [ 00000000100000000000000000000000000000000000000000000000000000000000000000000000000000000000000000000000000000000000000000000000000000000000000010000000000000000000000000000000000]
b_27_addr_1           (getelementptr    ) [ 00000000100000000000000000000000000000000000000000000000000000000000000000000000000000000000000000000000000000000000000000000000000000000000000010000000000000000000000000000000000]
a_27_load             (load             ) [ 00000000100000000000000000000000000000000000000000000000000000000000000000000000000000000000000000000000000000000000000000000000000000000000000001110000000000000000000000000000000]
b_27_load             (load             ) [ 00000000100000000000000000000000000000000000000000000000000000000000000000000000000000000000000000000000000000000000000000000000000000000000000001110000000000000000000000000000000]
sum_25                (fadd             ) [ 00000000100000000000000000000000000000000000000000000000000000000000000000000000000000000000000000000000000000000000000000000000000000000000000000001111100000000000000000000000000]
tmp_26                (fmul             ) [ 00000000100000000000000000000000000000000000000000000000000000000000000000000000000000000000000000000000000000000000000000000000000000000000000000001111100000000000000000000000000]
a_28_addr_1           (getelementptr    ) [ 00000000100000000000000000000000000000000000000000000000000000000000000000000000000000000000000000000000000000000000000000000000000000000000000000000100000000000000000000000000000]
b_28_addr_1           (getelementptr    ) [ 00000000100000000000000000000000000000000000000000000000000000000000000000000000000000000000000000000000000000000000000000000000000000000000000000000100000000000000000000000000000]
a_28_load             (load             ) [ 00000000100000000000000000000000000000000000000000000000000000000000000000000000000000000000000000000000000000000000000000000000000000000000000000000011100000000000000000000000000]
b_28_load             (load             ) [ 00000000100000000000000000000000000000000000000000000000000000000000000000000000000000000000000000000000000000000000000000000000000000000000000000000011100000000000000000000000000]
sum_26                (fadd             ) [ 00000000100000000000000000000000000000000000000000000000000000000000000000000000000000000000000000000000000000000000000000000000000000000000000000000000011111000000000000000000000]
tmp_27                (fmul             ) [ 00000000100000000000000000000000000000000000000000000000000000000000000000000000000000000000000000000000000000000000000000000000000000000000000000000000011111000000000000000000000]
a_29_addr_1           (getelementptr    ) [ 00000000100000000000000000000000000000000000000000000000000000000000000000000000000000000000000000000000000000000000000000000000000000000000000000000000001000000000000000000000000]
b_29_addr_1           (getelementptr    ) [ 00000000100000000000000000000000000000000000000000000000000000000000000000000000000000000000000000000000000000000000000000000000000000000000000000000000001000000000000000000000000]
a_29_load             (load             ) [ 00000000100000000000000000000000000000000000000000000000000000000000000000000000000000000000000000000000000000000000000000000000000000000000000000000000000111000000000000000000000]
b_29_load             (load             ) [ 00000000100000000000000000000000000000000000000000000000000000000000000000000000000000000000000000000000000000000000000000000000000000000000000000000000000111000000000000000000000]
sum_27                (fadd             ) [ 00000000100000000000000000000000000000000000000000000000000000000000000000000000000000000000000000000000000000000000000000000000000000000000000000000000000000111110000000000000000]
tmp_28                (fmul             ) [ 00000000100000000000000000000000000000000000000000000000000000000000000000000000000000000000000000000000000000000000000000000000000000000000000000000000000000111110000000000000000]
a_30_addr_1           (getelementptr    ) [ 00000000100000000000000000000000000000000000000000000000000000000000000000000000000000000000000000000000000000000000000000000000000000000000000000000000000000010000000000000000000]
a_31_addr_1           (getelementptr    ) [ 00000000100000000000000000000000000000000000000000000000000000000000000000000000000000000000000000000000000000000000000000000000000000000000000000000000000000010000000000000000000]
b_30_addr_1           (getelementptr    ) [ 00000000100000000000000000000000000000000000000000000000000000000000000000000000000000000000000000000000000000000000000000000000000000000000000000000000000000010000000000000000000]
b_31_addr_1           (getelementptr    ) [ 00000000100000000000000000000000000000000000000000000000000000000000000000000000000000000000000000000000000000000000000000000000000000000000000000000000000000010000000000000000000]
a_30_load             (load             ) [ 00000000100000000000000000000000000000000000000000000000000000000000000000000000000000000000000000000000000000000000000000000000000000000000000000000000000000001110000000000000000]
a_31_load             (load             ) [ 00000000100000000000000000000000000000000000000000000000000000000000000000000000000000000000000000000000000000000000000000000000000000000000000000000000000000001110000000000000000]
b_30_load             (load             ) [ 00000000100000000000000000000000000000000000000000000000000000000000000000000000000000000000000000000000000000000000000000000000000000000000000000000000000000001110000000000000000]
b_31_load             (load             ) [ 00000000100000000000000000000000000000000000000000000000000000000000000000000000000000000000000000000000000000000000000000000000000000000000000000000000000000001110000000000000000]
sum_28                (fadd             ) [ 00000000100000000000000000000000000000000000000000000000000000000000000000000000000000000000000000000000000000000000000000000000000000000000000000000000000000000001111100000000000]
tmp_29                (fmul             ) [ 00000000100000000000000000000000000000000000000000000000000000000000000000000000000000000000000000000000000000000000000000000000000000000000000000000000000000000001111100000000000]
tmp_30                (fmul             ) [ 00000000100000000000000000000000000000000000000000000000000000000000000000000000000000000000000000000000000000000000000000000000000000000000000000000000000000000001111111111000000]
sum_29                (fadd             ) [ 00000000100000000000000000000000000000000000000000000000000000000000000000000000000000000000000000000000000000000000000000000000000000000000000000000000000000000000000011111000000]
sum_30                (fadd             ) [ 00000000100000000000000000000000000000000000000000000000000000000000000000000000000000000000000000000000000000000000000000000000000000000000000000000000000000000000000000000100000]
StgValue_996          (specloopname     ) [ 00000000000000000000000000000000000000000000000000000000000000000000000000000000000000000000000000000000000000000000000000000000000000000000000000000000000000000000000000000000000]
empty_20              (speclooptripcount) [ 00000000000000000000000000000000000000000000000000000000000000000000000000000000000000000000000000000000000000000000000000000000000000000000000000000000000000000000000000000000000]
tmp_8                 (bitconcatenate   ) [ 00000000000000000000000000000000000000000000000000000000000000000000000000000000000000000000000000000000000000000000000000000000000000000000000000000000000000000000000000000000000]
tmp_1_cast            (zext             ) [ 00000000000000000000000000000000000000000000000000000000000000000000000000000000000000000000000000000000000000000000000000000000000000000000000000000000000000000000000000000000000]
ib_0_i_i_cast5_cast   (zext             ) [ 00000000000000000000000000000000000000000000000000000000000000000000000000000000000000000000000000000000000000000000000000000000000000000000000000000000000000000000000000000000000]
tmp_2                 (add              ) [ 00000000000000000000000000000000000000000000000000000000000000000000000000000000000000000000000000000000000000000000000000000000000000000000000000000000000000000000000000000000000]
tmp_2_cast            (zext             ) [ 00000000000000000000000000000000000000000000000000000000000000000000000000000000000000000000000000000000000000000000000000000000000000000000000000000000000000000000000000000000000]
out_addr              (getelementptr    ) [ 00000000000000000000000000000000000000000000000000000000000000000000000000000000000000000000000000000000000000000000000000000000000000000000000000000000000000000000000000000000000]
StgValue_1004         (specloopname     ) [ 00000000000000000000000000000000000000000000000000000000000000000000000000000000000000000000000000000000000000000000000000000000000000000000000000000000000000000000000000000000000]
tmp_5                 (specregionbegin  ) [ 00000000000000000000000000000000000000000000000000000000000000000000000000000000000000000000000000000000000000000000000000000000000000000000000000000000000000000000000000000000000]
StgValue_1006         (specpipeline     ) [ 00000000000000000000000000000000000000000000000000000000000000000000000000000000000000000000000000000000000000000000000000000000000000000000000000000000000000000000000000000000000]
StgValue_1007         (store            ) [ 00000000000000000000000000000000000000000000000000000000000000000000000000000000000000000000000000000000000000000000000000000000000000000000000000000000000000000000000000000000000]
empty_28              (specregionend    ) [ 00000000000000000000000000000000000000000000000000000000000000000000000000000000000000000000000000000000000000000000000000000000000000000000000000000000000000000000000000000000000]
StgValue_1009         (br               ) [ 00000001111111111111111111111111111111111111111111111111111111111111111111111111111111111111111111111111111111111111111111111111111111111111111111111111111111111111111111111100000]
StgValue_1010         (br               ) [ 00000000000000000000000000000000000000000000000000000000000000000000000000000000000000000000000000000000000000000000000000000000000000000000000000000000000000000000000000000011110]
indvar_flatten3       (phi              ) [ 00000000000000000000000000000000000000000000000000000000000000000000000000000000000000000000000000000000000000000000000000000000000000000000000000000000000000000000000000000001000]
i4_0_i                (phi              ) [ 00000000000000000000000000000000000000000000000000000000000000000000000000000000000000000000000000000000000000000000000000000000000000000000000000000000000000000000000000000001000]
j5_0_i                (phi              ) [ 00000000000000000000000000000000000000000000000000000000000000000000000000000000000000000000000000000000000000000000000000000000000000000000000000000000000000000000000000000001000]
exitcond_flatten3     (icmp             ) [ 00000000000000000000000000000000000000000000000000000000000000000000000000000000000000000000000000000000000000000000000000000000000000000000000000000000000000000000000000000001110]
indvar_flatten_next3  (add              ) [ 00000000000000000000000000000000000000000000000000000000000000000000000000000000000000000000000000000000000000000000000000000000000000000000000000000000000000000000000000000011110]
StgValue_1016         (br               ) [ 00000000000000000000000000000000000000000000000000000000000000000000000000000000000000000000000000000000000000000000000000000000000000000000000000000000000000000000000000000000000]
i_2                   (add              ) [ 00000000000000000000000000000000000000000000000000000000000000000000000000000000000000000000000000000000000000000000000000000000000000000000000000000000000000000000000000000000000]
exitcond_i            (icmp             ) [ 00000000000000000000000000000000000000000000000000000000000000000000000000000000000000000000000000000000000000000000000000000000000000000000000000000000000000000000000000000000000]
j5_0_i_mid2           (select           ) [ 00000000000000000000000000000000000000000000000000000000000000000000000000000000000000000000000000000000000000000000000000000000000000000000000000000000000000000000000000000000000]
i4_0_i_cast4_mid2_v   (select           ) [ 00000000000000000000000000000000000000000000000000000000000000000000000000000000000000000000000000000000000000000000000000000000000000000000000000000000000000000000000000000011110]
tmp_6_30              (bitconcatenate   ) [ 00000000000000000000000000000000000000000000000000000000000000000000000000000000000000000000000000000000000000000000000000000000000000000000000000000000000000000000000000000000000]
tmp_8_cast            (zext             ) [ 00000000000000000000000000000000000000000000000000000000000000000000000000000000000000000000000000000000000000000000000000000000000000000000000000000000000000000000000000000000000]
tmp_9_31              (trunc            ) [ 00000000000000000000000000000000000000000000000000000000000000000000000000000000000000000000000000000000000000000000000000000000000000000000000000000000000000000000000000000000000]
tmp_9_mid2            (bitconcatenate   ) [ 00000000000000000000000000000000000000000000000000000000000000000000000000000000000000000000000000000000000000000000000000000000000000000000000000000000000000000000000000000000000]
j5_0_i_cast2          (zext             ) [ 00000000000000000000000000000000000000000000000000000000000000000000000000000000000000000000000000000000000000000000000000000000000000000000000000000000000000000000000000000000000]
j5_0_i_cast1_cast     (zext             ) [ 00000000000000000000000000000000000000000000000000000000000000000000000000000000000000000000000000000000000000000000000000000000000000000000000000000000000000000000000000000000000]
tmp_10_32             (add              ) [ 00000000000000000000000000000000000000000000000000000000000000000000000000000000000000000000000000000000000000000000000000000000000000000000000000000000000000000000000000000000000]
tmp_10_cast           (zext             ) [ 00000000000000000000000000000000000000000000000000000000000000000000000000000000000000000000000000000000000000000000000000000000000000000000000000000000000000000000000000000000000]
out_addr_1            (getelementptr    ) [ 00000000000000000000000000000000000000000000000000000000000000000000000000000000000000000000000000000000000000000000000000000000000000000000000000000000000000000000000000000001100]
k                     (add              ) [ 00000000000000000000000000000000000000000000000000000000000000000000000000000000000000000000000000000000000000000000000000000000000000000000000000000000000000000000000000000000000]
last_assign           (icmp             ) [ 00000000000000000000000000000000000000000000000000000000000000000000000000000000000000000000000000000000000000000000000000000000000000000000000000000000000000000000000000000001110]
j_2                   (add              ) [ 00000000000000000000000000000000000000000000000000000000000000000000000000000000000000000000000000000000000000000000000000000000000000000000000000000000000000000000000000000011110]
out_load              (load             ) [ 00000000000000000000000000000000000000000000000000000000000000000000000000000000000000000000000000000000000000000000000000000000000000000000000000000000000000000000000000000000000]
val_assign            (bitcast          ) [ 00000000000000000000000000000000000000000000000000000000000000000000000000000000000000000000000000000000000000000000000000000000000000000000000000000000000000000000000000000001010]
empty_29              (speclooptripcount) [ 00000000000000000000000000000000000000000000000000000000000000000000000000000000000000000000000000000000000000000000000000000000000000000000000000000000000000000000000000000000000]
tmp_7_33              (specregionbegin  ) [ 00000000000000000000000000000000000000000000000000000000000000000000000000000000000000000000000000000000000000000000000000000000000000000000000000000000000000000000000000000000000]
StgValue_1039         (specpipeline     ) [ 00000000000000000000000000000000000000000000000000000000000000000000000000000000000000000000000000000000000000000000000000000000000000000000000000000000000000000000000000000000000]
StgValue_1040         (write            ) [ 00000000000000000000000000000000000000000000000000000000000000000000000000000000000000000000000000000000000000000000000000000000000000000000000000000000000000000000000000000000000]
empty_34              (specregionend    ) [ 00000000000000000000000000000000000000000000000000000000000000000000000000000000000000000000000000000000000000000000000000000000000000000000000000000000000000000000000000000000000]
StgValue_1042         (br               ) [ 00000000000000000000000000000000000000000000000000000000000000000000000000000000000000000000000000000000000000000000000000000000000000000000000000000000000000000000000000000011110]
StgValue_1043         (ret              ) [ 00000000000000000000000000000000000000000000000000000000000000000000000000000000000000000000000000000000000000000000000000000000000000000000000000000000000000000000000000000000000]
</LifeTime>

<model>

<comp_list>
<comp id="0" class="1000" name="INPUT_STREAM_data_V">
<pin_list>
<pin id="1" dir="1" index="0" bw="1" slack="0"/>
</pin_list>
<bind>
<StgValue><ssdm name="INPUT_STREAM_data_V"/></StgValue>
</bind>
</comp>

<comp id="2" class="1000" name="INPUT_STREAM_keep_V">
<pin_list>
<pin id="3" dir="1" index="0" bw="1" slack="0"/>
</pin_list>
<bind>
<StgValue><ssdm name="INPUT_STREAM_keep_V"/></StgValue>
</bind>
</comp>

<comp id="4" class="1000" name="INPUT_STREAM_strb_V">
<pin_list>
<pin id="5" dir="1" index="0" bw="1" slack="0"/>
</pin_list>
<bind>
<StgValue><ssdm name="INPUT_STREAM_strb_V"/></StgValue>
</bind>
</comp>

<comp id="6" class="1000" name="INPUT_STREAM_user_V">
<pin_list>
<pin id="7" dir="1" index="0" bw="1" slack="0"/>
</pin_list>
<bind>
<StgValue><ssdm name="INPUT_STREAM_user_V"/></StgValue>
</bind>
</comp>

<comp id="8" class="1000" name="INPUT_STREAM_last_V">
<pin_list>
<pin id="9" dir="1" index="0" bw="1" slack="0"/>
</pin_list>
<bind>
<StgValue><ssdm name="INPUT_STREAM_last_V"/></StgValue>
</bind>
</comp>

<comp id="10" class="1000" name="INPUT_STREAM_id_V">
<pin_list>
<pin id="11" dir="1" index="0" bw="1" slack="0"/>
</pin_list>
<bind>
<StgValue><ssdm name="INPUT_STREAM_id_V"/></StgValue>
</bind>
</comp>

<comp id="12" class="1000" name="INPUT_STREAM_dest_V">
<pin_list>
<pin id="13" dir="1" index="0" bw="1" slack="0"/>
</pin_list>
<bind>
<StgValue><ssdm name="INPUT_STREAM_dest_V"/></StgValue>
</bind>
</comp>

<comp id="14" class="1000" name="OUTPUT_STREAM_data_V">
<pin_list>
<pin id="15" dir="1" index="0" bw="1" slack="0"/>
</pin_list>
<bind>
<StgValue><ssdm name="OUTPUT_STREAM_data_V"/></StgValue>
</bind>
</comp>

<comp id="16" class="1000" name="OUTPUT_STREAM_keep_V">
<pin_list>
<pin id="17" dir="1" index="0" bw="1" slack="0"/>
</pin_list>
<bind>
<StgValue><ssdm name="OUTPUT_STREAM_keep_V"/></StgValue>
</bind>
</comp>

<comp id="18" class="1000" name="OUTPUT_STREAM_strb_V">
<pin_list>
<pin id="19" dir="1" index="0" bw="1" slack="0"/>
</pin_list>
<bind>
<StgValue><ssdm name="OUTPUT_STREAM_strb_V"/></StgValue>
</bind>
</comp>

<comp id="20" class="1000" name="OUTPUT_STREAM_user_V">
<pin_list>
<pin id="21" dir="1" index="0" bw="1" slack="0"/>
</pin_list>
<bind>
<StgValue><ssdm name="OUTPUT_STREAM_user_V"/></StgValue>
</bind>
</comp>

<comp id="22" class="1000" name="OUTPUT_STREAM_last_V">
<pin_list>
<pin id="23" dir="1" index="0" bw="1" slack="0"/>
</pin_list>
<bind>
<StgValue><ssdm name="OUTPUT_STREAM_last_V"/></StgValue>
</bind>
</comp>

<comp id="24" class="1000" name="OUTPUT_STREAM_id_V">
<pin_list>
<pin id="25" dir="1" index="0" bw="1" slack="0"/>
</pin_list>
<bind>
<StgValue><ssdm name="OUTPUT_STREAM_id_V"/></StgValue>
</bind>
</comp>

<comp id="26" class="1000" name="OUTPUT_STREAM_dest_V">
<pin_list>
<pin id="27" dir="1" index="0" bw="1" slack="0"/>
</pin_list>
<bind>
<StgValue><ssdm name="OUTPUT_STREAM_dest_V"/></StgValue>
</bind>
</comp>

<comp id="28" class="1001" name="const_28">
<pin_list>
<pin id="29" dir="1" index="0" bw="1" slack="2147483647"/>
</pin_list>
<bind>
<StgValue><ssdm name="_ssdm_op_SpecBitsMap"/></StgValue>
</bind>
</comp>

<comp id="30" class="1001" name="const_30">
<pin_list>
<pin id="31" dir="1" index="0" bw="1" slack="0"/>
</pin_list>
<bind>
<StgValue><ssdm name=""/></StgValue>
</bind>
</comp>

<comp id="32" class="1001" name="const_32">
<pin_list>
<pin id="33" dir="1" index="0" bw="1" slack="2147483647"/>
</pin_list>
<bind>
<StgValue><ssdm name="_ssdm_op_SpecTopModule"/></StgValue>
</bind>
</comp>

<comp id="34" class="1001" name="const_34">
<pin_list>
<pin id="35" dir="1" index="0" bw="1" slack="2147483647"/>
</pin_list>
<bind>
<StgValue><ssdm name="HLS_accel_str"/></StgValue>
</bind>
</comp>

<comp id="36" class="1001" name="const_36">
<pin_list>
<pin id="37" dir="1" index="0" bw="1" slack="2147483647"/>
</pin_list>
<bind>
<StgValue><ssdm name="_ssdm_op_SpecInterface"/></StgValue>
</bind>
</comp>

<comp id="38" class="1001" name="const_38">
<pin_list>
<pin id="39" dir="1" index="0" bw="1" slack="0"/>
</pin_list>
<bind>
<StgValue><ssdm name=""/></StgValue>
</bind>
</comp>

<comp id="40" class="1001" name="const_40">
<pin_list>
<pin id="41" dir="1" index="0" bw="1" slack="2147483647"/>
</pin_list>
<bind>
<StgValue><ssdm name="p_str"/></StgValue>
</bind>
</comp>

<comp id="42" class="1001" name="const_42">
<pin_list>
<pin id="43" dir="1" index="0" bw="1" slack="2147483647"/>
</pin_list>
<bind>
<StgValue><ssdm name="p_str1"/></StgValue>
</bind>
</comp>

<comp id="44" class="1001" name="const_44">
<pin_list>
<pin id="45" dir="1" index="0" bw="1" slack="2147483647"/>
</pin_list>
<bind>
<StgValue><ssdm name="p_str2"/></StgValue>
</bind>
</comp>

<comp id="46" class="1001" name="const_46">
<pin_list>
<pin id="47" dir="1" index="0" bw="1" slack="2147483647"/>
</pin_list>
<bind>
<StgValue><ssdm name="p_str3"/></StgValue>
</bind>
</comp>

<comp id="48" class="1001" name="const_48">
<pin_list>
<pin id="49" dir="1" index="0" bw="1" slack="2147483647"/>
</pin_list>
<bind>
<StgValue><ssdm name="p_str4"/></StgValue>
</bind>
</comp>

<comp id="50" class="1001" name="const_50">
<pin_list>
<pin id="51" dir="1" index="0" bw="1" slack="1"/>
</pin_list>
<bind>
<StgValue><ssdm name=""/></StgValue>
</bind>
</comp>

<comp id="52" class="1001" name="const_52">
<pin_list>
<pin id="53" dir="1" index="0" bw="1" slack="0"/>
</pin_list>
<bind>
<StgValue><ssdm name=""/></StgValue>
</bind>
</comp>

<comp id="54" class="1001" name="const_54">
<pin_list>
<pin id="55" dir="1" index="0" bw="1" slack="0"/>
</pin_list>
<bind>
<StgValue><ssdm name=""/></StgValue>
</bind>
</comp>

<comp id="56" class="1001" name="const_56">
<pin_list>
<pin id="57" dir="1" index="0" bw="1" slack="0"/>
</pin_list>
<bind>
<StgValue><ssdm name=""/></StgValue>
</bind>
</comp>

<comp id="58" class="1001" name="const_58">
<pin_list>
<pin id="59" dir="1" index="0" bw="1" slack="0"/>
</pin_list>
<bind>
<StgValue><ssdm name=""/></StgValue>
</bind>
</comp>

<comp id="60" class="1001" name="const_60">
<pin_list>
<pin id="61" dir="1" index="0" bw="1" slack="0"/>
</pin_list>
<bind>
<StgValue><ssdm name=""/></StgValue>
</bind>
</comp>

<comp id="62" class="1001" name="const_62">
<pin_list>
<pin id="63" dir="1" index="0" bw="1" slack="2147483647"/>
</pin_list>
<bind>
<StgValue><ssdm name="_ssdm_op_SpecRegionBegin"/></StgValue>
</bind>
</comp>

<comp id="64" class="1001" name="const_64">
<pin_list>
<pin id="65" dir="1" index="0" bw="1" slack="2147483647"/>
</pin_list>
<bind>
<StgValue><ssdm name="p_str5"/></StgValue>
</bind>
</comp>

<comp id="66" class="1001" name="const_66">
<pin_list>
<pin id="67" dir="1" index="0" bw="1" slack="0"/>
</pin_list>
<bind>
<StgValue><ssdm name="_ssdm_op_Read.axis.volatile.i32P.i4P.i4P.i4P.i1P.i5P.i5P"/></StgValue>
</bind>
</comp>

<comp id="68" class="1001" name="const_68">
<pin_list>
<pin id="69" dir="1" index="0" bw="1" slack="0"/>
</pin_list>
<bind>
<StgValue><ssdm name=""/></StgValue>
</bind>
</comp>

<comp id="70" class="1001" name="const_70">
<pin_list>
<pin id="71" dir="1" index="0" bw="1" slack="2147483647"/>
</pin_list>
<bind>
<StgValue><ssdm name=""/></StgValue>
</bind>
</comp>

<comp id="72" class="1001" name="const_72">
<pin_list>
<pin id="73" dir="1" index="0" bw="1" slack="2147483647"/>
</pin_list>
<bind>
<StgValue><ssdm name=""/></StgValue>
</bind>
</comp>

<comp id="74" class="1001" name="const_74">
<pin_list>
<pin id="75" dir="1" index="0" bw="1" slack="2147483647"/>
</pin_list>
<bind>
<StgValue><ssdm name=""/></StgValue>
</bind>
</comp>

<comp id="76" class="1001" name="const_76">
<pin_list>
<pin id="77" dir="1" index="0" bw="1" slack="2147483647"/>
</pin_list>
<bind>
<StgValue><ssdm name=""/></StgValue>
</bind>
</comp>

<comp id="78" class="1001" name="const_78">
<pin_list>
<pin id="79" dir="1" index="0" bw="1" slack="2147483647"/>
</pin_list>
<bind>
<StgValue><ssdm name=""/></StgValue>
</bind>
</comp>

<comp id="80" class="1001" name="const_80">
<pin_list>
<pin id="81" dir="1" index="0" bw="1" slack="2147483647"/>
</pin_list>
<bind>
<StgValue><ssdm name=""/></StgValue>
</bind>
</comp>

<comp id="82" class="1001" name="const_82">
<pin_list>
<pin id="83" dir="1" index="0" bw="1" slack="2147483647"/>
</pin_list>
<bind>
<StgValue><ssdm name=""/></StgValue>
</bind>
</comp>

<comp id="84" class="1001" name="const_84">
<pin_list>
<pin id="85" dir="1" index="0" bw="1" slack="2147483647"/>
</pin_list>
<bind>
<StgValue><ssdm name=""/></StgValue>
</bind>
</comp>

<comp id="86" class="1001" name="const_86">
<pin_list>
<pin id="87" dir="1" index="0" bw="1" slack="2147483647"/>
</pin_list>
<bind>
<StgValue><ssdm name=""/></StgValue>
</bind>
</comp>

<comp id="88" class="1001" name="const_88">
<pin_list>
<pin id="89" dir="1" index="0" bw="1" slack="2147483647"/>
</pin_list>
<bind>
<StgValue><ssdm name=""/></StgValue>
</bind>
</comp>

<comp id="90" class="1001" name="const_90">
<pin_list>
<pin id="91" dir="1" index="0" bw="1" slack="2147483647"/>
</pin_list>
<bind>
<StgValue><ssdm name=""/></StgValue>
</bind>
</comp>

<comp id="92" class="1001" name="const_92">
<pin_list>
<pin id="93" dir="1" index="0" bw="1" slack="2147483647"/>
</pin_list>
<bind>
<StgValue><ssdm name=""/></StgValue>
</bind>
</comp>

<comp id="94" class="1001" name="const_94">
<pin_list>
<pin id="95" dir="1" index="0" bw="1" slack="2147483647"/>
</pin_list>
<bind>
<StgValue><ssdm name=""/></StgValue>
</bind>
</comp>

<comp id="96" class="1001" name="const_96">
<pin_list>
<pin id="97" dir="1" index="0" bw="1" slack="2147483647"/>
</pin_list>
<bind>
<StgValue><ssdm name=""/></StgValue>
</bind>
</comp>

<comp id="98" class="1001" name="const_98">
<pin_list>
<pin id="99" dir="1" index="0" bw="1" slack="2147483647"/>
</pin_list>
<bind>
<StgValue><ssdm name=""/></StgValue>
</bind>
</comp>

<comp id="100" class="1001" name="const_100">
<pin_list>
<pin id="101" dir="1" index="0" bw="1" slack="2147483647"/>
</pin_list>
<bind>
<StgValue><ssdm name=""/></StgValue>
</bind>
</comp>

<comp id="102" class="1001" name="const_102">
<pin_list>
<pin id="103" dir="1" index="0" bw="1" slack="2147483647"/>
</pin_list>
<bind>
<StgValue><ssdm name=""/></StgValue>
</bind>
</comp>

<comp id="104" class="1001" name="const_104">
<pin_list>
<pin id="105" dir="1" index="0" bw="1" slack="2147483647"/>
</pin_list>
<bind>
<StgValue><ssdm name=""/></StgValue>
</bind>
</comp>

<comp id="106" class="1001" name="const_106">
<pin_list>
<pin id="107" dir="1" index="0" bw="1" slack="2147483647"/>
</pin_list>
<bind>
<StgValue><ssdm name=""/></StgValue>
</bind>
</comp>

<comp id="108" class="1001" name="const_108">
<pin_list>
<pin id="109" dir="1" index="0" bw="1" slack="2147483647"/>
</pin_list>
<bind>
<StgValue><ssdm name=""/></StgValue>
</bind>
</comp>

<comp id="110" class="1001" name="const_110">
<pin_list>
<pin id="111" dir="1" index="0" bw="1" slack="2147483647"/>
</pin_list>
<bind>
<StgValue><ssdm name=""/></StgValue>
</bind>
</comp>

<comp id="112" class="1001" name="const_112">
<pin_list>
<pin id="113" dir="1" index="0" bw="1" slack="2147483647"/>
</pin_list>
<bind>
<StgValue><ssdm name=""/></StgValue>
</bind>
</comp>

<comp id="114" class="1001" name="const_114">
<pin_list>
<pin id="115" dir="1" index="0" bw="1" slack="2147483647"/>
</pin_list>
<bind>
<StgValue><ssdm name=""/></StgValue>
</bind>
</comp>

<comp id="116" class="1001" name="const_116">
<pin_list>
<pin id="117" dir="1" index="0" bw="1" slack="2147483647"/>
</pin_list>
<bind>
<StgValue><ssdm name=""/></StgValue>
</bind>
</comp>

<comp id="118" class="1001" name="const_118">
<pin_list>
<pin id="119" dir="1" index="0" bw="1" slack="2147483647"/>
</pin_list>
<bind>
<StgValue><ssdm name=""/></StgValue>
</bind>
</comp>

<comp id="120" class="1001" name="const_120">
<pin_list>
<pin id="121" dir="1" index="0" bw="1" slack="2147483647"/>
</pin_list>
<bind>
<StgValue><ssdm name=""/></StgValue>
</bind>
</comp>

<comp id="122" class="1001" name="const_122">
<pin_list>
<pin id="123" dir="1" index="0" bw="1" slack="2147483647"/>
</pin_list>
<bind>
<StgValue><ssdm name=""/></StgValue>
</bind>
</comp>

<comp id="124" class="1001" name="const_124">
<pin_list>
<pin id="125" dir="1" index="0" bw="1" slack="2147483647"/>
</pin_list>
<bind>
<StgValue><ssdm name=""/></StgValue>
</bind>
</comp>

<comp id="126" class="1001" name="const_126">
<pin_list>
<pin id="127" dir="1" index="0" bw="1" slack="2147483647"/>
</pin_list>
<bind>
<StgValue><ssdm name=""/></StgValue>
</bind>
</comp>

<comp id="128" class="1001" name="const_128">
<pin_list>
<pin id="129" dir="1" index="0" bw="1" slack="2147483647"/>
</pin_list>
<bind>
<StgValue><ssdm name=""/></StgValue>
</bind>
</comp>

<comp id="130" class="1001" name="const_130">
<pin_list>
<pin id="131" dir="1" index="0" bw="1" slack="2147483647"/>
</pin_list>
<bind>
<StgValue><ssdm name="_ssdm_op_SpecRegionEnd"/></StgValue>
</bind>
</comp>

<comp id="132" class="1001" name="const_132">
<pin_list>
<pin id="133" dir="1" index="0" bw="1" slack="2147483647"/>
</pin_list>
<bind>
<StgValue><ssdm name="_ssdm_op_SpecLoopTripCount"/></StgValue>
</bind>
</comp>

<comp id="134" class="1001" name="const_134">
<pin_list>
<pin id="135" dir="1" index="0" bw="1" slack="2147483647"/>
</pin_list>
<bind>
<StgValue><ssdm name=""/></StgValue>
</bind>
</comp>

<comp id="136" class="1001" name="const_136">
<pin_list>
<pin id="137" dir="1" index="0" bw="1" slack="2147483647"/>
</pin_list>
<bind>
<StgValue><ssdm name="_ssdm_op_SpecPipeline"/></StgValue>
</bind>
</comp>

<comp id="138" class="1001" name="const_138">
<pin_list>
<pin id="139" dir="1" index="0" bw="1" slack="2147483647"/>
</pin_list>
<bind>
<StgValue><ssdm name="p_str6"/></StgValue>
</bind>
</comp>

<comp id="140" class="1001" name="const_140">
<pin_list>
<pin id="141" dir="1" index="0" bw="1" slack="0"/>
</pin_list>
<bind>
<StgValue><ssdm name=""/></StgValue>
</bind>
</comp>

<comp id="142" class="1001" name="const_142">
<pin_list>
<pin id="143" dir="1" index="0" bw="1" slack="2147483647"/>
</pin_list>
<bind>
<StgValue><ssdm name="_ssdm_op_SpecLoopName"/></StgValue>
</bind>
</comp>

<comp id="144" class="1001" name="const_144">
<pin_list>
<pin id="145" dir="1" index="0" bw="1" slack="2147483647"/>
</pin_list>
<bind>
<StgValue><ssdm name="L1_L2_str"/></StgValue>
</bind>
</comp>

<comp id="146" class="1001" name="const_146">
<pin_list>
<pin id="147" dir="1" index="0" bw="1" slack="0"/>
</pin_list>
<bind>
<StgValue><ssdm name="_ssdm_op_BitConcatenate.i11.i6.i5"/></StgValue>
</bind>
</comp>

<comp id="148" class="1001" name="const_148">
<pin_list>
<pin id="149" dir="1" index="0" bw="1" slack="2147483647"/>
</pin_list>
<bind>
<StgValue><ssdm name="p_str10"/></StgValue>
</bind>
</comp>

<comp id="150" class="1001" name="const_150">
<pin_list>
<pin id="151" dir="1" index="0" bw="1" slack="0"/>
</pin_list>
<bind>
<StgValue><ssdm name="_ssdm_op_BitConcatenate.i10.i5.i5"/></StgValue>
</bind>
</comp>

<comp id="152" class="1001" name="const_152">
<pin_list>
<pin id="153" dir="1" index="0" bw="1" slack="0"/>
</pin_list>
<bind>
<StgValue><ssdm name=""/></StgValue>
</bind>
</comp>

<comp id="154" class="1001" name="const_154">
<pin_list>
<pin id="155" dir="1" index="0" bw="1" slack="0"/>
</pin_list>
<bind>
<StgValue><ssdm name="_ssdm_op_Write.axis.volatile.i32P.i4P.i4P.i4P.i1P.i5P.i5P"/></StgValue>
</bind>
</comp>

<comp id="156" class="1001" name="const_156">
<pin_list>
<pin id="157" dir="1" index="0" bw="1" slack="0"/>
</pin_list>
<bind>
<StgValue><ssdm name=""/></StgValue>
</bind>
</comp>

<comp id="158" class="1001" name="const_158">
<pin_list>
<pin id="159" dir="1" index="0" bw="1" slack="0"/>
</pin_list>
<bind>
<StgValue><ssdm name=""/></StgValue>
</bind>
</comp>

<comp id="160" class="1001" name="const_160">
<pin_list>
<pin id="161" dir="1" index="0" bw="1" slack="2147483647"/>
</pin_list>
<bind>
<StgValue><ssdm name="p_str7"/></StgValue>
</bind>
</comp>

<comp id="162" class="1004" name="a_0_alloca_fu_162">
<pin_list>
<pin id="163" dir="0" index="0" bw="1" slack="0"/>
<pin id="164" dir="1" index="1" bw="32" slack="2147483647"/>
</pin_list>
<bind>
<opcode="alloca(26) " fcode="alloca"/>
<opset="a_0/1 "/>
</bind>
</comp>

<comp id="166" class="1004" name="a_1_alloca_fu_166">
<pin_list>
<pin id="167" dir="0" index="0" bw="1" slack="0"/>
<pin id="168" dir="1" index="1" bw="32" slack="2147483647"/>
</pin_list>
<bind>
<opcode="alloca(26) " fcode="alloca"/>
<opset="a_1/1 "/>
</bind>
</comp>

<comp id="170" class="1004" name="a_2_alloca_fu_170">
<pin_list>
<pin id="171" dir="0" index="0" bw="1" slack="0"/>
<pin id="172" dir="1" index="1" bw="32" slack="2147483647"/>
</pin_list>
<bind>
<opcode="alloca(26) " fcode="alloca"/>
<opset="a_2/1 "/>
</bind>
</comp>

<comp id="174" class="1004" name="a_3_alloca_fu_174">
<pin_list>
<pin id="175" dir="0" index="0" bw="1" slack="0"/>
<pin id="176" dir="1" index="1" bw="32" slack="2147483647"/>
</pin_list>
<bind>
<opcode="alloca(26) " fcode="alloca"/>
<opset="a_3/1 "/>
</bind>
</comp>

<comp id="178" class="1004" name="a_4_alloca_fu_178">
<pin_list>
<pin id="179" dir="0" index="0" bw="1" slack="0"/>
<pin id="180" dir="1" index="1" bw="32" slack="2147483647"/>
</pin_list>
<bind>
<opcode="alloca(26) " fcode="alloca"/>
<opset="a_4/1 "/>
</bind>
</comp>

<comp id="182" class="1004" name="a_5_alloca_fu_182">
<pin_list>
<pin id="183" dir="0" index="0" bw="1" slack="0"/>
<pin id="184" dir="1" index="1" bw="32" slack="2147483647"/>
</pin_list>
<bind>
<opcode="alloca(26) " fcode="alloca"/>
<opset="a_5/1 "/>
</bind>
</comp>

<comp id="186" class="1004" name="a_6_alloca_fu_186">
<pin_list>
<pin id="187" dir="0" index="0" bw="1" slack="0"/>
<pin id="188" dir="1" index="1" bw="32" slack="2147483647"/>
</pin_list>
<bind>
<opcode="alloca(26) " fcode="alloca"/>
<opset="a_6/1 "/>
</bind>
</comp>

<comp id="190" class="1004" name="a_7_alloca_fu_190">
<pin_list>
<pin id="191" dir="0" index="0" bw="1" slack="0"/>
<pin id="192" dir="1" index="1" bw="32" slack="2147483647"/>
</pin_list>
<bind>
<opcode="alloca(26) " fcode="alloca"/>
<opset="a_7/1 "/>
</bind>
</comp>

<comp id="194" class="1004" name="a_8_alloca_fu_194">
<pin_list>
<pin id="195" dir="0" index="0" bw="1" slack="0"/>
<pin id="196" dir="1" index="1" bw="32" slack="2147483647"/>
</pin_list>
<bind>
<opcode="alloca(26) " fcode="alloca"/>
<opset="a_8/1 "/>
</bind>
</comp>

<comp id="198" class="1004" name="a_9_alloca_fu_198">
<pin_list>
<pin id="199" dir="0" index="0" bw="1" slack="0"/>
<pin id="200" dir="1" index="1" bw="32" slack="2147483647"/>
</pin_list>
<bind>
<opcode="alloca(26) " fcode="alloca"/>
<opset="a_9/1 "/>
</bind>
</comp>

<comp id="202" class="1004" name="a_10_alloca_fu_202">
<pin_list>
<pin id="203" dir="0" index="0" bw="1" slack="0"/>
<pin id="204" dir="1" index="1" bw="32" slack="2147483647"/>
</pin_list>
<bind>
<opcode="alloca(26) " fcode="alloca"/>
<opset="a_10/1 "/>
</bind>
</comp>

<comp id="206" class="1004" name="a_11_alloca_fu_206">
<pin_list>
<pin id="207" dir="0" index="0" bw="1" slack="0"/>
<pin id="208" dir="1" index="1" bw="32" slack="2147483647"/>
</pin_list>
<bind>
<opcode="alloca(26) " fcode="alloca"/>
<opset="a_11/1 "/>
</bind>
</comp>

<comp id="210" class="1004" name="a_12_alloca_fu_210">
<pin_list>
<pin id="211" dir="0" index="0" bw="1" slack="0"/>
<pin id="212" dir="1" index="1" bw="32" slack="2147483647"/>
</pin_list>
<bind>
<opcode="alloca(26) " fcode="alloca"/>
<opset="a_12/1 "/>
</bind>
</comp>

<comp id="214" class="1004" name="a_13_alloca_fu_214">
<pin_list>
<pin id="215" dir="0" index="0" bw="1" slack="0"/>
<pin id="216" dir="1" index="1" bw="32" slack="2147483647"/>
</pin_list>
<bind>
<opcode="alloca(26) " fcode="alloca"/>
<opset="a_13/1 "/>
</bind>
</comp>

<comp id="218" class="1004" name="a_14_alloca_fu_218">
<pin_list>
<pin id="219" dir="0" index="0" bw="1" slack="0"/>
<pin id="220" dir="1" index="1" bw="32" slack="2147483647"/>
</pin_list>
<bind>
<opcode="alloca(26) " fcode="alloca"/>
<opset="a_14/1 "/>
</bind>
</comp>

<comp id="222" class="1004" name="a_15_alloca_fu_222">
<pin_list>
<pin id="223" dir="0" index="0" bw="1" slack="0"/>
<pin id="224" dir="1" index="1" bw="32" slack="2147483647"/>
</pin_list>
<bind>
<opcode="alloca(26) " fcode="alloca"/>
<opset="a_15/1 "/>
</bind>
</comp>

<comp id="226" class="1004" name="a_16_alloca_fu_226">
<pin_list>
<pin id="227" dir="0" index="0" bw="1" slack="0"/>
<pin id="228" dir="1" index="1" bw="32" slack="2147483647"/>
</pin_list>
<bind>
<opcode="alloca(26) " fcode="alloca"/>
<opset="a_16/1 "/>
</bind>
</comp>

<comp id="230" class="1004" name="a_17_alloca_fu_230">
<pin_list>
<pin id="231" dir="0" index="0" bw="1" slack="0"/>
<pin id="232" dir="1" index="1" bw="32" slack="2147483647"/>
</pin_list>
<bind>
<opcode="alloca(26) " fcode="alloca"/>
<opset="a_17/1 "/>
</bind>
</comp>

<comp id="234" class="1004" name="a_18_alloca_fu_234">
<pin_list>
<pin id="235" dir="0" index="0" bw="1" slack="0"/>
<pin id="236" dir="1" index="1" bw="32" slack="2147483647"/>
</pin_list>
<bind>
<opcode="alloca(26) " fcode="alloca"/>
<opset="a_18/1 "/>
</bind>
</comp>

<comp id="238" class="1004" name="a_19_alloca_fu_238">
<pin_list>
<pin id="239" dir="0" index="0" bw="1" slack="0"/>
<pin id="240" dir="1" index="1" bw="32" slack="2147483647"/>
</pin_list>
<bind>
<opcode="alloca(26) " fcode="alloca"/>
<opset="a_19/1 "/>
</bind>
</comp>

<comp id="242" class="1004" name="a_20_alloca_fu_242">
<pin_list>
<pin id="243" dir="0" index="0" bw="1" slack="0"/>
<pin id="244" dir="1" index="1" bw="32" slack="2147483647"/>
</pin_list>
<bind>
<opcode="alloca(26) " fcode="alloca"/>
<opset="a_20/1 "/>
</bind>
</comp>

<comp id="246" class="1004" name="a_21_alloca_fu_246">
<pin_list>
<pin id="247" dir="0" index="0" bw="1" slack="0"/>
<pin id="248" dir="1" index="1" bw="32" slack="2147483647"/>
</pin_list>
<bind>
<opcode="alloca(26) " fcode="alloca"/>
<opset="a_21/1 "/>
</bind>
</comp>

<comp id="250" class="1004" name="a_22_alloca_fu_250">
<pin_list>
<pin id="251" dir="0" index="0" bw="1" slack="0"/>
<pin id="252" dir="1" index="1" bw="32" slack="2147483647"/>
</pin_list>
<bind>
<opcode="alloca(26) " fcode="alloca"/>
<opset="a_22/1 "/>
</bind>
</comp>

<comp id="254" class="1004" name="a_23_alloca_fu_254">
<pin_list>
<pin id="255" dir="0" index="0" bw="1" slack="0"/>
<pin id="256" dir="1" index="1" bw="32" slack="2147483647"/>
</pin_list>
<bind>
<opcode="alloca(26) " fcode="alloca"/>
<opset="a_23/1 "/>
</bind>
</comp>

<comp id="258" class="1004" name="a_24_alloca_fu_258">
<pin_list>
<pin id="259" dir="0" index="0" bw="1" slack="0"/>
<pin id="260" dir="1" index="1" bw="32" slack="2147483647"/>
</pin_list>
<bind>
<opcode="alloca(26) " fcode="alloca"/>
<opset="a_24/1 "/>
</bind>
</comp>

<comp id="262" class="1004" name="a_25_alloca_fu_262">
<pin_list>
<pin id="263" dir="0" index="0" bw="1" slack="0"/>
<pin id="264" dir="1" index="1" bw="32" slack="2147483647"/>
</pin_list>
<bind>
<opcode="alloca(26) " fcode="alloca"/>
<opset="a_25/1 "/>
</bind>
</comp>

<comp id="266" class="1004" name="a_26_alloca_fu_266">
<pin_list>
<pin id="267" dir="0" index="0" bw="1" slack="0"/>
<pin id="268" dir="1" index="1" bw="32" slack="2147483647"/>
</pin_list>
<bind>
<opcode="alloca(26) " fcode="alloca"/>
<opset="a_26/1 "/>
</bind>
</comp>

<comp id="270" class="1004" name="a_27_alloca_fu_270">
<pin_list>
<pin id="271" dir="0" index="0" bw="1" slack="0"/>
<pin id="272" dir="1" index="1" bw="32" slack="2147483647"/>
</pin_list>
<bind>
<opcode="alloca(26) " fcode="alloca"/>
<opset="a_27/1 "/>
</bind>
</comp>

<comp id="274" class="1004" name="a_28_alloca_fu_274">
<pin_list>
<pin id="275" dir="0" index="0" bw="1" slack="0"/>
<pin id="276" dir="1" index="1" bw="32" slack="2147483647"/>
</pin_list>
<bind>
<opcode="alloca(26) " fcode="alloca"/>
<opset="a_28/1 "/>
</bind>
</comp>

<comp id="278" class="1004" name="a_29_alloca_fu_278">
<pin_list>
<pin id="279" dir="0" index="0" bw="1" slack="0"/>
<pin id="280" dir="1" index="1" bw="32" slack="2147483647"/>
</pin_list>
<bind>
<opcode="alloca(26) " fcode="alloca"/>
<opset="a_29/1 "/>
</bind>
</comp>

<comp id="282" class="1004" name="a_30_alloca_fu_282">
<pin_list>
<pin id="283" dir="0" index="0" bw="1" slack="0"/>
<pin id="284" dir="1" index="1" bw="32" slack="2147483647"/>
</pin_list>
<bind>
<opcode="alloca(26) " fcode="alloca"/>
<opset="a_30/1 "/>
</bind>
</comp>

<comp id="286" class="1004" name="a_31_alloca_fu_286">
<pin_list>
<pin id="287" dir="0" index="0" bw="1" slack="0"/>
<pin id="288" dir="1" index="1" bw="32" slack="2147483647"/>
</pin_list>
<bind>
<opcode="alloca(26) " fcode="alloca"/>
<opset="a_31/1 "/>
</bind>
</comp>

<comp id="290" class="1004" name="b_0_alloca_fu_290">
<pin_list>
<pin id="291" dir="0" index="0" bw="1" slack="0"/>
<pin id="292" dir="1" index="1" bw="32" slack="2147483647"/>
</pin_list>
<bind>
<opcode="alloca(26) " fcode="alloca"/>
<opset="b_0/1 "/>
</bind>
</comp>

<comp id="294" class="1004" name="b_1_alloca_fu_294">
<pin_list>
<pin id="295" dir="0" index="0" bw="1" slack="0"/>
<pin id="296" dir="1" index="1" bw="32" slack="2147483647"/>
</pin_list>
<bind>
<opcode="alloca(26) " fcode="alloca"/>
<opset="b_1/1 "/>
</bind>
</comp>

<comp id="298" class="1004" name="b_2_alloca_fu_298">
<pin_list>
<pin id="299" dir="0" index="0" bw="1" slack="0"/>
<pin id="300" dir="1" index="1" bw="32" slack="2147483647"/>
</pin_list>
<bind>
<opcode="alloca(26) " fcode="alloca"/>
<opset="b_2/1 "/>
</bind>
</comp>

<comp id="302" class="1004" name="b_3_alloca_fu_302">
<pin_list>
<pin id="303" dir="0" index="0" bw="1" slack="0"/>
<pin id="304" dir="1" index="1" bw="32" slack="2147483647"/>
</pin_list>
<bind>
<opcode="alloca(26) " fcode="alloca"/>
<opset="b_3/1 "/>
</bind>
</comp>

<comp id="306" class="1004" name="b_4_alloca_fu_306">
<pin_list>
<pin id="307" dir="0" index="0" bw="1" slack="0"/>
<pin id="308" dir="1" index="1" bw="32" slack="2147483647"/>
</pin_list>
<bind>
<opcode="alloca(26) " fcode="alloca"/>
<opset="b_4/1 "/>
</bind>
</comp>

<comp id="310" class="1004" name="b_5_alloca_fu_310">
<pin_list>
<pin id="311" dir="0" index="0" bw="1" slack="0"/>
<pin id="312" dir="1" index="1" bw="32" slack="2147483647"/>
</pin_list>
<bind>
<opcode="alloca(26) " fcode="alloca"/>
<opset="b_5/1 "/>
</bind>
</comp>

<comp id="314" class="1004" name="b_6_alloca_fu_314">
<pin_list>
<pin id="315" dir="0" index="0" bw="1" slack="0"/>
<pin id="316" dir="1" index="1" bw="32" slack="2147483647"/>
</pin_list>
<bind>
<opcode="alloca(26) " fcode="alloca"/>
<opset="b_6/1 "/>
</bind>
</comp>

<comp id="318" class="1004" name="b_7_alloca_fu_318">
<pin_list>
<pin id="319" dir="0" index="0" bw="1" slack="0"/>
<pin id="320" dir="1" index="1" bw="32" slack="2147483647"/>
</pin_list>
<bind>
<opcode="alloca(26) " fcode="alloca"/>
<opset="b_7/1 "/>
</bind>
</comp>

<comp id="322" class="1004" name="b_8_alloca_fu_322">
<pin_list>
<pin id="323" dir="0" index="0" bw="1" slack="0"/>
<pin id="324" dir="1" index="1" bw="32" slack="2147483647"/>
</pin_list>
<bind>
<opcode="alloca(26) " fcode="alloca"/>
<opset="b_8/1 "/>
</bind>
</comp>

<comp id="326" class="1004" name="b_9_alloca_fu_326">
<pin_list>
<pin id="327" dir="0" index="0" bw="1" slack="0"/>
<pin id="328" dir="1" index="1" bw="32" slack="2147483647"/>
</pin_list>
<bind>
<opcode="alloca(26) " fcode="alloca"/>
<opset="b_9/1 "/>
</bind>
</comp>

<comp id="330" class="1004" name="b_10_alloca_fu_330">
<pin_list>
<pin id="331" dir="0" index="0" bw="1" slack="0"/>
<pin id="332" dir="1" index="1" bw="32" slack="2147483647"/>
</pin_list>
<bind>
<opcode="alloca(26) " fcode="alloca"/>
<opset="b_10/1 "/>
</bind>
</comp>

<comp id="334" class="1004" name="b_11_alloca_fu_334">
<pin_list>
<pin id="335" dir="0" index="0" bw="1" slack="0"/>
<pin id="336" dir="1" index="1" bw="32" slack="2147483647"/>
</pin_list>
<bind>
<opcode="alloca(26) " fcode="alloca"/>
<opset="b_11/1 "/>
</bind>
</comp>

<comp id="338" class="1004" name="b_12_alloca_fu_338">
<pin_list>
<pin id="339" dir="0" index="0" bw="1" slack="0"/>
<pin id="340" dir="1" index="1" bw="32" slack="2147483647"/>
</pin_list>
<bind>
<opcode="alloca(26) " fcode="alloca"/>
<opset="b_12/1 "/>
</bind>
</comp>

<comp id="342" class="1004" name="b_13_alloca_fu_342">
<pin_list>
<pin id="343" dir="0" index="0" bw="1" slack="0"/>
<pin id="344" dir="1" index="1" bw="32" slack="2147483647"/>
</pin_list>
<bind>
<opcode="alloca(26) " fcode="alloca"/>
<opset="b_13/1 "/>
</bind>
</comp>

<comp id="346" class="1004" name="b_14_alloca_fu_346">
<pin_list>
<pin id="347" dir="0" index="0" bw="1" slack="0"/>
<pin id="348" dir="1" index="1" bw="32" slack="2147483647"/>
</pin_list>
<bind>
<opcode="alloca(26) " fcode="alloca"/>
<opset="b_14/1 "/>
</bind>
</comp>

<comp id="350" class="1004" name="b_15_alloca_fu_350">
<pin_list>
<pin id="351" dir="0" index="0" bw="1" slack="0"/>
<pin id="352" dir="1" index="1" bw="32" slack="2147483647"/>
</pin_list>
<bind>
<opcode="alloca(26) " fcode="alloca"/>
<opset="b_15/1 "/>
</bind>
</comp>

<comp id="354" class="1004" name="b_16_alloca_fu_354">
<pin_list>
<pin id="355" dir="0" index="0" bw="1" slack="0"/>
<pin id="356" dir="1" index="1" bw="32" slack="2147483647"/>
</pin_list>
<bind>
<opcode="alloca(26) " fcode="alloca"/>
<opset="b_16/1 "/>
</bind>
</comp>

<comp id="358" class="1004" name="b_17_alloca_fu_358">
<pin_list>
<pin id="359" dir="0" index="0" bw="1" slack="0"/>
<pin id="360" dir="1" index="1" bw="32" slack="2147483647"/>
</pin_list>
<bind>
<opcode="alloca(26) " fcode="alloca"/>
<opset="b_17/1 "/>
</bind>
</comp>

<comp id="362" class="1004" name="b_18_alloca_fu_362">
<pin_list>
<pin id="363" dir="0" index="0" bw="1" slack="0"/>
<pin id="364" dir="1" index="1" bw="32" slack="2147483647"/>
</pin_list>
<bind>
<opcode="alloca(26) " fcode="alloca"/>
<opset="b_18/1 "/>
</bind>
</comp>

<comp id="366" class="1004" name="b_19_alloca_fu_366">
<pin_list>
<pin id="367" dir="0" index="0" bw="1" slack="0"/>
<pin id="368" dir="1" index="1" bw="32" slack="2147483647"/>
</pin_list>
<bind>
<opcode="alloca(26) " fcode="alloca"/>
<opset="b_19/1 "/>
</bind>
</comp>

<comp id="370" class="1004" name="b_20_alloca_fu_370">
<pin_list>
<pin id="371" dir="0" index="0" bw="1" slack="0"/>
<pin id="372" dir="1" index="1" bw="32" slack="2147483647"/>
</pin_list>
<bind>
<opcode="alloca(26) " fcode="alloca"/>
<opset="b_20/1 "/>
</bind>
</comp>

<comp id="374" class="1004" name="b_21_alloca_fu_374">
<pin_list>
<pin id="375" dir="0" index="0" bw="1" slack="0"/>
<pin id="376" dir="1" index="1" bw="32" slack="2147483647"/>
</pin_list>
<bind>
<opcode="alloca(26) " fcode="alloca"/>
<opset="b_21/1 "/>
</bind>
</comp>

<comp id="378" class="1004" name="b_22_alloca_fu_378">
<pin_list>
<pin id="379" dir="0" index="0" bw="1" slack="0"/>
<pin id="380" dir="1" index="1" bw="32" slack="2147483647"/>
</pin_list>
<bind>
<opcode="alloca(26) " fcode="alloca"/>
<opset="b_22/1 "/>
</bind>
</comp>

<comp id="382" class="1004" name="b_23_alloca_fu_382">
<pin_list>
<pin id="383" dir="0" index="0" bw="1" slack="0"/>
<pin id="384" dir="1" index="1" bw="32" slack="2147483647"/>
</pin_list>
<bind>
<opcode="alloca(26) " fcode="alloca"/>
<opset="b_23/1 "/>
</bind>
</comp>

<comp id="386" class="1004" name="b_24_alloca_fu_386">
<pin_list>
<pin id="387" dir="0" index="0" bw="1" slack="0"/>
<pin id="388" dir="1" index="1" bw="32" slack="2147483647"/>
</pin_list>
<bind>
<opcode="alloca(26) " fcode="alloca"/>
<opset="b_24/1 "/>
</bind>
</comp>

<comp id="390" class="1004" name="b_25_alloca_fu_390">
<pin_list>
<pin id="391" dir="0" index="0" bw="1" slack="0"/>
<pin id="392" dir="1" index="1" bw="32" slack="2147483647"/>
</pin_list>
<bind>
<opcode="alloca(26) " fcode="alloca"/>
<opset="b_25/1 "/>
</bind>
</comp>

<comp id="394" class="1004" name="b_26_alloca_fu_394">
<pin_list>
<pin id="395" dir="0" index="0" bw="1" slack="0"/>
<pin id="396" dir="1" index="1" bw="32" slack="2147483647"/>
</pin_list>
<bind>
<opcode="alloca(26) " fcode="alloca"/>
<opset="b_26/1 "/>
</bind>
</comp>

<comp id="398" class="1004" name="b_27_alloca_fu_398">
<pin_list>
<pin id="399" dir="0" index="0" bw="1" slack="0"/>
<pin id="400" dir="1" index="1" bw="32" slack="2147483647"/>
</pin_list>
<bind>
<opcode="alloca(26) " fcode="alloca"/>
<opset="b_27/1 "/>
</bind>
</comp>

<comp id="402" class="1004" name="b_28_alloca_fu_402">
<pin_list>
<pin id="403" dir="0" index="0" bw="1" slack="0"/>
<pin id="404" dir="1" index="1" bw="32" slack="2147483647"/>
</pin_list>
<bind>
<opcode="alloca(26) " fcode="alloca"/>
<opset="b_28/1 "/>
</bind>
</comp>

<comp id="406" class="1004" name="b_29_alloca_fu_406">
<pin_list>
<pin id="407" dir="0" index="0" bw="1" slack="0"/>
<pin id="408" dir="1" index="1" bw="32" slack="2147483647"/>
</pin_list>
<bind>
<opcode="alloca(26) " fcode="alloca"/>
<opset="b_29/1 "/>
</bind>
</comp>

<comp id="410" class="1004" name="b_30_alloca_fu_410">
<pin_list>
<pin id="411" dir="0" index="0" bw="1" slack="0"/>
<pin id="412" dir="1" index="1" bw="32" slack="2147483647"/>
</pin_list>
<bind>
<opcode="alloca(26) " fcode="alloca"/>
<opset="b_30/1 "/>
</bind>
</comp>

<comp id="414" class="1004" name="b_31_alloca_fu_414">
<pin_list>
<pin id="415" dir="0" index="0" bw="1" slack="0"/>
<pin id="416" dir="1" index="1" bw="32" slack="2147483647"/>
</pin_list>
<bind>
<opcode="alloca(26) " fcode="alloca"/>
<opset="b_31/1 "/>
</bind>
</comp>

<comp id="418" class="1004" name="out_alloca_fu_418">
<pin_list>
<pin id="419" dir="0" index="0" bw="1" slack="0"/>
<pin id="420" dir="1" index="1" bw="32" slack="2147483647"/>
</pin_list>
<bind>
<opcode="alloca(26) " fcode="alloca"/>
<opset="out/1 "/>
</bind>
</comp>

<comp id="422" class="1004" name="grp_read_fu_422">
<pin_list>
<pin id="423" dir="0" index="0" bw="55" slack="0"/>
<pin id="424" dir="0" index="1" bw="32" slack="0"/>
<pin id="425" dir="0" index="2" bw="4" slack="0"/>
<pin id="426" dir="0" index="3" bw="4" slack="0"/>
<pin id="427" dir="0" index="4" bw="4" slack="0"/>
<pin id="428" dir="0" index="5" bw="1" slack="0"/>
<pin id="429" dir="0" index="6" bw="5" slack="0"/>
<pin id="430" dir="0" index="7" bw="5" slack="0"/>
<pin id="431" dir="1" index="8" bw="55" slack="0"/>
</pin_list>
<bind>
<opcode="read(1150) " fcode="read"/>
<opset="empty_16/2 empty_19/5 "/>
</bind>
</comp>

<comp id="440" class="1004" name="grp_write_fu_440">
<pin_list>
<pin id="441" dir="0" index="0" bw="0" slack="0"/>
<pin id="442" dir="0" index="1" bw="32" slack="0"/>
<pin id="443" dir="0" index="2" bw="4" slack="0"/>
<pin id="444" dir="0" index="3" bw="4" slack="0"/>
<pin id="445" dir="0" index="4" bw="4" slack="0"/>
<pin id="446" dir="0" index="5" bw="1" slack="0"/>
<pin id="447" dir="0" index="6" bw="5" slack="0"/>
<pin id="448" dir="0" index="7" bw="5" slack="0"/>
<pin id="449" dir="0" index="8" bw="32" slack="0"/>
<pin id="450" dir="0" index="9" bw="1" slack="0"/>
<pin id="451" dir="0" index="10" bw="1" slack="0"/>
<pin id="452" dir="0" index="11" bw="1" slack="0"/>
<pin id="453" dir="0" index="12" bw="1" slack="1"/>
<pin id="454" dir="0" index="13" bw="1" slack="0"/>
<pin id="455" dir="0" index="14" bw="1" slack="0"/>
<pin id="456" dir="1" index="15" bw="0" slack="2147483647"/>
</pin_list>
<bind>
<opcode="write(1151) " fcode="write"/>
<opset="StgValue_1036/176 "/>
</bind>
</comp>

<comp id="470" class="1004" name="a_30_addr_gep_fu_470">
<pin_list>
<pin id="471" dir="0" index="0" bw="32" slack="2147483647"/>
<pin id="472" dir="0" index="1" bw="1" slack="0"/>
<pin id="473" dir="0" index="2" bw="6" slack="0"/>
<pin id="474" dir="1" index="3" bw="5" slack="0"/>
</pin_list>
<bind>
<opcode="getelementptr(29) " fcode="getelementptr"/>
<opset="a_30_addr/3 "/>
</bind>
</comp>

<comp id="476" class="1004" name="grp_access_fu_476">
<pin_list>
<pin id="477" dir="0" index="0" bw="5" slack="0"/>
<pin id="478" dir="0" index="1" bw="32" slack="0"/>
<pin id="479" dir="1" index="2" bw="32" slack="0"/>
</pin_list>
<bind>
<opcode="load(27) store(28) " fcode="load"/>
<opset="StgValue_287/3 a_30_load/158 "/>
</bind>
</comp>

<comp id="481" class="1004" name="a_29_addr_gep_fu_481">
<pin_list>
<pin id="482" dir="0" index="0" bw="32" slack="2147483647"/>
<pin id="483" dir="0" index="1" bw="1" slack="0"/>
<pin id="484" dir="0" index="2" bw="6" slack="0"/>
<pin id="485" dir="1" index="3" bw="5" slack="0"/>
</pin_list>
<bind>
<opcode="getelementptr(29) " fcode="getelementptr"/>
<opset="a_29_addr/3 "/>
</bind>
</comp>

<comp id="487" class="1004" name="grp_access_fu_487">
<pin_list>
<pin id="488" dir="0" index="0" bw="5" slack="0"/>
<pin id="489" dir="0" index="1" bw="32" slack="0"/>
<pin id="490" dir="1" index="2" bw="32" slack="0"/>
</pin_list>
<bind>
<opcode="load(27) store(28) " fcode="load"/>
<opset="StgValue_290/3 a_29_load/153 "/>
</bind>
</comp>

<comp id="492" class="1004" name="a_28_addr_gep_fu_492">
<pin_list>
<pin id="493" dir="0" index="0" bw="32" slack="2147483647"/>
<pin id="494" dir="0" index="1" bw="1" slack="0"/>
<pin id="495" dir="0" index="2" bw="6" slack="0"/>
<pin id="496" dir="1" index="3" bw="5" slack="0"/>
</pin_list>
<bind>
<opcode="getelementptr(29) " fcode="getelementptr"/>
<opset="a_28_addr/3 "/>
</bind>
</comp>

<comp id="498" class="1004" name="grp_access_fu_498">
<pin_list>
<pin id="499" dir="0" index="0" bw="5" slack="0"/>
<pin id="500" dir="0" index="1" bw="32" slack="0"/>
<pin id="501" dir="1" index="2" bw="32" slack="0"/>
</pin_list>
<bind>
<opcode="load(27) store(28) " fcode="load"/>
<opset="StgValue_293/3 a_28_load/148 "/>
</bind>
</comp>

<comp id="503" class="1004" name="a_27_addr_gep_fu_503">
<pin_list>
<pin id="504" dir="0" index="0" bw="32" slack="2147483647"/>
<pin id="505" dir="0" index="1" bw="1" slack="0"/>
<pin id="506" dir="0" index="2" bw="6" slack="0"/>
<pin id="507" dir="1" index="3" bw="5" slack="0"/>
</pin_list>
<bind>
<opcode="getelementptr(29) " fcode="getelementptr"/>
<opset="a_27_addr/3 "/>
</bind>
</comp>

<comp id="509" class="1004" name="grp_access_fu_509">
<pin_list>
<pin id="510" dir="0" index="0" bw="5" slack="0"/>
<pin id="511" dir="0" index="1" bw="32" slack="0"/>
<pin id="512" dir="1" index="2" bw="32" slack="0"/>
</pin_list>
<bind>
<opcode="load(27) store(28) " fcode="load"/>
<opset="StgValue_296/3 a_27_load/143 "/>
</bind>
</comp>

<comp id="514" class="1004" name="a_26_addr_gep_fu_514">
<pin_list>
<pin id="515" dir="0" index="0" bw="32" slack="2147483647"/>
<pin id="516" dir="0" index="1" bw="1" slack="0"/>
<pin id="517" dir="0" index="2" bw="6" slack="0"/>
<pin id="518" dir="1" index="3" bw="5" slack="0"/>
</pin_list>
<bind>
<opcode="getelementptr(29) " fcode="getelementptr"/>
<opset="a_26_addr/3 "/>
</bind>
</comp>

<comp id="520" class="1004" name="grp_access_fu_520">
<pin_list>
<pin id="521" dir="0" index="0" bw="5" slack="0"/>
<pin id="522" dir="0" index="1" bw="32" slack="0"/>
<pin id="523" dir="1" index="2" bw="32" slack="0"/>
</pin_list>
<bind>
<opcode="load(27) store(28) " fcode="load"/>
<opset="StgValue_299/3 a_26_load/138 "/>
</bind>
</comp>

<comp id="525" class="1004" name="a_25_addr_gep_fu_525">
<pin_list>
<pin id="526" dir="0" index="0" bw="32" slack="2147483647"/>
<pin id="527" dir="0" index="1" bw="1" slack="0"/>
<pin id="528" dir="0" index="2" bw="6" slack="0"/>
<pin id="529" dir="1" index="3" bw="5" slack="0"/>
</pin_list>
<bind>
<opcode="getelementptr(29) " fcode="getelementptr"/>
<opset="a_25_addr/3 "/>
</bind>
</comp>

<comp id="531" class="1004" name="grp_access_fu_531">
<pin_list>
<pin id="532" dir="0" index="0" bw="5" slack="0"/>
<pin id="533" dir="0" index="1" bw="32" slack="0"/>
<pin id="534" dir="1" index="2" bw="32" slack="0"/>
</pin_list>
<bind>
<opcode="load(27) store(28) " fcode="load"/>
<opset="StgValue_302/3 a_25_load/133 "/>
</bind>
</comp>

<comp id="536" class="1004" name="a_24_addr_gep_fu_536">
<pin_list>
<pin id="537" dir="0" index="0" bw="32" slack="2147483647"/>
<pin id="538" dir="0" index="1" bw="1" slack="0"/>
<pin id="539" dir="0" index="2" bw="6" slack="0"/>
<pin id="540" dir="1" index="3" bw="5" slack="0"/>
</pin_list>
<bind>
<opcode="getelementptr(29) " fcode="getelementptr"/>
<opset="a_24_addr/3 "/>
</bind>
</comp>

<comp id="542" class="1004" name="grp_access_fu_542">
<pin_list>
<pin id="543" dir="0" index="0" bw="5" slack="0"/>
<pin id="544" dir="0" index="1" bw="32" slack="0"/>
<pin id="545" dir="1" index="2" bw="32" slack="0"/>
</pin_list>
<bind>
<opcode="load(27) store(28) " fcode="load"/>
<opset="StgValue_305/3 a_24_load/128 "/>
</bind>
</comp>

<comp id="547" class="1004" name="a_23_addr_gep_fu_547">
<pin_list>
<pin id="548" dir="0" index="0" bw="32" slack="2147483647"/>
<pin id="549" dir="0" index="1" bw="1" slack="0"/>
<pin id="550" dir="0" index="2" bw="6" slack="0"/>
<pin id="551" dir="1" index="3" bw="5" slack="0"/>
</pin_list>
<bind>
<opcode="getelementptr(29) " fcode="getelementptr"/>
<opset="a_23_addr/3 "/>
</bind>
</comp>

<comp id="553" class="1004" name="grp_access_fu_553">
<pin_list>
<pin id="554" dir="0" index="0" bw="5" slack="0"/>
<pin id="555" dir="0" index="1" bw="32" slack="0"/>
<pin id="556" dir="1" index="2" bw="32" slack="0"/>
</pin_list>
<bind>
<opcode="load(27) store(28) " fcode="load"/>
<opset="StgValue_308/3 a_23_load/123 "/>
</bind>
</comp>

<comp id="558" class="1004" name="a_22_addr_gep_fu_558">
<pin_list>
<pin id="559" dir="0" index="0" bw="32" slack="2147483647"/>
<pin id="560" dir="0" index="1" bw="1" slack="0"/>
<pin id="561" dir="0" index="2" bw="6" slack="0"/>
<pin id="562" dir="1" index="3" bw="5" slack="0"/>
</pin_list>
<bind>
<opcode="getelementptr(29) " fcode="getelementptr"/>
<opset="a_22_addr/3 "/>
</bind>
</comp>

<comp id="564" class="1004" name="grp_access_fu_564">
<pin_list>
<pin id="565" dir="0" index="0" bw="5" slack="0"/>
<pin id="566" dir="0" index="1" bw="32" slack="0"/>
<pin id="567" dir="1" index="2" bw="32" slack="0"/>
</pin_list>
<bind>
<opcode="load(27) store(28) " fcode="load"/>
<opset="StgValue_311/3 a_22_load/118 "/>
</bind>
</comp>

<comp id="569" class="1004" name="a_21_addr_gep_fu_569">
<pin_list>
<pin id="570" dir="0" index="0" bw="32" slack="2147483647"/>
<pin id="571" dir="0" index="1" bw="1" slack="0"/>
<pin id="572" dir="0" index="2" bw="6" slack="0"/>
<pin id="573" dir="1" index="3" bw="5" slack="0"/>
</pin_list>
<bind>
<opcode="getelementptr(29) " fcode="getelementptr"/>
<opset="a_21_addr/3 "/>
</bind>
</comp>

<comp id="575" class="1004" name="grp_access_fu_575">
<pin_list>
<pin id="576" dir="0" index="0" bw="5" slack="0"/>
<pin id="577" dir="0" index="1" bw="32" slack="0"/>
<pin id="578" dir="1" index="2" bw="32" slack="0"/>
</pin_list>
<bind>
<opcode="load(27) store(28) " fcode="load"/>
<opset="StgValue_314/3 a_21_load/113 "/>
</bind>
</comp>

<comp id="580" class="1004" name="a_20_addr_gep_fu_580">
<pin_list>
<pin id="581" dir="0" index="0" bw="32" slack="2147483647"/>
<pin id="582" dir="0" index="1" bw="1" slack="0"/>
<pin id="583" dir="0" index="2" bw="6" slack="0"/>
<pin id="584" dir="1" index="3" bw="5" slack="0"/>
</pin_list>
<bind>
<opcode="getelementptr(29) " fcode="getelementptr"/>
<opset="a_20_addr/3 "/>
</bind>
</comp>

<comp id="586" class="1004" name="grp_access_fu_586">
<pin_list>
<pin id="587" dir="0" index="0" bw="5" slack="0"/>
<pin id="588" dir="0" index="1" bw="32" slack="0"/>
<pin id="589" dir="1" index="2" bw="32" slack="0"/>
</pin_list>
<bind>
<opcode="load(27) store(28) " fcode="load"/>
<opset="StgValue_317/3 a_20_load/108 "/>
</bind>
</comp>

<comp id="591" class="1004" name="a_19_addr_gep_fu_591">
<pin_list>
<pin id="592" dir="0" index="0" bw="32" slack="2147483647"/>
<pin id="593" dir="0" index="1" bw="1" slack="0"/>
<pin id="594" dir="0" index="2" bw="6" slack="0"/>
<pin id="595" dir="1" index="3" bw="5" slack="0"/>
</pin_list>
<bind>
<opcode="getelementptr(29) " fcode="getelementptr"/>
<opset="a_19_addr/3 "/>
</bind>
</comp>

<comp id="597" class="1004" name="grp_access_fu_597">
<pin_list>
<pin id="598" dir="0" index="0" bw="5" slack="0"/>
<pin id="599" dir="0" index="1" bw="32" slack="0"/>
<pin id="600" dir="1" index="2" bw="32" slack="0"/>
</pin_list>
<bind>
<opcode="load(27) store(28) " fcode="load"/>
<opset="StgValue_320/3 a_19_load/103 "/>
</bind>
</comp>

<comp id="602" class="1004" name="a_18_addr_gep_fu_602">
<pin_list>
<pin id="603" dir="0" index="0" bw="32" slack="2147483647"/>
<pin id="604" dir="0" index="1" bw="1" slack="0"/>
<pin id="605" dir="0" index="2" bw="6" slack="0"/>
<pin id="606" dir="1" index="3" bw="5" slack="0"/>
</pin_list>
<bind>
<opcode="getelementptr(29) " fcode="getelementptr"/>
<opset="a_18_addr/3 "/>
</bind>
</comp>

<comp id="608" class="1004" name="grp_access_fu_608">
<pin_list>
<pin id="609" dir="0" index="0" bw="5" slack="0"/>
<pin id="610" dir="0" index="1" bw="32" slack="0"/>
<pin id="611" dir="1" index="2" bw="32" slack="0"/>
</pin_list>
<bind>
<opcode="load(27) store(28) " fcode="load"/>
<opset="StgValue_323/3 a_18_load/98 "/>
</bind>
</comp>

<comp id="613" class="1004" name="a_17_addr_gep_fu_613">
<pin_list>
<pin id="614" dir="0" index="0" bw="32" slack="2147483647"/>
<pin id="615" dir="0" index="1" bw="1" slack="0"/>
<pin id="616" dir="0" index="2" bw="6" slack="0"/>
<pin id="617" dir="1" index="3" bw="5" slack="0"/>
</pin_list>
<bind>
<opcode="getelementptr(29) " fcode="getelementptr"/>
<opset="a_17_addr/3 "/>
</bind>
</comp>

<comp id="619" class="1004" name="grp_access_fu_619">
<pin_list>
<pin id="620" dir="0" index="0" bw="5" slack="0"/>
<pin id="621" dir="0" index="1" bw="32" slack="0"/>
<pin id="622" dir="1" index="2" bw="32" slack="0"/>
</pin_list>
<bind>
<opcode="load(27) store(28) " fcode="load"/>
<opset="StgValue_326/3 a_17_load/93 "/>
</bind>
</comp>

<comp id="624" class="1004" name="a_16_addr_gep_fu_624">
<pin_list>
<pin id="625" dir="0" index="0" bw="32" slack="2147483647"/>
<pin id="626" dir="0" index="1" bw="1" slack="0"/>
<pin id="627" dir="0" index="2" bw="6" slack="0"/>
<pin id="628" dir="1" index="3" bw="5" slack="0"/>
</pin_list>
<bind>
<opcode="getelementptr(29) " fcode="getelementptr"/>
<opset="a_16_addr/3 "/>
</bind>
</comp>

<comp id="630" class="1004" name="grp_access_fu_630">
<pin_list>
<pin id="631" dir="0" index="0" bw="5" slack="0"/>
<pin id="632" dir="0" index="1" bw="32" slack="0"/>
<pin id="633" dir="1" index="2" bw="32" slack="0"/>
</pin_list>
<bind>
<opcode="load(27) store(28) " fcode="load"/>
<opset="StgValue_329/3 a_16_load/88 "/>
</bind>
</comp>

<comp id="635" class="1004" name="a_15_addr_gep_fu_635">
<pin_list>
<pin id="636" dir="0" index="0" bw="32" slack="2147483647"/>
<pin id="637" dir="0" index="1" bw="1" slack="0"/>
<pin id="638" dir="0" index="2" bw="6" slack="0"/>
<pin id="639" dir="1" index="3" bw="5" slack="0"/>
</pin_list>
<bind>
<opcode="getelementptr(29) " fcode="getelementptr"/>
<opset="a_15_addr/3 "/>
</bind>
</comp>

<comp id="641" class="1004" name="grp_access_fu_641">
<pin_list>
<pin id="642" dir="0" index="0" bw="5" slack="0"/>
<pin id="643" dir="0" index="1" bw="32" slack="0"/>
<pin id="644" dir="1" index="2" bw="32" slack="0"/>
</pin_list>
<bind>
<opcode="load(27) store(28) " fcode="load"/>
<opset="StgValue_332/3 a_15_load/83 "/>
</bind>
</comp>

<comp id="646" class="1004" name="a_14_addr_gep_fu_646">
<pin_list>
<pin id="647" dir="0" index="0" bw="32" slack="2147483647"/>
<pin id="648" dir="0" index="1" bw="1" slack="0"/>
<pin id="649" dir="0" index="2" bw="6" slack="0"/>
<pin id="650" dir="1" index="3" bw="5" slack="0"/>
</pin_list>
<bind>
<opcode="getelementptr(29) " fcode="getelementptr"/>
<opset="a_14_addr/3 "/>
</bind>
</comp>

<comp id="652" class="1004" name="grp_access_fu_652">
<pin_list>
<pin id="653" dir="0" index="0" bw="5" slack="0"/>
<pin id="654" dir="0" index="1" bw="32" slack="0"/>
<pin id="655" dir="1" index="2" bw="32" slack="0"/>
</pin_list>
<bind>
<opcode="load(27) store(28) " fcode="load"/>
<opset="StgValue_335/3 a_14_load/78 "/>
</bind>
</comp>

<comp id="657" class="1004" name="a_13_addr_gep_fu_657">
<pin_list>
<pin id="658" dir="0" index="0" bw="32" slack="2147483647"/>
<pin id="659" dir="0" index="1" bw="1" slack="0"/>
<pin id="660" dir="0" index="2" bw="6" slack="0"/>
<pin id="661" dir="1" index="3" bw="5" slack="0"/>
</pin_list>
<bind>
<opcode="getelementptr(29) " fcode="getelementptr"/>
<opset="a_13_addr/3 "/>
</bind>
</comp>

<comp id="663" class="1004" name="grp_access_fu_663">
<pin_list>
<pin id="664" dir="0" index="0" bw="5" slack="0"/>
<pin id="665" dir="0" index="1" bw="32" slack="0"/>
<pin id="666" dir="1" index="2" bw="32" slack="0"/>
</pin_list>
<bind>
<opcode="load(27) store(28) " fcode="load"/>
<opset="StgValue_338/3 a_13_load/73 "/>
</bind>
</comp>

<comp id="668" class="1004" name="a_12_addr_gep_fu_668">
<pin_list>
<pin id="669" dir="0" index="0" bw="32" slack="2147483647"/>
<pin id="670" dir="0" index="1" bw="1" slack="0"/>
<pin id="671" dir="0" index="2" bw="6" slack="0"/>
<pin id="672" dir="1" index="3" bw="5" slack="0"/>
</pin_list>
<bind>
<opcode="getelementptr(29) " fcode="getelementptr"/>
<opset="a_12_addr/3 "/>
</bind>
</comp>

<comp id="674" class="1004" name="grp_access_fu_674">
<pin_list>
<pin id="675" dir="0" index="0" bw="5" slack="0"/>
<pin id="676" dir="0" index="1" bw="32" slack="0"/>
<pin id="677" dir="1" index="2" bw="32" slack="0"/>
</pin_list>
<bind>
<opcode="load(27) store(28) " fcode="load"/>
<opset="StgValue_341/3 a_12_load/68 "/>
</bind>
</comp>

<comp id="679" class="1004" name="a_11_addr_gep_fu_679">
<pin_list>
<pin id="680" dir="0" index="0" bw="32" slack="2147483647"/>
<pin id="681" dir="0" index="1" bw="1" slack="0"/>
<pin id="682" dir="0" index="2" bw="6" slack="0"/>
<pin id="683" dir="1" index="3" bw="5" slack="0"/>
</pin_list>
<bind>
<opcode="getelementptr(29) " fcode="getelementptr"/>
<opset="a_11_addr/3 "/>
</bind>
</comp>

<comp id="685" class="1004" name="grp_access_fu_685">
<pin_list>
<pin id="686" dir="0" index="0" bw="5" slack="0"/>
<pin id="687" dir="0" index="1" bw="32" slack="0"/>
<pin id="688" dir="1" index="2" bw="32" slack="0"/>
</pin_list>
<bind>
<opcode="load(27) store(28) " fcode="load"/>
<opset="StgValue_344/3 a_11_load/63 "/>
</bind>
</comp>

<comp id="690" class="1004" name="a_10_addr_gep_fu_690">
<pin_list>
<pin id="691" dir="0" index="0" bw="32" slack="2147483647"/>
<pin id="692" dir="0" index="1" bw="1" slack="0"/>
<pin id="693" dir="0" index="2" bw="6" slack="0"/>
<pin id="694" dir="1" index="3" bw="5" slack="0"/>
</pin_list>
<bind>
<opcode="getelementptr(29) " fcode="getelementptr"/>
<opset="a_10_addr/3 "/>
</bind>
</comp>

<comp id="696" class="1004" name="grp_access_fu_696">
<pin_list>
<pin id="697" dir="0" index="0" bw="5" slack="0"/>
<pin id="698" dir="0" index="1" bw="32" slack="0"/>
<pin id="699" dir="1" index="2" bw="32" slack="0"/>
</pin_list>
<bind>
<opcode="load(27) store(28) " fcode="load"/>
<opset="StgValue_347/3 a_10_load/58 "/>
</bind>
</comp>

<comp id="701" class="1004" name="a_9_addr_gep_fu_701">
<pin_list>
<pin id="702" dir="0" index="0" bw="32" slack="2147483647"/>
<pin id="703" dir="0" index="1" bw="1" slack="0"/>
<pin id="704" dir="0" index="2" bw="6" slack="0"/>
<pin id="705" dir="1" index="3" bw="5" slack="0"/>
</pin_list>
<bind>
<opcode="getelementptr(29) " fcode="getelementptr"/>
<opset="a_9_addr/3 "/>
</bind>
</comp>

<comp id="707" class="1004" name="grp_access_fu_707">
<pin_list>
<pin id="708" dir="0" index="0" bw="5" slack="0"/>
<pin id="709" dir="0" index="1" bw="32" slack="0"/>
<pin id="710" dir="1" index="2" bw="32" slack="0"/>
</pin_list>
<bind>
<opcode="load(27) store(28) " fcode="load"/>
<opset="StgValue_350/3 a_9_load/53 "/>
</bind>
</comp>

<comp id="712" class="1004" name="a_8_addr_gep_fu_712">
<pin_list>
<pin id="713" dir="0" index="0" bw="32" slack="2147483647"/>
<pin id="714" dir="0" index="1" bw="1" slack="0"/>
<pin id="715" dir="0" index="2" bw="6" slack="0"/>
<pin id="716" dir="1" index="3" bw="5" slack="0"/>
</pin_list>
<bind>
<opcode="getelementptr(29) " fcode="getelementptr"/>
<opset="a_8_addr/3 "/>
</bind>
</comp>

<comp id="718" class="1004" name="grp_access_fu_718">
<pin_list>
<pin id="719" dir="0" index="0" bw="5" slack="0"/>
<pin id="720" dir="0" index="1" bw="32" slack="0"/>
<pin id="721" dir="1" index="2" bw="32" slack="0"/>
</pin_list>
<bind>
<opcode="load(27) store(28) " fcode="load"/>
<opset="StgValue_353/3 a_8_load/48 "/>
</bind>
</comp>

<comp id="723" class="1004" name="a_7_addr_gep_fu_723">
<pin_list>
<pin id="724" dir="0" index="0" bw="32" slack="2147483647"/>
<pin id="725" dir="0" index="1" bw="1" slack="0"/>
<pin id="726" dir="0" index="2" bw="6" slack="0"/>
<pin id="727" dir="1" index="3" bw="5" slack="0"/>
</pin_list>
<bind>
<opcode="getelementptr(29) " fcode="getelementptr"/>
<opset="a_7_addr/3 "/>
</bind>
</comp>

<comp id="729" class="1004" name="grp_access_fu_729">
<pin_list>
<pin id="730" dir="0" index="0" bw="5" slack="0"/>
<pin id="731" dir="0" index="1" bw="32" slack="0"/>
<pin id="732" dir="1" index="2" bw="32" slack="0"/>
</pin_list>
<bind>
<opcode="load(27) store(28) " fcode="load"/>
<opset="StgValue_356/3 a_7_load/43 "/>
</bind>
</comp>

<comp id="734" class="1004" name="a_6_addr_gep_fu_734">
<pin_list>
<pin id="735" dir="0" index="0" bw="32" slack="2147483647"/>
<pin id="736" dir="0" index="1" bw="1" slack="0"/>
<pin id="737" dir="0" index="2" bw="6" slack="0"/>
<pin id="738" dir="1" index="3" bw="5" slack="0"/>
</pin_list>
<bind>
<opcode="getelementptr(29) " fcode="getelementptr"/>
<opset="a_6_addr/3 "/>
</bind>
</comp>

<comp id="740" class="1004" name="grp_access_fu_740">
<pin_list>
<pin id="741" dir="0" index="0" bw="5" slack="0"/>
<pin id="742" dir="0" index="1" bw="32" slack="0"/>
<pin id="743" dir="1" index="2" bw="32" slack="0"/>
</pin_list>
<bind>
<opcode="load(27) store(28) " fcode="load"/>
<opset="StgValue_359/3 a_6_load/38 "/>
</bind>
</comp>

<comp id="745" class="1004" name="a_5_addr_gep_fu_745">
<pin_list>
<pin id="746" dir="0" index="0" bw="32" slack="2147483647"/>
<pin id="747" dir="0" index="1" bw="1" slack="0"/>
<pin id="748" dir="0" index="2" bw="6" slack="0"/>
<pin id="749" dir="1" index="3" bw="5" slack="0"/>
</pin_list>
<bind>
<opcode="getelementptr(29) " fcode="getelementptr"/>
<opset="a_5_addr/3 "/>
</bind>
</comp>

<comp id="751" class="1004" name="grp_access_fu_751">
<pin_list>
<pin id="752" dir="0" index="0" bw="5" slack="0"/>
<pin id="753" dir="0" index="1" bw="32" slack="0"/>
<pin id="754" dir="1" index="2" bw="32" slack="0"/>
</pin_list>
<bind>
<opcode="load(27) store(28) " fcode="load"/>
<opset="StgValue_362/3 a_5_load/33 "/>
</bind>
</comp>

<comp id="756" class="1004" name="a_4_addr_gep_fu_756">
<pin_list>
<pin id="757" dir="0" index="0" bw="32" slack="2147483647"/>
<pin id="758" dir="0" index="1" bw="1" slack="0"/>
<pin id="759" dir="0" index="2" bw="6" slack="0"/>
<pin id="760" dir="1" index="3" bw="5" slack="0"/>
</pin_list>
<bind>
<opcode="getelementptr(29) " fcode="getelementptr"/>
<opset="a_4_addr/3 "/>
</bind>
</comp>

<comp id="762" class="1004" name="grp_access_fu_762">
<pin_list>
<pin id="763" dir="0" index="0" bw="5" slack="0"/>
<pin id="764" dir="0" index="1" bw="32" slack="0"/>
<pin id="765" dir="1" index="2" bw="32" slack="0"/>
</pin_list>
<bind>
<opcode="load(27) store(28) " fcode="load"/>
<opset="StgValue_365/3 a_4_load/28 "/>
</bind>
</comp>

<comp id="767" class="1004" name="a_3_addr_gep_fu_767">
<pin_list>
<pin id="768" dir="0" index="0" bw="32" slack="2147483647"/>
<pin id="769" dir="0" index="1" bw="1" slack="0"/>
<pin id="770" dir="0" index="2" bw="6" slack="0"/>
<pin id="771" dir="1" index="3" bw="5" slack="0"/>
</pin_list>
<bind>
<opcode="getelementptr(29) " fcode="getelementptr"/>
<opset="a_3_addr/3 "/>
</bind>
</comp>

<comp id="773" class="1004" name="grp_access_fu_773">
<pin_list>
<pin id="774" dir="0" index="0" bw="5" slack="0"/>
<pin id="775" dir="0" index="1" bw="32" slack="0"/>
<pin id="776" dir="1" index="2" bw="32" slack="0"/>
</pin_list>
<bind>
<opcode="load(27) store(28) " fcode="load"/>
<opset="StgValue_368/3 a_3_load/23 "/>
</bind>
</comp>

<comp id="778" class="1004" name="a_2_addr_gep_fu_778">
<pin_list>
<pin id="779" dir="0" index="0" bw="32" slack="2147483647"/>
<pin id="780" dir="0" index="1" bw="1" slack="0"/>
<pin id="781" dir="0" index="2" bw="6" slack="0"/>
<pin id="782" dir="1" index="3" bw="5" slack="0"/>
</pin_list>
<bind>
<opcode="getelementptr(29) " fcode="getelementptr"/>
<opset="a_2_addr/3 "/>
</bind>
</comp>

<comp id="784" class="1004" name="grp_access_fu_784">
<pin_list>
<pin id="785" dir="0" index="0" bw="5" slack="0"/>
<pin id="786" dir="0" index="1" bw="32" slack="0"/>
<pin id="787" dir="1" index="2" bw="32" slack="0"/>
</pin_list>
<bind>
<opcode="load(27) store(28) " fcode="load"/>
<opset="StgValue_371/3 a_2_load/18 "/>
</bind>
</comp>

<comp id="789" class="1004" name="a_1_addr_gep_fu_789">
<pin_list>
<pin id="790" dir="0" index="0" bw="32" slack="2147483647"/>
<pin id="791" dir="0" index="1" bw="1" slack="0"/>
<pin id="792" dir="0" index="2" bw="6" slack="0"/>
<pin id="793" dir="1" index="3" bw="5" slack="0"/>
</pin_list>
<bind>
<opcode="getelementptr(29) " fcode="getelementptr"/>
<opset="a_1_addr/3 "/>
</bind>
</comp>

<comp id="795" class="1004" name="grp_access_fu_795">
<pin_list>
<pin id="796" dir="0" index="0" bw="5" slack="0"/>
<pin id="797" dir="0" index="1" bw="32" slack="0"/>
<pin id="798" dir="1" index="2" bw="32" slack="0"/>
</pin_list>
<bind>
<opcode="load(27) store(28) " fcode="load"/>
<opset="StgValue_374/3 a_1_load/13 "/>
</bind>
</comp>

<comp id="800" class="1004" name="a_0_addr_gep_fu_800">
<pin_list>
<pin id="801" dir="0" index="0" bw="32" slack="2147483647"/>
<pin id="802" dir="0" index="1" bw="1" slack="0"/>
<pin id="803" dir="0" index="2" bw="6" slack="0"/>
<pin id="804" dir="1" index="3" bw="5" slack="0"/>
</pin_list>
<bind>
<opcode="getelementptr(29) " fcode="getelementptr"/>
<opset="a_0_addr/3 "/>
</bind>
</comp>

<comp id="806" class="1004" name="grp_access_fu_806">
<pin_list>
<pin id="807" dir="0" index="0" bw="5" slack="0"/>
<pin id="808" dir="0" index="1" bw="32" slack="0"/>
<pin id="809" dir="1" index="2" bw="32" slack="0"/>
</pin_list>
<bind>
<opcode="load(27) store(28) " fcode="load"/>
<opset="StgValue_377/3 a_0_load/8 "/>
</bind>
</comp>

<comp id="811" class="1004" name="a_31_addr_gep_fu_811">
<pin_list>
<pin id="812" dir="0" index="0" bw="32" slack="2147483647"/>
<pin id="813" dir="0" index="1" bw="1" slack="0"/>
<pin id="814" dir="0" index="2" bw="6" slack="0"/>
<pin id="815" dir="1" index="3" bw="5" slack="0"/>
</pin_list>
<bind>
<opcode="getelementptr(29) " fcode="getelementptr"/>
<opset="a_31_addr/3 "/>
</bind>
</comp>

<comp id="817" class="1004" name="grp_access_fu_817">
<pin_list>
<pin id="818" dir="0" index="0" bw="5" slack="0"/>
<pin id="819" dir="0" index="1" bw="32" slack="0"/>
<pin id="820" dir="1" index="2" bw="32" slack="0"/>
</pin_list>
<bind>
<opcode="load(27) store(28) " fcode="load"/>
<opset="StgValue_380/3 a_31_load/158 "/>
</bind>
</comp>

<comp id="822" class="1004" name="b_0_addr_gep_fu_822">
<pin_list>
<pin id="823" dir="0" index="0" bw="32" slack="2147483647"/>
<pin id="824" dir="0" index="1" bw="1" slack="0"/>
<pin id="825" dir="0" index="2" bw="6" slack="0"/>
<pin id="826" dir="1" index="3" bw="5" slack="0"/>
</pin_list>
<bind>
<opcode="getelementptr(29) " fcode="getelementptr"/>
<opset="b_0_addr/6 "/>
</bind>
</comp>

<comp id="828" class="1004" name="b_1_addr_gep_fu_828">
<pin_list>
<pin id="829" dir="0" index="0" bw="32" slack="2147483647"/>
<pin id="830" dir="0" index="1" bw="1" slack="0"/>
<pin id="831" dir="0" index="2" bw="6" slack="0"/>
<pin id="832" dir="1" index="3" bw="5" slack="0"/>
</pin_list>
<bind>
<opcode="getelementptr(29) " fcode="getelementptr"/>
<opset="b_1_addr/6 "/>
</bind>
</comp>

<comp id="834" class="1004" name="b_2_addr_gep_fu_834">
<pin_list>
<pin id="835" dir="0" index="0" bw="32" slack="2147483647"/>
<pin id="836" dir="0" index="1" bw="1" slack="0"/>
<pin id="837" dir="0" index="2" bw="6" slack="0"/>
<pin id="838" dir="1" index="3" bw="5" slack="0"/>
</pin_list>
<bind>
<opcode="getelementptr(29) " fcode="getelementptr"/>
<opset="b_2_addr/6 "/>
</bind>
</comp>

<comp id="840" class="1004" name="b_3_addr_gep_fu_840">
<pin_list>
<pin id="841" dir="0" index="0" bw="32" slack="2147483647"/>
<pin id="842" dir="0" index="1" bw="1" slack="0"/>
<pin id="843" dir="0" index="2" bw="6" slack="0"/>
<pin id="844" dir="1" index="3" bw="5" slack="0"/>
</pin_list>
<bind>
<opcode="getelementptr(29) " fcode="getelementptr"/>
<opset="b_3_addr/6 "/>
</bind>
</comp>

<comp id="846" class="1004" name="b_4_addr_gep_fu_846">
<pin_list>
<pin id="847" dir="0" index="0" bw="32" slack="2147483647"/>
<pin id="848" dir="0" index="1" bw="1" slack="0"/>
<pin id="849" dir="0" index="2" bw="6" slack="0"/>
<pin id="850" dir="1" index="3" bw="5" slack="0"/>
</pin_list>
<bind>
<opcode="getelementptr(29) " fcode="getelementptr"/>
<opset="b_4_addr/6 "/>
</bind>
</comp>

<comp id="852" class="1004" name="b_5_addr_gep_fu_852">
<pin_list>
<pin id="853" dir="0" index="0" bw="32" slack="2147483647"/>
<pin id="854" dir="0" index="1" bw="1" slack="0"/>
<pin id="855" dir="0" index="2" bw="6" slack="0"/>
<pin id="856" dir="1" index="3" bw="5" slack="0"/>
</pin_list>
<bind>
<opcode="getelementptr(29) " fcode="getelementptr"/>
<opset="b_5_addr/6 "/>
</bind>
</comp>

<comp id="858" class="1004" name="b_6_addr_gep_fu_858">
<pin_list>
<pin id="859" dir="0" index="0" bw="32" slack="2147483647"/>
<pin id="860" dir="0" index="1" bw="1" slack="0"/>
<pin id="861" dir="0" index="2" bw="6" slack="0"/>
<pin id="862" dir="1" index="3" bw="5" slack="0"/>
</pin_list>
<bind>
<opcode="getelementptr(29) " fcode="getelementptr"/>
<opset="b_6_addr/6 "/>
</bind>
</comp>

<comp id="864" class="1004" name="b_7_addr_gep_fu_864">
<pin_list>
<pin id="865" dir="0" index="0" bw="32" slack="2147483647"/>
<pin id="866" dir="0" index="1" bw="1" slack="0"/>
<pin id="867" dir="0" index="2" bw="6" slack="0"/>
<pin id="868" dir="1" index="3" bw="5" slack="0"/>
</pin_list>
<bind>
<opcode="getelementptr(29) " fcode="getelementptr"/>
<opset="b_7_addr/6 "/>
</bind>
</comp>

<comp id="870" class="1004" name="b_8_addr_gep_fu_870">
<pin_list>
<pin id="871" dir="0" index="0" bw="32" slack="2147483647"/>
<pin id="872" dir="0" index="1" bw="1" slack="0"/>
<pin id="873" dir="0" index="2" bw="6" slack="0"/>
<pin id="874" dir="1" index="3" bw="5" slack="0"/>
</pin_list>
<bind>
<opcode="getelementptr(29) " fcode="getelementptr"/>
<opset="b_8_addr/6 "/>
</bind>
</comp>

<comp id="876" class="1004" name="b_9_addr_gep_fu_876">
<pin_list>
<pin id="877" dir="0" index="0" bw="32" slack="2147483647"/>
<pin id="878" dir="0" index="1" bw="1" slack="0"/>
<pin id="879" dir="0" index="2" bw="6" slack="0"/>
<pin id="880" dir="1" index="3" bw="5" slack="0"/>
</pin_list>
<bind>
<opcode="getelementptr(29) " fcode="getelementptr"/>
<opset="b_9_addr/6 "/>
</bind>
</comp>

<comp id="882" class="1004" name="b_10_addr_gep_fu_882">
<pin_list>
<pin id="883" dir="0" index="0" bw="32" slack="2147483647"/>
<pin id="884" dir="0" index="1" bw="1" slack="0"/>
<pin id="885" dir="0" index="2" bw="6" slack="0"/>
<pin id="886" dir="1" index="3" bw="5" slack="0"/>
</pin_list>
<bind>
<opcode="getelementptr(29) " fcode="getelementptr"/>
<opset="b_10_addr/6 "/>
</bind>
</comp>

<comp id="888" class="1004" name="b_11_addr_gep_fu_888">
<pin_list>
<pin id="889" dir="0" index="0" bw="32" slack="2147483647"/>
<pin id="890" dir="0" index="1" bw="1" slack="0"/>
<pin id="891" dir="0" index="2" bw="6" slack="0"/>
<pin id="892" dir="1" index="3" bw="5" slack="0"/>
</pin_list>
<bind>
<opcode="getelementptr(29) " fcode="getelementptr"/>
<opset="b_11_addr/6 "/>
</bind>
</comp>

<comp id="894" class="1004" name="b_12_addr_gep_fu_894">
<pin_list>
<pin id="895" dir="0" index="0" bw="32" slack="2147483647"/>
<pin id="896" dir="0" index="1" bw="1" slack="0"/>
<pin id="897" dir="0" index="2" bw="6" slack="0"/>
<pin id="898" dir="1" index="3" bw="5" slack="0"/>
</pin_list>
<bind>
<opcode="getelementptr(29) " fcode="getelementptr"/>
<opset="b_12_addr/6 "/>
</bind>
</comp>

<comp id="900" class="1004" name="b_13_addr_gep_fu_900">
<pin_list>
<pin id="901" dir="0" index="0" bw="32" slack="2147483647"/>
<pin id="902" dir="0" index="1" bw="1" slack="0"/>
<pin id="903" dir="0" index="2" bw="6" slack="0"/>
<pin id="904" dir="1" index="3" bw="5" slack="0"/>
</pin_list>
<bind>
<opcode="getelementptr(29) " fcode="getelementptr"/>
<opset="b_13_addr/6 "/>
</bind>
</comp>

<comp id="906" class="1004" name="b_14_addr_gep_fu_906">
<pin_list>
<pin id="907" dir="0" index="0" bw="32" slack="2147483647"/>
<pin id="908" dir="0" index="1" bw="1" slack="0"/>
<pin id="909" dir="0" index="2" bw="6" slack="0"/>
<pin id="910" dir="1" index="3" bw="5" slack="0"/>
</pin_list>
<bind>
<opcode="getelementptr(29) " fcode="getelementptr"/>
<opset="b_14_addr/6 "/>
</bind>
</comp>

<comp id="912" class="1004" name="b_15_addr_gep_fu_912">
<pin_list>
<pin id="913" dir="0" index="0" bw="32" slack="2147483647"/>
<pin id="914" dir="0" index="1" bw="1" slack="0"/>
<pin id="915" dir="0" index="2" bw="6" slack="0"/>
<pin id="916" dir="1" index="3" bw="5" slack="0"/>
</pin_list>
<bind>
<opcode="getelementptr(29) " fcode="getelementptr"/>
<opset="b_15_addr/6 "/>
</bind>
</comp>

<comp id="918" class="1004" name="b_16_addr_gep_fu_918">
<pin_list>
<pin id="919" dir="0" index="0" bw="32" slack="2147483647"/>
<pin id="920" dir="0" index="1" bw="1" slack="0"/>
<pin id="921" dir="0" index="2" bw="6" slack="0"/>
<pin id="922" dir="1" index="3" bw="5" slack="0"/>
</pin_list>
<bind>
<opcode="getelementptr(29) " fcode="getelementptr"/>
<opset="b_16_addr/6 "/>
</bind>
</comp>

<comp id="924" class="1004" name="b_17_addr_gep_fu_924">
<pin_list>
<pin id="925" dir="0" index="0" bw="32" slack="2147483647"/>
<pin id="926" dir="0" index="1" bw="1" slack="0"/>
<pin id="927" dir="0" index="2" bw="6" slack="0"/>
<pin id="928" dir="1" index="3" bw="5" slack="0"/>
</pin_list>
<bind>
<opcode="getelementptr(29) " fcode="getelementptr"/>
<opset="b_17_addr/6 "/>
</bind>
</comp>

<comp id="930" class="1004" name="b_18_addr_gep_fu_930">
<pin_list>
<pin id="931" dir="0" index="0" bw="32" slack="2147483647"/>
<pin id="932" dir="0" index="1" bw="1" slack="0"/>
<pin id="933" dir="0" index="2" bw="6" slack="0"/>
<pin id="934" dir="1" index="3" bw="5" slack="0"/>
</pin_list>
<bind>
<opcode="getelementptr(29) " fcode="getelementptr"/>
<opset="b_18_addr/6 "/>
</bind>
</comp>

<comp id="936" class="1004" name="b_19_addr_gep_fu_936">
<pin_list>
<pin id="937" dir="0" index="0" bw="32" slack="2147483647"/>
<pin id="938" dir="0" index="1" bw="1" slack="0"/>
<pin id="939" dir="0" index="2" bw="6" slack="0"/>
<pin id="940" dir="1" index="3" bw="5" slack="0"/>
</pin_list>
<bind>
<opcode="getelementptr(29) " fcode="getelementptr"/>
<opset="b_19_addr/6 "/>
</bind>
</comp>

<comp id="942" class="1004" name="b_20_addr_gep_fu_942">
<pin_list>
<pin id="943" dir="0" index="0" bw="32" slack="2147483647"/>
<pin id="944" dir="0" index="1" bw="1" slack="0"/>
<pin id="945" dir="0" index="2" bw="6" slack="0"/>
<pin id="946" dir="1" index="3" bw="5" slack="0"/>
</pin_list>
<bind>
<opcode="getelementptr(29) " fcode="getelementptr"/>
<opset="b_20_addr/6 "/>
</bind>
</comp>

<comp id="948" class="1004" name="b_21_addr_gep_fu_948">
<pin_list>
<pin id="949" dir="0" index="0" bw="32" slack="2147483647"/>
<pin id="950" dir="0" index="1" bw="1" slack="0"/>
<pin id="951" dir="0" index="2" bw="6" slack="0"/>
<pin id="952" dir="1" index="3" bw="5" slack="0"/>
</pin_list>
<bind>
<opcode="getelementptr(29) " fcode="getelementptr"/>
<opset="b_21_addr/6 "/>
</bind>
</comp>

<comp id="954" class="1004" name="b_22_addr_gep_fu_954">
<pin_list>
<pin id="955" dir="0" index="0" bw="32" slack="2147483647"/>
<pin id="956" dir="0" index="1" bw="1" slack="0"/>
<pin id="957" dir="0" index="2" bw="6" slack="0"/>
<pin id="958" dir="1" index="3" bw="5" slack="0"/>
</pin_list>
<bind>
<opcode="getelementptr(29) " fcode="getelementptr"/>
<opset="b_22_addr/6 "/>
</bind>
</comp>

<comp id="960" class="1004" name="b_23_addr_gep_fu_960">
<pin_list>
<pin id="961" dir="0" index="0" bw="32" slack="2147483647"/>
<pin id="962" dir="0" index="1" bw="1" slack="0"/>
<pin id="963" dir="0" index="2" bw="6" slack="0"/>
<pin id="964" dir="1" index="3" bw="5" slack="0"/>
</pin_list>
<bind>
<opcode="getelementptr(29) " fcode="getelementptr"/>
<opset="b_23_addr/6 "/>
</bind>
</comp>

<comp id="966" class="1004" name="b_24_addr_gep_fu_966">
<pin_list>
<pin id="967" dir="0" index="0" bw="32" slack="2147483647"/>
<pin id="968" dir="0" index="1" bw="1" slack="0"/>
<pin id="969" dir="0" index="2" bw="6" slack="0"/>
<pin id="970" dir="1" index="3" bw="5" slack="0"/>
</pin_list>
<bind>
<opcode="getelementptr(29) " fcode="getelementptr"/>
<opset="b_24_addr/6 "/>
</bind>
</comp>

<comp id="972" class="1004" name="b_25_addr_gep_fu_972">
<pin_list>
<pin id="973" dir="0" index="0" bw="32" slack="2147483647"/>
<pin id="974" dir="0" index="1" bw="1" slack="0"/>
<pin id="975" dir="0" index="2" bw="6" slack="0"/>
<pin id="976" dir="1" index="3" bw="5" slack="0"/>
</pin_list>
<bind>
<opcode="getelementptr(29) " fcode="getelementptr"/>
<opset="b_25_addr/6 "/>
</bind>
</comp>

<comp id="978" class="1004" name="b_26_addr_gep_fu_978">
<pin_list>
<pin id="979" dir="0" index="0" bw="32" slack="2147483647"/>
<pin id="980" dir="0" index="1" bw="1" slack="0"/>
<pin id="981" dir="0" index="2" bw="6" slack="0"/>
<pin id="982" dir="1" index="3" bw="5" slack="0"/>
</pin_list>
<bind>
<opcode="getelementptr(29) " fcode="getelementptr"/>
<opset="b_26_addr/6 "/>
</bind>
</comp>

<comp id="984" class="1004" name="b_27_addr_gep_fu_984">
<pin_list>
<pin id="985" dir="0" index="0" bw="32" slack="2147483647"/>
<pin id="986" dir="0" index="1" bw="1" slack="0"/>
<pin id="987" dir="0" index="2" bw="6" slack="0"/>
<pin id="988" dir="1" index="3" bw="5" slack="0"/>
</pin_list>
<bind>
<opcode="getelementptr(29) " fcode="getelementptr"/>
<opset="b_27_addr/6 "/>
</bind>
</comp>

<comp id="990" class="1004" name="b_28_addr_gep_fu_990">
<pin_list>
<pin id="991" dir="0" index="0" bw="32" slack="2147483647"/>
<pin id="992" dir="0" index="1" bw="1" slack="0"/>
<pin id="993" dir="0" index="2" bw="6" slack="0"/>
<pin id="994" dir="1" index="3" bw="5" slack="0"/>
</pin_list>
<bind>
<opcode="getelementptr(29) " fcode="getelementptr"/>
<opset="b_28_addr/6 "/>
</bind>
</comp>

<comp id="996" class="1004" name="b_29_addr_gep_fu_996">
<pin_list>
<pin id="997" dir="0" index="0" bw="32" slack="2147483647"/>
<pin id="998" dir="0" index="1" bw="1" slack="0"/>
<pin id="999" dir="0" index="2" bw="6" slack="0"/>
<pin id="1000" dir="1" index="3" bw="5" slack="0"/>
</pin_list>
<bind>
<opcode="getelementptr(29) " fcode="getelementptr"/>
<opset="b_29_addr/6 "/>
</bind>
</comp>

<comp id="1002" class="1004" name="b_30_addr_gep_fu_1002">
<pin_list>
<pin id="1003" dir="0" index="0" bw="32" slack="2147483647"/>
<pin id="1004" dir="0" index="1" bw="1" slack="0"/>
<pin id="1005" dir="0" index="2" bw="6" slack="0"/>
<pin id="1006" dir="1" index="3" bw="5" slack="0"/>
</pin_list>
<bind>
<opcode="getelementptr(29) " fcode="getelementptr"/>
<opset="b_30_addr/6 "/>
</bind>
</comp>

<comp id="1008" class="1004" name="b_31_addr_gep_fu_1008">
<pin_list>
<pin id="1009" dir="0" index="0" bw="32" slack="2147483647"/>
<pin id="1010" dir="0" index="1" bw="1" slack="0"/>
<pin id="1011" dir="0" index="2" bw="6" slack="0"/>
<pin id="1012" dir="1" index="3" bw="5" slack="0"/>
</pin_list>
<bind>
<opcode="getelementptr(29) " fcode="getelementptr"/>
<opset="b_31_addr/6 "/>
</bind>
</comp>

<comp id="1014" class="1004" name="grp_access_fu_1014">
<pin_list>
<pin id="1015" dir="0" index="0" bw="5" slack="0"/>
<pin id="1016" dir="0" index="1" bw="32" slack="0"/>
<pin id="1017" dir="1" index="2" bw="32" slack="0"/>
</pin_list>
<bind>
<opcode="load(27) store(28) " fcode="load"/>
<opset="StgValue_438/6 b_30_load/158 "/>
</bind>
</comp>

<comp id="1019" class="1004" name="grp_access_fu_1019">
<pin_list>
<pin id="1020" dir="0" index="0" bw="5" slack="0"/>
<pin id="1021" dir="0" index="1" bw="32" slack="0"/>
<pin id="1022" dir="1" index="2" bw="32" slack="0"/>
</pin_list>
<bind>
<opcode="load(27) store(28) " fcode="load"/>
<opset="StgValue_440/6 b_29_load/153 "/>
</bind>
</comp>

<comp id="1024" class="1004" name="grp_access_fu_1024">
<pin_list>
<pin id="1025" dir="0" index="0" bw="5" slack="0"/>
<pin id="1026" dir="0" index="1" bw="32" slack="0"/>
<pin id="1027" dir="1" index="2" bw="32" slack="0"/>
</pin_list>
<bind>
<opcode="load(27) store(28) " fcode="load"/>
<opset="StgValue_442/6 b_28_load/148 "/>
</bind>
</comp>

<comp id="1029" class="1004" name="grp_access_fu_1029">
<pin_list>
<pin id="1030" dir="0" index="0" bw="5" slack="0"/>
<pin id="1031" dir="0" index="1" bw="32" slack="0"/>
<pin id="1032" dir="1" index="2" bw="32" slack="0"/>
</pin_list>
<bind>
<opcode="load(27) store(28) " fcode="load"/>
<opset="StgValue_444/6 b_27_load/143 "/>
</bind>
</comp>

<comp id="1034" class="1004" name="grp_access_fu_1034">
<pin_list>
<pin id="1035" dir="0" index="0" bw="5" slack="0"/>
<pin id="1036" dir="0" index="1" bw="32" slack="0"/>
<pin id="1037" dir="1" index="2" bw="32" slack="0"/>
</pin_list>
<bind>
<opcode="load(27) store(28) " fcode="load"/>
<opset="StgValue_446/6 b_26_load/138 "/>
</bind>
</comp>

<comp id="1039" class="1004" name="grp_access_fu_1039">
<pin_list>
<pin id="1040" dir="0" index="0" bw="5" slack="0"/>
<pin id="1041" dir="0" index="1" bw="32" slack="0"/>
<pin id="1042" dir="1" index="2" bw="32" slack="0"/>
</pin_list>
<bind>
<opcode="load(27) store(28) " fcode="load"/>
<opset="StgValue_448/6 b_25_load/133 "/>
</bind>
</comp>

<comp id="1044" class="1004" name="grp_access_fu_1044">
<pin_list>
<pin id="1045" dir="0" index="0" bw="5" slack="0"/>
<pin id="1046" dir="0" index="1" bw="32" slack="0"/>
<pin id="1047" dir="1" index="2" bw="32" slack="0"/>
</pin_list>
<bind>
<opcode="load(27) store(28) " fcode="load"/>
<opset="StgValue_450/6 b_24_load/128 "/>
</bind>
</comp>

<comp id="1049" class="1004" name="grp_access_fu_1049">
<pin_list>
<pin id="1050" dir="0" index="0" bw="5" slack="0"/>
<pin id="1051" dir="0" index="1" bw="32" slack="0"/>
<pin id="1052" dir="1" index="2" bw="32" slack="0"/>
</pin_list>
<bind>
<opcode="load(27) store(28) " fcode="load"/>
<opset="StgValue_452/6 b_23_load/123 "/>
</bind>
</comp>

<comp id="1054" class="1004" name="grp_access_fu_1054">
<pin_list>
<pin id="1055" dir="0" index="0" bw="5" slack="0"/>
<pin id="1056" dir="0" index="1" bw="32" slack="0"/>
<pin id="1057" dir="1" index="2" bw="32" slack="0"/>
</pin_list>
<bind>
<opcode="load(27) store(28) " fcode="load"/>
<opset="StgValue_454/6 b_22_load/118 "/>
</bind>
</comp>

<comp id="1059" class="1004" name="grp_access_fu_1059">
<pin_list>
<pin id="1060" dir="0" index="0" bw="5" slack="0"/>
<pin id="1061" dir="0" index="1" bw="32" slack="0"/>
<pin id="1062" dir="1" index="2" bw="32" slack="0"/>
</pin_list>
<bind>
<opcode="load(27) store(28) " fcode="load"/>
<opset="StgValue_456/6 b_21_load/113 "/>
</bind>
</comp>

<comp id="1064" class="1004" name="grp_access_fu_1064">
<pin_list>
<pin id="1065" dir="0" index="0" bw="5" slack="0"/>
<pin id="1066" dir="0" index="1" bw="32" slack="0"/>
<pin id="1067" dir="1" index="2" bw="32" slack="0"/>
</pin_list>
<bind>
<opcode="load(27) store(28) " fcode="load"/>
<opset="StgValue_458/6 b_20_load/108 "/>
</bind>
</comp>

<comp id="1069" class="1004" name="grp_access_fu_1069">
<pin_list>
<pin id="1070" dir="0" index="0" bw="5" slack="0"/>
<pin id="1071" dir="0" index="1" bw="32" slack="0"/>
<pin id="1072" dir="1" index="2" bw="32" slack="0"/>
</pin_list>
<bind>
<opcode="load(27) store(28) " fcode="load"/>
<opset="StgValue_460/6 b_19_load/103 "/>
</bind>
</comp>

<comp id="1074" class="1004" name="grp_access_fu_1074">
<pin_list>
<pin id="1075" dir="0" index="0" bw="5" slack="0"/>
<pin id="1076" dir="0" index="1" bw="32" slack="0"/>
<pin id="1077" dir="1" index="2" bw="32" slack="0"/>
</pin_list>
<bind>
<opcode="load(27) store(28) " fcode="load"/>
<opset="StgValue_462/6 b_18_load/98 "/>
</bind>
</comp>

<comp id="1079" class="1004" name="grp_access_fu_1079">
<pin_list>
<pin id="1080" dir="0" index="0" bw="5" slack="0"/>
<pin id="1081" dir="0" index="1" bw="32" slack="0"/>
<pin id="1082" dir="1" index="2" bw="32" slack="0"/>
</pin_list>
<bind>
<opcode="load(27) store(28) " fcode="load"/>
<opset="StgValue_464/6 b_17_load/93 "/>
</bind>
</comp>

<comp id="1084" class="1004" name="grp_access_fu_1084">
<pin_list>
<pin id="1085" dir="0" index="0" bw="5" slack="0"/>
<pin id="1086" dir="0" index="1" bw="32" slack="0"/>
<pin id="1087" dir="1" index="2" bw="32" slack="0"/>
</pin_list>
<bind>
<opcode="load(27) store(28) " fcode="load"/>
<opset="StgValue_466/6 b_16_load/88 "/>
</bind>
</comp>

<comp id="1089" class="1004" name="grp_access_fu_1089">
<pin_list>
<pin id="1090" dir="0" index="0" bw="5" slack="0"/>
<pin id="1091" dir="0" index="1" bw="32" slack="0"/>
<pin id="1092" dir="1" index="2" bw="32" slack="0"/>
</pin_list>
<bind>
<opcode="load(27) store(28) " fcode="load"/>
<opset="StgValue_468/6 b_15_load/83 "/>
</bind>
</comp>

<comp id="1094" class="1004" name="grp_access_fu_1094">
<pin_list>
<pin id="1095" dir="0" index="0" bw="5" slack="0"/>
<pin id="1096" dir="0" index="1" bw="32" slack="0"/>
<pin id="1097" dir="1" index="2" bw="32" slack="0"/>
</pin_list>
<bind>
<opcode="load(27) store(28) " fcode="load"/>
<opset="StgValue_470/6 b_14_load/78 "/>
</bind>
</comp>

<comp id="1099" class="1004" name="grp_access_fu_1099">
<pin_list>
<pin id="1100" dir="0" index="0" bw="5" slack="0"/>
<pin id="1101" dir="0" index="1" bw="32" slack="0"/>
<pin id="1102" dir="1" index="2" bw="32" slack="0"/>
</pin_list>
<bind>
<opcode="load(27) store(28) " fcode="load"/>
<opset="StgValue_472/6 b_13_load/73 "/>
</bind>
</comp>

<comp id="1104" class="1004" name="grp_access_fu_1104">
<pin_list>
<pin id="1105" dir="0" index="0" bw="5" slack="0"/>
<pin id="1106" dir="0" index="1" bw="32" slack="0"/>
<pin id="1107" dir="1" index="2" bw="32" slack="0"/>
</pin_list>
<bind>
<opcode="load(27) store(28) " fcode="load"/>
<opset="StgValue_474/6 b_12_load/68 "/>
</bind>
</comp>

<comp id="1109" class="1004" name="grp_access_fu_1109">
<pin_list>
<pin id="1110" dir="0" index="0" bw="5" slack="0"/>
<pin id="1111" dir="0" index="1" bw="32" slack="0"/>
<pin id="1112" dir="1" index="2" bw="32" slack="0"/>
</pin_list>
<bind>
<opcode="load(27) store(28) " fcode="load"/>
<opset="StgValue_476/6 b_11_load/63 "/>
</bind>
</comp>

<comp id="1114" class="1004" name="grp_access_fu_1114">
<pin_list>
<pin id="1115" dir="0" index="0" bw="5" slack="0"/>
<pin id="1116" dir="0" index="1" bw="32" slack="0"/>
<pin id="1117" dir="1" index="2" bw="32" slack="0"/>
</pin_list>
<bind>
<opcode="load(27) store(28) " fcode="load"/>
<opset="StgValue_478/6 b_10_load/58 "/>
</bind>
</comp>

<comp id="1119" class="1004" name="grp_access_fu_1119">
<pin_list>
<pin id="1120" dir="0" index="0" bw="5" slack="0"/>
<pin id="1121" dir="0" index="1" bw="32" slack="0"/>
<pin id="1122" dir="1" index="2" bw="32" slack="0"/>
</pin_list>
<bind>
<opcode="load(27) store(28) " fcode="load"/>
<opset="StgValue_480/6 b_9_load/53 "/>
</bind>
</comp>

<comp id="1124" class="1004" name="grp_access_fu_1124">
<pin_list>
<pin id="1125" dir="0" index="0" bw="5" slack="0"/>
<pin id="1126" dir="0" index="1" bw="32" slack="0"/>
<pin id="1127" dir="1" index="2" bw="32" slack="0"/>
</pin_list>
<bind>
<opcode="load(27) store(28) " fcode="load"/>
<opset="StgValue_482/6 b_8_load/48 "/>
</bind>
</comp>

<comp id="1129" class="1004" name="grp_access_fu_1129">
<pin_list>
<pin id="1130" dir="0" index="0" bw="5" slack="0"/>
<pin id="1131" dir="0" index="1" bw="32" slack="0"/>
<pin id="1132" dir="1" index="2" bw="32" slack="0"/>
</pin_list>
<bind>
<opcode="load(27) store(28) " fcode="load"/>
<opset="StgValue_484/6 b_7_load/43 "/>
</bind>
</comp>

<comp id="1134" class="1004" name="grp_access_fu_1134">
<pin_list>
<pin id="1135" dir="0" index="0" bw="5" slack="0"/>
<pin id="1136" dir="0" index="1" bw="32" slack="0"/>
<pin id="1137" dir="1" index="2" bw="32" slack="0"/>
</pin_list>
<bind>
<opcode="load(27) store(28) " fcode="load"/>
<opset="StgValue_486/6 b_6_load/38 "/>
</bind>
</comp>

<comp id="1139" class="1004" name="grp_access_fu_1139">
<pin_list>
<pin id="1140" dir="0" index="0" bw="5" slack="0"/>
<pin id="1141" dir="0" index="1" bw="32" slack="0"/>
<pin id="1142" dir="1" index="2" bw="32" slack="0"/>
</pin_list>
<bind>
<opcode="load(27) store(28) " fcode="load"/>
<opset="StgValue_488/6 b_5_load/33 "/>
</bind>
</comp>

<comp id="1144" class="1004" name="grp_access_fu_1144">
<pin_list>
<pin id="1145" dir="0" index="0" bw="5" slack="0"/>
<pin id="1146" dir="0" index="1" bw="32" slack="0"/>
<pin id="1147" dir="1" index="2" bw="32" slack="0"/>
</pin_list>
<bind>
<opcode="load(27) store(28) " fcode="load"/>
<opset="StgValue_490/6 b_4_load/28 "/>
</bind>
</comp>

<comp id="1149" class="1004" name="grp_access_fu_1149">
<pin_list>
<pin id="1150" dir="0" index="0" bw="5" slack="0"/>
<pin id="1151" dir="0" index="1" bw="32" slack="0"/>
<pin id="1152" dir="1" index="2" bw="32" slack="0"/>
</pin_list>
<bind>
<opcode="load(27) store(28) " fcode="load"/>
<opset="StgValue_492/6 b_3_load/23 "/>
</bind>
</comp>

<comp id="1154" class="1004" name="grp_access_fu_1154">
<pin_list>
<pin id="1155" dir="0" index="0" bw="5" slack="0"/>
<pin id="1156" dir="0" index="1" bw="32" slack="0"/>
<pin id="1157" dir="1" index="2" bw="32" slack="0"/>
</pin_list>
<bind>
<opcode="load(27) store(28) " fcode="load"/>
<opset="StgValue_494/6 b_2_load/18 "/>
</bind>
</comp>

<comp id="1159" class="1004" name="grp_access_fu_1159">
<pin_list>
<pin id="1160" dir="0" index="0" bw="5" slack="0"/>
<pin id="1161" dir="0" index="1" bw="32" slack="0"/>
<pin id="1162" dir="1" index="2" bw="32" slack="0"/>
</pin_list>
<bind>
<opcode="load(27) store(28) " fcode="load"/>
<opset="StgValue_496/6 b_1_load/13 "/>
</bind>
</comp>

<comp id="1164" class="1004" name="grp_access_fu_1164">
<pin_list>
<pin id="1165" dir="0" index="0" bw="5" slack="0"/>
<pin id="1166" dir="0" index="1" bw="32" slack="0"/>
<pin id="1167" dir="1" index="2" bw="32" slack="0"/>
</pin_list>
<bind>
<opcode="load(27) store(28) " fcode="load"/>
<opset="StgValue_498/6 b_0_load/8 "/>
</bind>
</comp>

<comp id="1169" class="1004" name="grp_access_fu_1169">
<pin_list>
<pin id="1170" dir="0" index="0" bw="5" slack="0"/>
<pin id="1171" dir="0" index="1" bw="32" slack="0"/>
<pin id="1172" dir="1" index="2" bw="32" slack="0"/>
</pin_list>
<bind>
<opcode="load(27) store(28) " fcode="load"/>
<opset="StgValue_500/6 b_31_load/158 "/>
</bind>
</comp>

<comp id="1174" class="1004" name="a_0_addr_1_gep_fu_1174">
<pin_list>
<pin id="1175" dir="0" index="0" bw="32" slack="2147483647"/>
<pin id="1176" dir="0" index="1" bw="1" slack="0"/>
<pin id="1177" dir="0" index="2" bw="6" slack="0"/>
<pin id="1178" dir="1" index="3" bw="5" slack="0"/>
</pin_list>
<bind>
<opcode="getelementptr(29) " fcode="getelementptr"/>
<opset="a_0_addr_1/8 "/>
</bind>
</comp>

<comp id="1181" class="1004" name="b_0_addr_1_gep_fu_1181">
<pin_list>
<pin id="1182" dir="0" index="0" bw="32" slack="2147483647"/>
<pin id="1183" dir="0" index="1" bw="1" slack="0"/>
<pin id="1184" dir="0" index="2" bw="6" slack="0"/>
<pin id="1185" dir="1" index="3" bw="5" slack="0"/>
</pin_list>
<bind>
<opcode="getelementptr(29) " fcode="getelementptr"/>
<opset="b_0_addr_1/8 "/>
</bind>
</comp>

<comp id="1188" class="1004" name="a_1_addr_1_gep_fu_1188">
<pin_list>
<pin id="1189" dir="0" index="0" bw="32" slack="2147483647"/>
<pin id="1190" dir="0" index="1" bw="1" slack="0"/>
<pin id="1191" dir="0" index="2" bw="6" slack="5"/>
<pin id="1192" dir="1" index="3" bw="5" slack="0"/>
</pin_list>
<bind>
<opcode="getelementptr(29) " fcode="getelementptr"/>
<opset="a_1_addr_1/13 "/>
</bind>
</comp>

<comp id="1195" class="1004" name="b_1_addr_1_gep_fu_1195">
<pin_list>
<pin id="1196" dir="0" index="0" bw="32" slack="2147483647"/>
<pin id="1197" dir="0" index="1" bw="1" slack="0"/>
<pin id="1198" dir="0" index="2" bw="6" slack="5"/>
<pin id="1199" dir="1" index="3" bw="5" slack="0"/>
</pin_list>
<bind>
<opcode="getelementptr(29) " fcode="getelementptr"/>
<opset="b_1_addr_1/13 "/>
</bind>
</comp>

<comp id="1202" class="1004" name="a_2_addr_1_gep_fu_1202">
<pin_list>
<pin id="1203" dir="0" index="0" bw="32" slack="2147483647"/>
<pin id="1204" dir="0" index="1" bw="1" slack="0"/>
<pin id="1205" dir="0" index="2" bw="6" slack="10"/>
<pin id="1206" dir="1" index="3" bw="5" slack="0"/>
</pin_list>
<bind>
<opcode="getelementptr(29) " fcode="getelementptr"/>
<opset="a_2_addr_1/18 "/>
</bind>
</comp>

<comp id="1209" class="1004" name="b_2_addr_1_gep_fu_1209">
<pin_list>
<pin id="1210" dir="0" index="0" bw="32" slack="2147483647"/>
<pin id="1211" dir="0" index="1" bw="1" slack="0"/>
<pin id="1212" dir="0" index="2" bw="6" slack="10"/>
<pin id="1213" dir="1" index="3" bw="5" slack="0"/>
</pin_list>
<bind>
<opcode="getelementptr(29) " fcode="getelementptr"/>
<opset="b_2_addr_1/18 "/>
</bind>
</comp>

<comp id="1216" class="1004" name="a_3_addr_1_gep_fu_1216">
<pin_list>
<pin id="1217" dir="0" index="0" bw="32" slack="2147483647"/>
<pin id="1218" dir="0" index="1" bw="1" slack="0"/>
<pin id="1219" dir="0" index="2" bw="6" slack="15"/>
<pin id="1220" dir="1" index="3" bw="5" slack="0"/>
</pin_list>
<bind>
<opcode="getelementptr(29) " fcode="getelementptr"/>
<opset="a_3_addr_1/23 "/>
</bind>
</comp>

<comp id="1223" class="1004" name="b_3_addr_1_gep_fu_1223">
<pin_list>
<pin id="1224" dir="0" index="0" bw="32" slack="2147483647"/>
<pin id="1225" dir="0" index="1" bw="1" slack="0"/>
<pin id="1226" dir="0" index="2" bw="6" slack="15"/>
<pin id="1227" dir="1" index="3" bw="5" slack="0"/>
</pin_list>
<bind>
<opcode="getelementptr(29) " fcode="getelementptr"/>
<opset="b_3_addr_1/23 "/>
</bind>
</comp>

<comp id="1230" class="1004" name="a_4_addr_1_gep_fu_1230">
<pin_list>
<pin id="1231" dir="0" index="0" bw="32" slack="2147483647"/>
<pin id="1232" dir="0" index="1" bw="1" slack="0"/>
<pin id="1233" dir="0" index="2" bw="6" slack="20"/>
<pin id="1234" dir="1" index="3" bw="5" slack="0"/>
</pin_list>
<bind>
<opcode="getelementptr(29) " fcode="getelementptr"/>
<opset="a_4_addr_1/28 "/>
</bind>
</comp>

<comp id="1237" class="1004" name="b_4_addr_1_gep_fu_1237">
<pin_list>
<pin id="1238" dir="0" index="0" bw="32" slack="2147483647"/>
<pin id="1239" dir="0" index="1" bw="1" slack="0"/>
<pin id="1240" dir="0" index="2" bw="6" slack="20"/>
<pin id="1241" dir="1" index="3" bw="5" slack="0"/>
</pin_list>
<bind>
<opcode="getelementptr(29) " fcode="getelementptr"/>
<opset="b_4_addr_1/28 "/>
</bind>
</comp>

<comp id="1244" class="1004" name="a_5_addr_1_gep_fu_1244">
<pin_list>
<pin id="1245" dir="0" index="0" bw="32" slack="2147483647"/>
<pin id="1246" dir="0" index="1" bw="1" slack="0"/>
<pin id="1247" dir="0" index="2" bw="6" slack="25"/>
<pin id="1248" dir="1" index="3" bw="5" slack="0"/>
</pin_list>
<bind>
<opcode="getelementptr(29) " fcode="getelementptr"/>
<opset="a_5_addr_1/33 "/>
</bind>
</comp>

<comp id="1251" class="1004" name="b_5_addr_1_gep_fu_1251">
<pin_list>
<pin id="1252" dir="0" index="0" bw="32" slack="2147483647"/>
<pin id="1253" dir="0" index="1" bw="1" slack="0"/>
<pin id="1254" dir="0" index="2" bw="6" slack="25"/>
<pin id="1255" dir="1" index="3" bw="5" slack="0"/>
</pin_list>
<bind>
<opcode="getelementptr(29) " fcode="getelementptr"/>
<opset="b_5_addr_1/33 "/>
</bind>
</comp>

<comp id="1258" class="1004" name="a_6_addr_1_gep_fu_1258">
<pin_list>
<pin id="1259" dir="0" index="0" bw="32" slack="2147483647"/>
<pin id="1260" dir="0" index="1" bw="1" slack="0"/>
<pin id="1261" dir="0" index="2" bw="6" slack="30"/>
<pin id="1262" dir="1" index="3" bw="5" slack="0"/>
</pin_list>
<bind>
<opcode="getelementptr(29) " fcode="getelementptr"/>
<opset="a_6_addr_1/38 "/>
</bind>
</comp>

<comp id="1265" class="1004" name="b_6_addr_1_gep_fu_1265">
<pin_list>
<pin id="1266" dir="0" index="0" bw="32" slack="2147483647"/>
<pin id="1267" dir="0" index="1" bw="1" slack="0"/>
<pin id="1268" dir="0" index="2" bw="6" slack="30"/>
<pin id="1269" dir="1" index="3" bw="5" slack="0"/>
</pin_list>
<bind>
<opcode="getelementptr(29) " fcode="getelementptr"/>
<opset="b_6_addr_1/38 "/>
</bind>
</comp>

<comp id="1272" class="1004" name="a_7_addr_1_gep_fu_1272">
<pin_list>
<pin id="1273" dir="0" index="0" bw="32" slack="2147483647"/>
<pin id="1274" dir="0" index="1" bw="1" slack="0"/>
<pin id="1275" dir="0" index="2" bw="6" slack="35"/>
<pin id="1276" dir="1" index="3" bw="5" slack="0"/>
</pin_list>
<bind>
<opcode="getelementptr(29) " fcode="getelementptr"/>
<opset="a_7_addr_1/43 "/>
</bind>
</comp>

<comp id="1279" class="1004" name="b_7_addr_1_gep_fu_1279">
<pin_list>
<pin id="1280" dir="0" index="0" bw="32" slack="2147483647"/>
<pin id="1281" dir="0" index="1" bw="1" slack="0"/>
<pin id="1282" dir="0" index="2" bw="6" slack="35"/>
<pin id="1283" dir="1" index="3" bw="5" slack="0"/>
</pin_list>
<bind>
<opcode="getelementptr(29) " fcode="getelementptr"/>
<opset="b_7_addr_1/43 "/>
</bind>
</comp>

<comp id="1286" class="1004" name="a_8_addr_1_gep_fu_1286">
<pin_list>
<pin id="1287" dir="0" index="0" bw="32" slack="2147483647"/>
<pin id="1288" dir="0" index="1" bw="1" slack="0"/>
<pin id="1289" dir="0" index="2" bw="6" slack="40"/>
<pin id="1290" dir="1" index="3" bw="5" slack="0"/>
</pin_list>
<bind>
<opcode="getelementptr(29) " fcode="getelementptr"/>
<opset="a_8_addr_1/48 "/>
</bind>
</comp>

<comp id="1293" class="1004" name="b_8_addr_1_gep_fu_1293">
<pin_list>
<pin id="1294" dir="0" index="0" bw="32" slack="2147483647"/>
<pin id="1295" dir="0" index="1" bw="1" slack="0"/>
<pin id="1296" dir="0" index="2" bw="6" slack="40"/>
<pin id="1297" dir="1" index="3" bw="5" slack="0"/>
</pin_list>
<bind>
<opcode="getelementptr(29) " fcode="getelementptr"/>
<opset="b_8_addr_1/48 "/>
</bind>
</comp>

<comp id="1300" class="1004" name="a_9_addr_1_gep_fu_1300">
<pin_list>
<pin id="1301" dir="0" index="0" bw="32" slack="2147483647"/>
<pin id="1302" dir="0" index="1" bw="1" slack="0"/>
<pin id="1303" dir="0" index="2" bw="6" slack="45"/>
<pin id="1304" dir="1" index="3" bw="5" slack="0"/>
</pin_list>
<bind>
<opcode="getelementptr(29) " fcode="getelementptr"/>
<opset="a_9_addr_1/53 "/>
</bind>
</comp>

<comp id="1307" class="1004" name="b_9_addr_1_gep_fu_1307">
<pin_list>
<pin id="1308" dir="0" index="0" bw="32" slack="2147483647"/>
<pin id="1309" dir="0" index="1" bw="1" slack="0"/>
<pin id="1310" dir="0" index="2" bw="6" slack="45"/>
<pin id="1311" dir="1" index="3" bw="5" slack="0"/>
</pin_list>
<bind>
<opcode="getelementptr(29) " fcode="getelementptr"/>
<opset="b_9_addr_1/53 "/>
</bind>
</comp>

<comp id="1314" class="1004" name="a_10_addr_1_gep_fu_1314">
<pin_list>
<pin id="1315" dir="0" index="0" bw="32" slack="2147483647"/>
<pin id="1316" dir="0" index="1" bw="1" slack="0"/>
<pin id="1317" dir="0" index="2" bw="6" slack="50"/>
<pin id="1318" dir="1" index="3" bw="5" slack="0"/>
</pin_list>
<bind>
<opcode="getelementptr(29) " fcode="getelementptr"/>
<opset="a_10_addr_1/58 "/>
</bind>
</comp>

<comp id="1321" class="1004" name="b_10_addr_1_gep_fu_1321">
<pin_list>
<pin id="1322" dir="0" index="0" bw="32" slack="2147483647"/>
<pin id="1323" dir="0" index="1" bw="1" slack="0"/>
<pin id="1324" dir="0" index="2" bw="6" slack="50"/>
<pin id="1325" dir="1" index="3" bw="5" slack="0"/>
</pin_list>
<bind>
<opcode="getelementptr(29) " fcode="getelementptr"/>
<opset="b_10_addr_1/58 "/>
</bind>
</comp>

<comp id="1328" class="1004" name="a_11_addr_1_gep_fu_1328">
<pin_list>
<pin id="1329" dir="0" index="0" bw="32" slack="2147483647"/>
<pin id="1330" dir="0" index="1" bw="1" slack="0"/>
<pin id="1331" dir="0" index="2" bw="6" slack="55"/>
<pin id="1332" dir="1" index="3" bw="5" slack="0"/>
</pin_list>
<bind>
<opcode="getelementptr(29) " fcode="getelementptr"/>
<opset="a_11_addr_1/63 "/>
</bind>
</comp>

<comp id="1335" class="1004" name="b_11_addr_1_gep_fu_1335">
<pin_list>
<pin id="1336" dir="0" index="0" bw="32" slack="2147483647"/>
<pin id="1337" dir="0" index="1" bw="1" slack="0"/>
<pin id="1338" dir="0" index="2" bw="6" slack="55"/>
<pin id="1339" dir="1" index="3" bw="5" slack="0"/>
</pin_list>
<bind>
<opcode="getelementptr(29) " fcode="getelementptr"/>
<opset="b_11_addr_1/63 "/>
</bind>
</comp>

<comp id="1342" class="1004" name="a_12_addr_1_gep_fu_1342">
<pin_list>
<pin id="1343" dir="0" index="0" bw="32" slack="2147483647"/>
<pin id="1344" dir="0" index="1" bw="1" slack="0"/>
<pin id="1345" dir="0" index="2" bw="6" slack="60"/>
<pin id="1346" dir="1" index="3" bw="5" slack="0"/>
</pin_list>
<bind>
<opcode="getelementptr(29) " fcode="getelementptr"/>
<opset="a_12_addr_1/68 "/>
</bind>
</comp>

<comp id="1349" class="1004" name="b_12_addr_1_gep_fu_1349">
<pin_list>
<pin id="1350" dir="0" index="0" bw="32" slack="2147483647"/>
<pin id="1351" dir="0" index="1" bw="1" slack="0"/>
<pin id="1352" dir="0" index="2" bw="6" slack="60"/>
<pin id="1353" dir="1" index="3" bw="5" slack="0"/>
</pin_list>
<bind>
<opcode="getelementptr(29) " fcode="getelementptr"/>
<opset="b_12_addr_1/68 "/>
</bind>
</comp>

<comp id="1356" class="1004" name="a_13_addr_1_gep_fu_1356">
<pin_list>
<pin id="1357" dir="0" index="0" bw="32" slack="2147483647"/>
<pin id="1358" dir="0" index="1" bw="1" slack="0"/>
<pin id="1359" dir="0" index="2" bw="6" slack="65"/>
<pin id="1360" dir="1" index="3" bw="5" slack="0"/>
</pin_list>
<bind>
<opcode="getelementptr(29) " fcode="getelementptr"/>
<opset="a_13_addr_1/73 "/>
</bind>
</comp>

<comp id="1363" class="1004" name="b_13_addr_1_gep_fu_1363">
<pin_list>
<pin id="1364" dir="0" index="0" bw="32" slack="2147483647"/>
<pin id="1365" dir="0" index="1" bw="1" slack="0"/>
<pin id="1366" dir="0" index="2" bw="6" slack="65"/>
<pin id="1367" dir="1" index="3" bw="5" slack="0"/>
</pin_list>
<bind>
<opcode="getelementptr(29) " fcode="getelementptr"/>
<opset="b_13_addr_1/73 "/>
</bind>
</comp>

<comp id="1370" class="1004" name="a_14_addr_1_gep_fu_1370">
<pin_list>
<pin id="1371" dir="0" index="0" bw="32" slack="2147483647"/>
<pin id="1372" dir="0" index="1" bw="1" slack="0"/>
<pin id="1373" dir="0" index="2" bw="6" slack="70"/>
<pin id="1374" dir="1" index="3" bw="5" slack="0"/>
</pin_list>
<bind>
<opcode="getelementptr(29) " fcode="getelementptr"/>
<opset="a_14_addr_1/78 "/>
</bind>
</comp>

<comp id="1377" class="1004" name="b_14_addr_1_gep_fu_1377">
<pin_list>
<pin id="1378" dir="0" index="0" bw="32" slack="2147483647"/>
<pin id="1379" dir="0" index="1" bw="1" slack="0"/>
<pin id="1380" dir="0" index="2" bw="6" slack="70"/>
<pin id="1381" dir="1" index="3" bw="5" slack="0"/>
</pin_list>
<bind>
<opcode="getelementptr(29) " fcode="getelementptr"/>
<opset="b_14_addr_1/78 "/>
</bind>
</comp>

<comp id="1384" class="1004" name="a_15_addr_1_gep_fu_1384">
<pin_list>
<pin id="1385" dir="0" index="0" bw="32" slack="2147483647"/>
<pin id="1386" dir="0" index="1" bw="1" slack="0"/>
<pin id="1387" dir="0" index="2" bw="6" slack="75"/>
<pin id="1388" dir="1" index="3" bw="5" slack="0"/>
</pin_list>
<bind>
<opcode="getelementptr(29) " fcode="getelementptr"/>
<opset="a_15_addr_1/83 "/>
</bind>
</comp>

<comp id="1391" class="1004" name="b_15_addr_1_gep_fu_1391">
<pin_list>
<pin id="1392" dir="0" index="0" bw="32" slack="2147483647"/>
<pin id="1393" dir="0" index="1" bw="1" slack="0"/>
<pin id="1394" dir="0" index="2" bw="6" slack="75"/>
<pin id="1395" dir="1" index="3" bw="5" slack="0"/>
</pin_list>
<bind>
<opcode="getelementptr(29) " fcode="getelementptr"/>
<opset="b_15_addr_1/83 "/>
</bind>
</comp>

<comp id="1398" class="1004" name="a_16_addr_1_gep_fu_1398">
<pin_list>
<pin id="1399" dir="0" index="0" bw="32" slack="2147483647"/>
<pin id="1400" dir="0" index="1" bw="1" slack="0"/>
<pin id="1401" dir="0" index="2" bw="6" slack="80"/>
<pin id="1402" dir="1" index="3" bw="5" slack="0"/>
</pin_list>
<bind>
<opcode="getelementptr(29) " fcode="getelementptr"/>
<opset="a_16_addr_1/88 "/>
</bind>
</comp>

<comp id="1405" class="1004" name="b_16_addr_1_gep_fu_1405">
<pin_list>
<pin id="1406" dir="0" index="0" bw="32" slack="2147483647"/>
<pin id="1407" dir="0" index="1" bw="1" slack="0"/>
<pin id="1408" dir="0" index="2" bw="6" slack="80"/>
<pin id="1409" dir="1" index="3" bw="5" slack="0"/>
</pin_list>
<bind>
<opcode="getelementptr(29) " fcode="getelementptr"/>
<opset="b_16_addr_1/88 "/>
</bind>
</comp>

<comp id="1412" class="1004" name="a_17_addr_1_gep_fu_1412">
<pin_list>
<pin id="1413" dir="0" index="0" bw="32" slack="2147483647"/>
<pin id="1414" dir="0" index="1" bw="1" slack="0"/>
<pin id="1415" dir="0" index="2" bw="6" slack="85"/>
<pin id="1416" dir="1" index="3" bw="5" slack="0"/>
</pin_list>
<bind>
<opcode="getelementptr(29) " fcode="getelementptr"/>
<opset="a_17_addr_1/93 "/>
</bind>
</comp>

<comp id="1419" class="1004" name="b_17_addr_1_gep_fu_1419">
<pin_list>
<pin id="1420" dir="0" index="0" bw="32" slack="2147483647"/>
<pin id="1421" dir="0" index="1" bw="1" slack="0"/>
<pin id="1422" dir="0" index="2" bw="6" slack="85"/>
<pin id="1423" dir="1" index="3" bw="5" slack="0"/>
</pin_list>
<bind>
<opcode="getelementptr(29) " fcode="getelementptr"/>
<opset="b_17_addr_1/93 "/>
</bind>
</comp>

<comp id="1426" class="1004" name="a_18_addr_1_gep_fu_1426">
<pin_list>
<pin id="1427" dir="0" index="0" bw="32" slack="2147483647"/>
<pin id="1428" dir="0" index="1" bw="1" slack="0"/>
<pin id="1429" dir="0" index="2" bw="6" slack="90"/>
<pin id="1430" dir="1" index="3" bw="5" slack="0"/>
</pin_list>
<bind>
<opcode="getelementptr(29) " fcode="getelementptr"/>
<opset="a_18_addr_1/98 "/>
</bind>
</comp>

<comp id="1433" class="1004" name="b_18_addr_1_gep_fu_1433">
<pin_list>
<pin id="1434" dir="0" index="0" bw="32" slack="2147483647"/>
<pin id="1435" dir="0" index="1" bw="1" slack="0"/>
<pin id="1436" dir="0" index="2" bw="6" slack="90"/>
<pin id="1437" dir="1" index="3" bw="5" slack="0"/>
</pin_list>
<bind>
<opcode="getelementptr(29) " fcode="getelementptr"/>
<opset="b_18_addr_1/98 "/>
</bind>
</comp>

<comp id="1440" class="1004" name="a_19_addr_1_gep_fu_1440">
<pin_list>
<pin id="1441" dir="0" index="0" bw="32" slack="2147483647"/>
<pin id="1442" dir="0" index="1" bw="1" slack="0"/>
<pin id="1443" dir="0" index="2" bw="6" slack="95"/>
<pin id="1444" dir="1" index="3" bw="5" slack="0"/>
</pin_list>
<bind>
<opcode="getelementptr(29) " fcode="getelementptr"/>
<opset="a_19_addr_1/103 "/>
</bind>
</comp>

<comp id="1447" class="1004" name="b_19_addr_1_gep_fu_1447">
<pin_list>
<pin id="1448" dir="0" index="0" bw="32" slack="2147483647"/>
<pin id="1449" dir="0" index="1" bw="1" slack="0"/>
<pin id="1450" dir="0" index="2" bw="6" slack="95"/>
<pin id="1451" dir="1" index="3" bw="5" slack="0"/>
</pin_list>
<bind>
<opcode="getelementptr(29) " fcode="getelementptr"/>
<opset="b_19_addr_1/103 "/>
</bind>
</comp>

<comp id="1454" class="1004" name="a_20_addr_1_gep_fu_1454">
<pin_list>
<pin id="1455" dir="0" index="0" bw="32" slack="2147483647"/>
<pin id="1456" dir="0" index="1" bw="1" slack="0"/>
<pin id="1457" dir="0" index="2" bw="6" slack="100"/>
<pin id="1458" dir="1" index="3" bw="5" slack="0"/>
</pin_list>
<bind>
<opcode="getelementptr(29) " fcode="getelementptr"/>
<opset="a_20_addr_1/108 "/>
</bind>
</comp>

<comp id="1461" class="1004" name="b_20_addr_1_gep_fu_1461">
<pin_list>
<pin id="1462" dir="0" index="0" bw="32" slack="2147483647"/>
<pin id="1463" dir="0" index="1" bw="1" slack="0"/>
<pin id="1464" dir="0" index="2" bw="6" slack="100"/>
<pin id="1465" dir="1" index="3" bw="5" slack="0"/>
</pin_list>
<bind>
<opcode="getelementptr(29) " fcode="getelementptr"/>
<opset="b_20_addr_1/108 "/>
</bind>
</comp>

<comp id="1468" class="1004" name="a_21_addr_1_gep_fu_1468">
<pin_list>
<pin id="1469" dir="0" index="0" bw="32" slack="2147483647"/>
<pin id="1470" dir="0" index="1" bw="1" slack="0"/>
<pin id="1471" dir="0" index="2" bw="6" slack="105"/>
<pin id="1472" dir="1" index="3" bw="5" slack="0"/>
</pin_list>
<bind>
<opcode="getelementptr(29) " fcode="getelementptr"/>
<opset="a_21_addr_1/113 "/>
</bind>
</comp>

<comp id="1475" class="1004" name="b_21_addr_1_gep_fu_1475">
<pin_list>
<pin id="1476" dir="0" index="0" bw="32" slack="2147483647"/>
<pin id="1477" dir="0" index="1" bw="1" slack="0"/>
<pin id="1478" dir="0" index="2" bw="6" slack="105"/>
<pin id="1479" dir="1" index="3" bw="5" slack="0"/>
</pin_list>
<bind>
<opcode="getelementptr(29) " fcode="getelementptr"/>
<opset="b_21_addr_1/113 "/>
</bind>
</comp>

<comp id="1482" class="1004" name="a_22_addr_1_gep_fu_1482">
<pin_list>
<pin id="1483" dir="0" index="0" bw="32" slack="2147483647"/>
<pin id="1484" dir="0" index="1" bw="1" slack="0"/>
<pin id="1485" dir="0" index="2" bw="6" slack="110"/>
<pin id="1486" dir="1" index="3" bw="5" slack="0"/>
</pin_list>
<bind>
<opcode="getelementptr(29) " fcode="getelementptr"/>
<opset="a_22_addr_1/118 "/>
</bind>
</comp>

<comp id="1489" class="1004" name="b_22_addr_1_gep_fu_1489">
<pin_list>
<pin id="1490" dir="0" index="0" bw="32" slack="2147483647"/>
<pin id="1491" dir="0" index="1" bw="1" slack="0"/>
<pin id="1492" dir="0" index="2" bw="6" slack="110"/>
<pin id="1493" dir="1" index="3" bw="5" slack="0"/>
</pin_list>
<bind>
<opcode="getelementptr(29) " fcode="getelementptr"/>
<opset="b_22_addr_1/118 "/>
</bind>
</comp>

<comp id="1496" class="1004" name="a_23_addr_1_gep_fu_1496">
<pin_list>
<pin id="1497" dir="0" index="0" bw="32" slack="2147483647"/>
<pin id="1498" dir="0" index="1" bw="1" slack="0"/>
<pin id="1499" dir="0" index="2" bw="6" slack="115"/>
<pin id="1500" dir="1" index="3" bw="5" slack="0"/>
</pin_list>
<bind>
<opcode="getelementptr(29) " fcode="getelementptr"/>
<opset="a_23_addr_1/123 "/>
</bind>
</comp>

<comp id="1503" class="1004" name="b_23_addr_1_gep_fu_1503">
<pin_list>
<pin id="1504" dir="0" index="0" bw="32" slack="2147483647"/>
<pin id="1505" dir="0" index="1" bw="1" slack="0"/>
<pin id="1506" dir="0" index="2" bw="6" slack="115"/>
<pin id="1507" dir="1" index="3" bw="5" slack="0"/>
</pin_list>
<bind>
<opcode="getelementptr(29) " fcode="getelementptr"/>
<opset="b_23_addr_1/123 "/>
</bind>
</comp>

<comp id="1510" class="1004" name="a_24_addr_1_gep_fu_1510">
<pin_list>
<pin id="1511" dir="0" index="0" bw="32" slack="2147483647"/>
<pin id="1512" dir="0" index="1" bw="1" slack="0"/>
<pin id="1513" dir="0" index="2" bw="6" slack="120"/>
<pin id="1514" dir="1" index="3" bw="5" slack="0"/>
</pin_list>
<bind>
<opcode="getelementptr(29) " fcode="getelementptr"/>
<opset="a_24_addr_1/128 "/>
</bind>
</comp>

<comp id="1517" class="1004" name="b_24_addr_1_gep_fu_1517">
<pin_list>
<pin id="1518" dir="0" index="0" bw="32" slack="2147483647"/>
<pin id="1519" dir="0" index="1" bw="1" slack="0"/>
<pin id="1520" dir="0" index="2" bw="6" slack="120"/>
<pin id="1521" dir="1" index="3" bw="5" slack="0"/>
</pin_list>
<bind>
<opcode="getelementptr(29) " fcode="getelementptr"/>
<opset="b_24_addr_1/128 "/>
</bind>
</comp>

<comp id="1524" class="1004" name="a_25_addr_1_gep_fu_1524">
<pin_list>
<pin id="1525" dir="0" index="0" bw="32" slack="2147483647"/>
<pin id="1526" dir="0" index="1" bw="1" slack="0"/>
<pin id="1527" dir="0" index="2" bw="6" slack="125"/>
<pin id="1528" dir="1" index="3" bw="5" slack="0"/>
</pin_list>
<bind>
<opcode="getelementptr(29) " fcode="getelementptr"/>
<opset="a_25_addr_1/133 "/>
</bind>
</comp>

<comp id="1531" class="1004" name="b_25_addr_1_gep_fu_1531">
<pin_list>
<pin id="1532" dir="0" index="0" bw="32" slack="2147483647"/>
<pin id="1533" dir="0" index="1" bw="1" slack="0"/>
<pin id="1534" dir="0" index="2" bw="6" slack="125"/>
<pin id="1535" dir="1" index="3" bw="5" slack="0"/>
</pin_list>
<bind>
<opcode="getelementptr(29) " fcode="getelementptr"/>
<opset="b_25_addr_1/133 "/>
</bind>
</comp>

<comp id="1538" class="1004" name="a_26_addr_1_gep_fu_1538">
<pin_list>
<pin id="1539" dir="0" index="0" bw="32" slack="2147483647"/>
<pin id="1540" dir="0" index="1" bw="1" slack="0"/>
<pin id="1541" dir="0" index="2" bw="6" slack="130"/>
<pin id="1542" dir="1" index="3" bw="5" slack="0"/>
</pin_list>
<bind>
<opcode="getelementptr(29) " fcode="getelementptr"/>
<opset="a_26_addr_1/138 "/>
</bind>
</comp>

<comp id="1545" class="1004" name="b_26_addr_1_gep_fu_1545">
<pin_list>
<pin id="1546" dir="0" index="0" bw="32" slack="2147483647"/>
<pin id="1547" dir="0" index="1" bw="1" slack="0"/>
<pin id="1548" dir="0" index="2" bw="6" slack="130"/>
<pin id="1549" dir="1" index="3" bw="5" slack="0"/>
</pin_list>
<bind>
<opcode="getelementptr(29) " fcode="getelementptr"/>
<opset="b_26_addr_1/138 "/>
</bind>
</comp>

<comp id="1552" class="1004" name="a_27_addr_1_gep_fu_1552">
<pin_list>
<pin id="1553" dir="0" index="0" bw="32" slack="2147483647"/>
<pin id="1554" dir="0" index="1" bw="1" slack="0"/>
<pin id="1555" dir="0" index="2" bw="6" slack="135"/>
<pin id="1556" dir="1" index="3" bw="5" slack="0"/>
</pin_list>
<bind>
<opcode="getelementptr(29) " fcode="getelementptr"/>
<opset="a_27_addr_1/143 "/>
</bind>
</comp>

<comp id="1559" class="1004" name="b_27_addr_1_gep_fu_1559">
<pin_list>
<pin id="1560" dir="0" index="0" bw="32" slack="2147483647"/>
<pin id="1561" dir="0" index="1" bw="1" slack="0"/>
<pin id="1562" dir="0" index="2" bw="6" slack="135"/>
<pin id="1563" dir="1" index="3" bw="5" slack="0"/>
</pin_list>
<bind>
<opcode="getelementptr(29) " fcode="getelementptr"/>
<opset="b_27_addr_1/143 "/>
</bind>
</comp>

<comp id="1566" class="1004" name="a_28_addr_1_gep_fu_1566">
<pin_list>
<pin id="1567" dir="0" index="0" bw="32" slack="2147483647"/>
<pin id="1568" dir="0" index="1" bw="1" slack="0"/>
<pin id="1569" dir="0" index="2" bw="6" slack="140"/>
<pin id="1570" dir="1" index="3" bw="5" slack="0"/>
</pin_list>
<bind>
<opcode="getelementptr(29) " fcode="getelementptr"/>
<opset="a_28_addr_1/148 "/>
</bind>
</comp>

<comp id="1573" class="1004" name="b_28_addr_1_gep_fu_1573">
<pin_list>
<pin id="1574" dir="0" index="0" bw="32" slack="2147483647"/>
<pin id="1575" dir="0" index="1" bw="1" slack="0"/>
<pin id="1576" dir="0" index="2" bw="6" slack="140"/>
<pin id="1577" dir="1" index="3" bw="5" slack="0"/>
</pin_list>
<bind>
<opcode="getelementptr(29) " fcode="getelementptr"/>
<opset="b_28_addr_1/148 "/>
</bind>
</comp>

<comp id="1580" class="1004" name="a_29_addr_1_gep_fu_1580">
<pin_list>
<pin id="1581" dir="0" index="0" bw="32" slack="2147483647"/>
<pin id="1582" dir="0" index="1" bw="1" slack="0"/>
<pin id="1583" dir="0" index="2" bw="6" slack="145"/>
<pin id="1584" dir="1" index="3" bw="5" slack="0"/>
</pin_list>
<bind>
<opcode="getelementptr(29) " fcode="getelementptr"/>
<opset="a_29_addr_1/153 "/>
</bind>
</comp>

<comp id="1587" class="1004" name="b_29_addr_1_gep_fu_1587">
<pin_list>
<pin id="1588" dir="0" index="0" bw="32" slack="2147483647"/>
<pin id="1589" dir="0" index="1" bw="1" slack="0"/>
<pin id="1590" dir="0" index="2" bw="6" slack="145"/>
<pin id="1591" dir="1" index="3" bw="5" slack="0"/>
</pin_list>
<bind>
<opcode="getelementptr(29) " fcode="getelementptr"/>
<opset="b_29_addr_1/153 "/>
</bind>
</comp>

<comp id="1594" class="1004" name="a_30_addr_1_gep_fu_1594">
<pin_list>
<pin id="1595" dir="0" index="0" bw="32" slack="2147483647"/>
<pin id="1596" dir="0" index="1" bw="1" slack="0"/>
<pin id="1597" dir="0" index="2" bw="6" slack="150"/>
<pin id="1598" dir="1" index="3" bw="5" slack="0"/>
</pin_list>
<bind>
<opcode="getelementptr(29) " fcode="getelementptr"/>
<opset="a_30_addr_1/158 "/>
</bind>
</comp>

<comp id="1601" class="1004" name="a_31_addr_1_gep_fu_1601">
<pin_list>
<pin id="1602" dir="0" index="0" bw="32" slack="2147483647"/>
<pin id="1603" dir="0" index="1" bw="1" slack="0"/>
<pin id="1604" dir="0" index="2" bw="6" slack="150"/>
<pin id="1605" dir="1" index="3" bw="5" slack="0"/>
</pin_list>
<bind>
<opcode="getelementptr(29) " fcode="getelementptr"/>
<opset="a_31_addr_1/158 "/>
</bind>
</comp>

<comp id="1608" class="1004" name="b_30_addr_1_gep_fu_1608">
<pin_list>
<pin id="1609" dir="0" index="0" bw="32" slack="2147483647"/>
<pin id="1610" dir="0" index="1" bw="1" slack="0"/>
<pin id="1611" dir="0" index="2" bw="6" slack="150"/>
<pin id="1612" dir="1" index="3" bw="5" slack="0"/>
</pin_list>
<bind>
<opcode="getelementptr(29) " fcode="getelementptr"/>
<opset="b_30_addr_1/158 "/>
</bind>
</comp>

<comp id="1615" class="1004" name="b_31_addr_1_gep_fu_1615">
<pin_list>
<pin id="1616" dir="0" index="0" bw="32" slack="2147483647"/>
<pin id="1617" dir="0" index="1" bw="1" slack="0"/>
<pin id="1618" dir="0" index="2" bw="6" slack="150"/>
<pin id="1619" dir="1" index="3" bw="5" slack="0"/>
</pin_list>
<bind>
<opcode="getelementptr(29) " fcode="getelementptr"/>
<opset="b_31_addr_1/158 "/>
</bind>
</comp>

<comp id="1622" class="1004" name="out_addr_gep_fu_1622">
<pin_list>
<pin id="1623" dir="0" index="0" bw="32" slack="2147483647"/>
<pin id="1624" dir="0" index="1" bw="1" slack="0"/>
<pin id="1625" dir="0" index="2" bw="12" slack="0"/>
<pin id="1626" dir="1" index="3" bw="10" slack="0"/>
</pin_list>
<bind>
<opcode="getelementptr(29) " fcode="getelementptr"/>
<opset="out_addr/173 "/>
</bind>
</comp>

<comp id="1628" class="1004" name="grp_access_fu_1628">
<pin_list>
<pin id="1629" dir="0" index="0" bw="10" slack="0"/>
<pin id="1630" dir="0" index="1" bw="32" slack="1"/>
<pin id="1631" dir="1" index="2" bw="32" slack="0"/>
</pin_list>
<bind>
<opcode="load(27) store(28) " fcode="load"/>
<opset="StgValue_1007/173 out_load/175 "/>
</bind>
</comp>

<comp id="1633" class="1004" name="out_addr_1_gep_fu_1633">
<pin_list>
<pin id="1634" dir="0" index="0" bw="32" slack="2147483647"/>
<pin id="1635" dir="0" index="1" bw="1" slack="0"/>
<pin id="1636" dir="0" index="2" bw="12" slack="0"/>
<pin id="1637" dir="1" index="3" bw="10" slack="0"/>
</pin_list>
<bind>
<opcode="getelementptr(29) " fcode="getelementptr"/>
<opset="out_addr_1/175 "/>
</bind>
</comp>

<comp id="1640" class="1005" name="indvar_flatten_reg_1640">
<pin_list>
<pin id="1641" dir="0" index="0" bw="11" slack="1"/>
<pin id="1642" dir="1" index="1" bw="11" slack="1"/>
</pin_list>
<bind>
<opset="indvar_flatten (phireg) "/>
</bind>
</comp>

<comp id="1644" class="1004" name="indvar_flatten_phi_fu_1644">
<pin_list>
<pin id="1645" dir="0" index="0" bw="1" slack="1"/>
<pin id="1646" dir="0" index="1" bw="0" slack="2147483647"/>
<pin id="1647" dir="0" index="2" bw="11" slack="0"/>
<pin id="1648" dir="0" index="3" bw="0" slack="2147483647"/>
<pin id="1649" dir="1" index="4" bw="11" slack="0"/>
</pin_list>
<bind>
<opcode="phi(47) " fcode="phi"/>
<opset="indvar_flatten/2 "/>
</bind>
</comp>

<comp id="1651" class="1005" name="i_0_i_reg_1651">
<pin_list>
<pin id="1652" dir="0" index="0" bw="6" slack="1"/>
<pin id="1653" dir="1" index="1" bw="6" slack="1"/>
</pin_list>
<bind>
<opset="i_0_i (phireg) "/>
</bind>
</comp>

<comp id="1655" class="1004" name="i_0_i_phi_fu_1655">
<pin_list>
<pin id="1656" dir="0" index="0" bw="1" slack="1"/>
<pin id="1657" dir="0" index="1" bw="0" slack="2147483647"/>
<pin id="1658" dir="0" index="2" bw="6" slack="0"/>
<pin id="1659" dir="0" index="3" bw="0" slack="2147483647"/>
<pin id="1660" dir="1" index="4" bw="6" slack="0"/>
</pin_list>
<bind>
<opcode="phi(47) " fcode="phi"/>
<opset="i_0_i/2 "/>
</bind>
</comp>

<comp id="1662" class="1005" name="j_0_i_reg_1662">
<pin_list>
<pin id="1663" dir="0" index="0" bw="6" slack="1"/>
<pin id="1664" dir="1" index="1" bw="6" slack="1"/>
</pin_list>
<bind>
<opset="j_0_i (phireg) "/>
</bind>
</comp>

<comp id="1666" class="1004" name="j_0_i_phi_fu_1666">
<pin_list>
<pin id="1667" dir="0" index="0" bw="1" slack="1"/>
<pin id="1668" dir="0" index="1" bw="0" slack="2147483647"/>
<pin id="1669" dir="0" index="2" bw="6" slack="0"/>
<pin id="1670" dir="0" index="3" bw="0" slack="2147483647"/>
<pin id="1671" dir="1" index="4" bw="6" slack="0"/>
</pin_list>
<bind>
<opcode="phi(47) " fcode="phi"/>
<opset="j_0_i/2 "/>
</bind>
</comp>

<comp id="1673" class="1005" name="indvar_flatten1_reg_1673">
<pin_list>
<pin id="1674" dir="0" index="0" bw="11" slack="1"/>
<pin id="1675" dir="1" index="1" bw="11" slack="1"/>
</pin_list>
<bind>
<opset="indvar_flatten1 (phireg) "/>
</bind>
</comp>

<comp id="1677" class="1004" name="indvar_flatten1_phi_fu_1677">
<pin_list>
<pin id="1678" dir="0" index="0" bw="11" slack="0"/>
<pin id="1679" dir="0" index="1" bw="0" slack="2147483647"/>
<pin id="1680" dir="0" index="2" bw="1" slack="1"/>
<pin id="1681" dir="0" index="3" bw="0" slack="2147483647"/>
<pin id="1682" dir="1" index="4" bw="11" slack="0"/>
</pin_list>
<bind>
<opcode="phi(47) " fcode="phi"/>
<opset="indvar_flatten1/5 "/>
</bind>
</comp>

<comp id="1684" class="1005" name="i1_0_i_reg_1684">
<pin_list>
<pin id="1685" dir="0" index="0" bw="6" slack="1"/>
<pin id="1686" dir="1" index="1" bw="6" slack="1"/>
</pin_list>
<bind>
<opset="i1_0_i (phireg) "/>
</bind>
</comp>

<comp id="1688" class="1004" name="i1_0_i_phi_fu_1688">
<pin_list>
<pin id="1689" dir="0" index="0" bw="6" slack="0"/>
<pin id="1690" dir="0" index="1" bw="0" slack="2147483647"/>
<pin id="1691" dir="0" index="2" bw="1" slack="1"/>
<pin id="1692" dir="0" index="3" bw="0" slack="2147483647"/>
<pin id="1693" dir="1" index="4" bw="6" slack="0"/>
</pin_list>
<bind>
<opcode="phi(47) " fcode="phi"/>
<opset="i1_0_i/5 "/>
</bind>
</comp>

<comp id="1695" class="1005" name="j2_0_i_reg_1695">
<pin_list>
<pin id="1696" dir="0" index="0" bw="6" slack="1"/>
<pin id="1697" dir="1" index="1" bw="6" slack="1"/>
</pin_list>
<bind>
<opset="j2_0_i (phireg) "/>
</bind>
</comp>

<comp id="1699" class="1004" name="j2_0_i_phi_fu_1699">
<pin_list>
<pin id="1700" dir="0" index="0" bw="6" slack="0"/>
<pin id="1701" dir="0" index="1" bw="0" slack="2147483647"/>
<pin id="1702" dir="0" index="2" bw="1" slack="1"/>
<pin id="1703" dir="0" index="3" bw="0" slack="2147483647"/>
<pin id="1704" dir="1" index="4" bw="6" slack="0"/>
</pin_list>
<bind>
<opcode="phi(47) " fcode="phi"/>
<opset="j2_0_i/5 "/>
</bind>
</comp>

<comp id="1706" class="1005" name="indvar_flatten2_reg_1706">
<pin_list>
<pin id="1707" dir="0" index="0" bw="11" slack="1"/>
<pin id="1708" dir="1" index="1" bw="11" slack="1"/>
</pin_list>
<bind>
<opset="indvar_flatten2 (phireg) "/>
</bind>
</comp>

<comp id="1710" class="1004" name="indvar_flatten2_phi_fu_1710">
<pin_list>
<pin id="1711" dir="0" index="0" bw="11" slack="0"/>
<pin id="1712" dir="0" index="1" bw="0" slack="2147483647"/>
<pin id="1713" dir="0" index="2" bw="1" slack="1"/>
<pin id="1714" dir="0" index="3" bw="0" slack="2147483647"/>
<pin id="1715" dir="1" index="4" bw="11" slack="0"/>
</pin_list>
<bind>
<opcode="phi(47) " fcode="phi"/>
<opset="indvar_flatten2/8 "/>
</bind>
</comp>

<comp id="1717" class="1005" name="ia_0_i_i_reg_1717">
<pin_list>
<pin id="1718" dir="0" index="0" bw="6" slack="1"/>
<pin id="1719" dir="1" index="1" bw="6" slack="1"/>
</pin_list>
<bind>
<opset="ia_0_i_i (phireg) "/>
</bind>
</comp>

<comp id="1721" class="1004" name="ia_0_i_i_phi_fu_1721">
<pin_list>
<pin id="1722" dir="0" index="0" bw="6" slack="0"/>
<pin id="1723" dir="0" index="1" bw="0" slack="2147483647"/>
<pin id="1724" dir="0" index="2" bw="1" slack="1"/>
<pin id="1725" dir="0" index="3" bw="0" slack="2147483647"/>
<pin id="1726" dir="1" index="4" bw="6" slack="0"/>
</pin_list>
<bind>
<opcode="phi(47) " fcode="phi"/>
<opset="ia_0_i_i/8 "/>
</bind>
</comp>

<comp id="1728" class="1005" name="ib_0_i_i_reg_1728">
<pin_list>
<pin id="1729" dir="0" index="0" bw="6" slack="1"/>
<pin id="1730" dir="1" index="1" bw="6" slack="1"/>
</pin_list>
<bind>
<opset="ib_0_i_i (phireg) "/>
</bind>
</comp>

<comp id="1732" class="1004" name="ib_0_i_i_phi_fu_1732">
<pin_list>
<pin id="1733" dir="0" index="0" bw="6" slack="0"/>
<pin id="1734" dir="0" index="1" bw="0" slack="2147483647"/>
<pin id="1735" dir="0" index="2" bw="1" slack="1"/>
<pin id="1736" dir="0" index="3" bw="0" slack="2147483647"/>
<pin id="1737" dir="1" index="4" bw="6" slack="0"/>
</pin_list>
<bind>
<opcode="phi(47) " fcode="phi"/>
<opset="ib_0_i_i/8 "/>
</bind>
</comp>

<comp id="1739" class="1005" name="indvar_flatten3_reg_1739">
<pin_list>
<pin id="1740" dir="0" index="0" bw="11" slack="1"/>
<pin id="1741" dir="1" index="1" bw="11" slack="1"/>
</pin_list>
<bind>
<opset="indvar_flatten3 (phireg) "/>
</bind>
</comp>

<comp id="1743" class="1004" name="indvar_flatten3_phi_fu_1743">
<pin_list>
<pin id="1744" dir="0" index="0" bw="11" slack="0"/>
<pin id="1745" dir="0" index="1" bw="0" slack="2147483647"/>
<pin id="1746" dir="0" index="2" bw="1" slack="1"/>
<pin id="1747" dir="0" index="3" bw="0" slack="2147483647"/>
<pin id="1748" dir="1" index="4" bw="11" slack="0"/>
</pin_list>
<bind>
<opcode="phi(47) " fcode="phi"/>
<opset="indvar_flatten3/175 "/>
</bind>
</comp>

<comp id="1750" class="1005" name="i4_0_i_reg_1750">
<pin_list>
<pin id="1751" dir="0" index="0" bw="6" slack="1"/>
<pin id="1752" dir="1" index="1" bw="6" slack="1"/>
</pin_list>
<bind>
<opset="i4_0_i (phireg) "/>
</bind>
</comp>

<comp id="1754" class="1004" name="i4_0_i_phi_fu_1754">
<pin_list>
<pin id="1755" dir="0" index="0" bw="6" slack="0"/>
<pin id="1756" dir="0" index="1" bw="0" slack="2147483647"/>
<pin id="1757" dir="0" index="2" bw="1" slack="1"/>
<pin id="1758" dir="0" index="3" bw="0" slack="2147483647"/>
<pin id="1759" dir="1" index="4" bw="6" slack="0"/>
</pin_list>
<bind>
<opcode="phi(47) " fcode="phi"/>
<opset="i4_0_i/175 "/>
</bind>
</comp>

<comp id="1761" class="1005" name="j5_0_i_reg_1761">
<pin_list>
<pin id="1762" dir="0" index="0" bw="6" slack="1"/>
<pin id="1763" dir="1" index="1" bw="6" slack="1"/>
</pin_list>
<bind>
<opset="j5_0_i (phireg) "/>
</bind>
</comp>

<comp id="1765" class="1004" name="j5_0_i_phi_fu_1765">
<pin_list>
<pin id="1766" dir="0" index="0" bw="6" slack="0"/>
<pin id="1767" dir="0" index="1" bw="0" slack="2147483647"/>
<pin id="1768" dir="0" index="2" bw="1" slack="1"/>
<pin id="1769" dir="0" index="3" bw="0" slack="2147483647"/>
<pin id="1770" dir="1" index="4" bw="6" slack="0"/>
</pin_list>
<bind>
<opcode="phi(47) " fcode="phi"/>
<opset="j5_0_i/175 "/>
</bind>
</comp>

<comp id="1772" class="1004" name="grp_fu_1772">
<pin_list>
<pin id="1773" dir="0" index="0" bw="32" slack="1"/>
<pin id="1774" dir="0" index="1" bw="32" slack="0"/>
<pin id="1775" dir="1" index="2" bw="32" slack="1"/>
</pin_list>
<bind>
<opcode="fadd(9) " fcode="fadd"/>
<opset="sum/13 "/>
</bind>
</comp>

<comp id="1777" class="1004" name="grp_fu_1777">
<pin_list>
<pin id="1778" dir="0" index="0" bw="32" slack="1"/>
<pin id="1779" dir="0" index="1" bw="32" slack="1"/>
<pin id="1780" dir="1" index="2" bw="32" slack="1"/>
</pin_list>
<bind>
<opcode="fadd(9) " fcode="fadd"/>
<opset="sum_1/18 "/>
</bind>
</comp>

<comp id="1781" class="1004" name="grp_fu_1781">
<pin_list>
<pin id="1782" dir="0" index="0" bw="32" slack="1"/>
<pin id="1783" dir="0" index="1" bw="32" slack="1"/>
<pin id="1784" dir="1" index="2" bw="32" slack="1"/>
</pin_list>
<bind>
<opcode="fadd(9) " fcode="fadd"/>
<opset="sum_2/23 "/>
</bind>
</comp>

<comp id="1785" class="1004" name="grp_fu_1785">
<pin_list>
<pin id="1786" dir="0" index="0" bw="32" slack="1"/>
<pin id="1787" dir="0" index="1" bw="32" slack="1"/>
<pin id="1788" dir="1" index="2" bw="32" slack="1"/>
</pin_list>
<bind>
<opcode="fadd(9) " fcode="fadd"/>
<opset="sum_3/28 "/>
</bind>
</comp>

<comp id="1789" class="1004" name="grp_fu_1789">
<pin_list>
<pin id="1790" dir="0" index="0" bw="32" slack="1"/>
<pin id="1791" dir="0" index="1" bw="32" slack="1"/>
<pin id="1792" dir="1" index="2" bw="32" slack="1"/>
</pin_list>
<bind>
<opcode="fadd(9) " fcode="fadd"/>
<opset="sum_4/33 "/>
</bind>
</comp>

<comp id="1793" class="1004" name="grp_fu_1793">
<pin_list>
<pin id="1794" dir="0" index="0" bw="32" slack="1"/>
<pin id="1795" dir="0" index="1" bw="32" slack="1"/>
<pin id="1796" dir="1" index="2" bw="32" slack="1"/>
</pin_list>
<bind>
<opcode="fadd(9) " fcode="fadd"/>
<opset="sum_5/38 "/>
</bind>
</comp>

<comp id="1797" class="1004" name="grp_fu_1797">
<pin_list>
<pin id="1798" dir="0" index="0" bw="32" slack="1"/>
<pin id="1799" dir="0" index="1" bw="32" slack="1"/>
<pin id="1800" dir="1" index="2" bw="32" slack="1"/>
</pin_list>
<bind>
<opcode="fadd(9) " fcode="fadd"/>
<opset="sum_6/43 "/>
</bind>
</comp>

<comp id="1801" class="1004" name="grp_fu_1801">
<pin_list>
<pin id="1802" dir="0" index="0" bw="32" slack="1"/>
<pin id="1803" dir="0" index="1" bw="32" slack="1"/>
<pin id="1804" dir="1" index="2" bw="32" slack="1"/>
</pin_list>
<bind>
<opcode="fadd(9) " fcode="fadd"/>
<opset="sum_7/48 "/>
</bind>
</comp>

<comp id="1805" class="1004" name="grp_fu_1805">
<pin_list>
<pin id="1806" dir="0" index="0" bw="32" slack="1"/>
<pin id="1807" dir="0" index="1" bw="32" slack="1"/>
<pin id="1808" dir="1" index="2" bw="32" slack="1"/>
</pin_list>
<bind>
<opcode="fadd(9) " fcode="fadd"/>
<opset="sum_8/53 "/>
</bind>
</comp>

<comp id="1809" class="1004" name="grp_fu_1809">
<pin_list>
<pin id="1810" dir="0" index="0" bw="32" slack="1"/>
<pin id="1811" dir="0" index="1" bw="32" slack="1"/>
<pin id="1812" dir="1" index="2" bw="32" slack="1"/>
</pin_list>
<bind>
<opcode="fadd(9) " fcode="fadd"/>
<opset="sum_9/58 "/>
</bind>
</comp>

<comp id="1813" class="1004" name="grp_fu_1813">
<pin_list>
<pin id="1814" dir="0" index="0" bw="32" slack="1"/>
<pin id="1815" dir="0" index="1" bw="32" slack="1"/>
<pin id="1816" dir="1" index="2" bw="32" slack="1"/>
</pin_list>
<bind>
<opcode="fadd(9) " fcode="fadd"/>
<opset="sum_s/63 "/>
</bind>
</comp>

<comp id="1817" class="1004" name="grp_fu_1817">
<pin_list>
<pin id="1818" dir="0" index="0" bw="32" slack="1"/>
<pin id="1819" dir="0" index="1" bw="32" slack="1"/>
<pin id="1820" dir="1" index="2" bw="32" slack="1"/>
</pin_list>
<bind>
<opcode="fadd(9) " fcode="fadd"/>
<opset="sum_10/68 "/>
</bind>
</comp>

<comp id="1821" class="1004" name="grp_fu_1821">
<pin_list>
<pin id="1822" dir="0" index="0" bw="32" slack="1"/>
<pin id="1823" dir="0" index="1" bw="32" slack="1"/>
<pin id="1824" dir="1" index="2" bw="32" slack="1"/>
</pin_list>
<bind>
<opcode="fadd(9) " fcode="fadd"/>
<opset="sum_11/73 "/>
</bind>
</comp>

<comp id="1825" class="1004" name="grp_fu_1825">
<pin_list>
<pin id="1826" dir="0" index="0" bw="32" slack="1"/>
<pin id="1827" dir="0" index="1" bw="32" slack="1"/>
<pin id="1828" dir="1" index="2" bw="32" slack="1"/>
</pin_list>
<bind>
<opcode="fadd(9) " fcode="fadd"/>
<opset="sum_12/78 "/>
</bind>
</comp>

<comp id="1829" class="1004" name="grp_fu_1829">
<pin_list>
<pin id="1830" dir="0" index="0" bw="32" slack="1"/>
<pin id="1831" dir="0" index="1" bw="32" slack="1"/>
<pin id="1832" dir="1" index="2" bw="32" slack="1"/>
</pin_list>
<bind>
<opcode="fadd(9) " fcode="fadd"/>
<opset="sum_13/83 "/>
</bind>
</comp>

<comp id="1833" class="1004" name="grp_fu_1833">
<pin_list>
<pin id="1834" dir="0" index="0" bw="32" slack="1"/>
<pin id="1835" dir="0" index="1" bw="32" slack="1"/>
<pin id="1836" dir="1" index="2" bw="32" slack="1"/>
</pin_list>
<bind>
<opcode="fadd(9) " fcode="fadd"/>
<opset="sum_14/88 "/>
</bind>
</comp>

<comp id="1837" class="1004" name="grp_fu_1837">
<pin_list>
<pin id="1838" dir="0" index="0" bw="32" slack="1"/>
<pin id="1839" dir="0" index="1" bw="32" slack="1"/>
<pin id="1840" dir="1" index="2" bw="32" slack="1"/>
</pin_list>
<bind>
<opcode="fadd(9) " fcode="fadd"/>
<opset="sum_15/93 "/>
</bind>
</comp>

<comp id="1841" class="1004" name="grp_fu_1841">
<pin_list>
<pin id="1842" dir="0" index="0" bw="32" slack="1"/>
<pin id="1843" dir="0" index="1" bw="32" slack="1"/>
<pin id="1844" dir="1" index="2" bw="32" slack="1"/>
</pin_list>
<bind>
<opcode="fadd(9) " fcode="fadd"/>
<opset="sum_16/98 "/>
</bind>
</comp>

<comp id="1845" class="1004" name="grp_fu_1845">
<pin_list>
<pin id="1846" dir="0" index="0" bw="32" slack="1"/>
<pin id="1847" dir="0" index="1" bw="32" slack="1"/>
<pin id="1848" dir="1" index="2" bw="32" slack="1"/>
</pin_list>
<bind>
<opcode="fadd(9) " fcode="fadd"/>
<opset="sum_17/103 "/>
</bind>
</comp>

<comp id="1849" class="1004" name="grp_fu_1849">
<pin_list>
<pin id="1850" dir="0" index="0" bw="32" slack="1"/>
<pin id="1851" dir="0" index="1" bw="32" slack="1"/>
<pin id="1852" dir="1" index="2" bw="32" slack="1"/>
</pin_list>
<bind>
<opcode="fadd(9) " fcode="fadd"/>
<opset="sum_18/108 "/>
</bind>
</comp>

<comp id="1853" class="1004" name="grp_fu_1853">
<pin_list>
<pin id="1854" dir="0" index="0" bw="32" slack="1"/>
<pin id="1855" dir="0" index="1" bw="32" slack="1"/>
<pin id="1856" dir="1" index="2" bw="32" slack="1"/>
</pin_list>
<bind>
<opcode="fadd(9) " fcode="fadd"/>
<opset="sum_19/113 "/>
</bind>
</comp>

<comp id="1857" class="1004" name="grp_fu_1857">
<pin_list>
<pin id="1858" dir="0" index="0" bw="32" slack="1"/>
<pin id="1859" dir="0" index="1" bw="32" slack="1"/>
<pin id="1860" dir="1" index="2" bw="32" slack="1"/>
</pin_list>
<bind>
<opcode="fadd(9) " fcode="fadd"/>
<opset="sum_20/118 "/>
</bind>
</comp>

<comp id="1861" class="1004" name="grp_fu_1861">
<pin_list>
<pin id="1862" dir="0" index="0" bw="32" slack="1"/>
<pin id="1863" dir="0" index="1" bw="32" slack="1"/>
<pin id="1864" dir="1" index="2" bw="32" slack="1"/>
</pin_list>
<bind>
<opcode="fadd(9) " fcode="fadd"/>
<opset="sum_21/123 "/>
</bind>
</comp>

<comp id="1865" class="1004" name="grp_fu_1865">
<pin_list>
<pin id="1866" dir="0" index="0" bw="32" slack="1"/>
<pin id="1867" dir="0" index="1" bw="32" slack="1"/>
<pin id="1868" dir="1" index="2" bw="32" slack="1"/>
</pin_list>
<bind>
<opcode="fadd(9) " fcode="fadd"/>
<opset="sum_22/128 "/>
</bind>
</comp>

<comp id="1869" class="1004" name="grp_fu_1869">
<pin_list>
<pin id="1870" dir="0" index="0" bw="32" slack="1"/>
<pin id="1871" dir="0" index="1" bw="32" slack="1"/>
<pin id="1872" dir="1" index="2" bw="32" slack="1"/>
</pin_list>
<bind>
<opcode="fadd(9) " fcode="fadd"/>
<opset="sum_23/133 "/>
</bind>
</comp>

<comp id="1873" class="1004" name="grp_fu_1873">
<pin_list>
<pin id="1874" dir="0" index="0" bw="32" slack="1"/>
<pin id="1875" dir="0" index="1" bw="32" slack="1"/>
<pin id="1876" dir="1" index="2" bw="32" slack="1"/>
</pin_list>
<bind>
<opcode="fadd(9) " fcode="fadd"/>
<opset="sum_24/138 "/>
</bind>
</comp>

<comp id="1877" class="1004" name="grp_fu_1877">
<pin_list>
<pin id="1878" dir="0" index="0" bw="32" slack="1"/>
<pin id="1879" dir="0" index="1" bw="32" slack="1"/>
<pin id="1880" dir="1" index="2" bw="32" slack="1"/>
</pin_list>
<bind>
<opcode="fadd(9) " fcode="fadd"/>
<opset="sum_25/143 "/>
</bind>
</comp>

<comp id="1881" class="1004" name="grp_fu_1881">
<pin_list>
<pin id="1882" dir="0" index="0" bw="32" slack="1"/>
<pin id="1883" dir="0" index="1" bw="32" slack="1"/>
<pin id="1884" dir="1" index="2" bw="32" slack="1"/>
</pin_list>
<bind>
<opcode="fadd(9) " fcode="fadd"/>
<opset="sum_26/148 "/>
</bind>
</comp>

<comp id="1885" class="1004" name="grp_fu_1885">
<pin_list>
<pin id="1886" dir="0" index="0" bw="32" slack="1"/>
<pin id="1887" dir="0" index="1" bw="32" slack="1"/>
<pin id="1888" dir="1" index="2" bw="32" slack="1"/>
</pin_list>
<bind>
<opcode="fadd(9) " fcode="fadd"/>
<opset="sum_27/153 "/>
</bind>
</comp>

<comp id="1889" class="1004" name="grp_fu_1889">
<pin_list>
<pin id="1890" dir="0" index="0" bw="32" slack="1"/>
<pin id="1891" dir="0" index="1" bw="32" slack="1"/>
<pin id="1892" dir="1" index="2" bw="32" slack="1"/>
</pin_list>
<bind>
<opcode="fadd(9) " fcode="fadd"/>
<opset="sum_28/158 "/>
</bind>
</comp>

<comp id="1893" class="1004" name="grp_fu_1893">
<pin_list>
<pin id="1894" dir="0" index="0" bw="32" slack="1"/>
<pin id="1895" dir="0" index="1" bw="32" slack="1"/>
<pin id="1896" dir="1" index="2" bw="32" slack="1"/>
</pin_list>
<bind>
<opcode="fadd(9) " fcode="fadd"/>
<opset="sum_29/163 "/>
</bind>
</comp>

<comp id="1897" class="1004" name="grp_fu_1897">
<pin_list>
<pin id="1898" dir="0" index="0" bw="32" slack="1"/>
<pin id="1899" dir="0" index="1" bw="32" slack="6"/>
<pin id="1900" dir="1" index="2" bw="32" slack="1"/>
</pin_list>
<bind>
<opcode="fadd(9) " fcode="fadd"/>
<opset="sum_30/168 "/>
</bind>
</comp>

<comp id="1901" class="1004" name="grp_fu_1901">
<pin_list>
<pin id="1902" dir="0" index="0" bw="32" slack="0"/>
<pin id="1903" dir="0" index="1" bw="32" slack="0"/>
<pin id="1904" dir="1" index="2" bw="32" slack="1"/>
</pin_list>
<bind>
<opcode="fmul(13) " fcode="fmul"/>
<opset="tmp_s/9 "/>
</bind>
</comp>

<comp id="1907" class="1004" name="grp_fu_1907">
<pin_list>
<pin id="1908" dir="0" index="0" bw="32" slack="0"/>
<pin id="1909" dir="0" index="1" bw="32" slack="0"/>
<pin id="1910" dir="1" index="2" bw="32" slack="1"/>
</pin_list>
<bind>
<opcode="fmul(13) " fcode="fmul"/>
<opset="tmp_1_21/14 "/>
</bind>
</comp>

<comp id="1913" class="1004" name="grp_fu_1913">
<pin_list>
<pin id="1914" dir="0" index="0" bw="32" slack="0"/>
<pin id="1915" dir="0" index="1" bw="32" slack="0"/>
<pin id="1916" dir="1" index="2" bw="32" slack="1"/>
</pin_list>
<bind>
<opcode="fmul(13) " fcode="fmul"/>
<opset="tmp_2_22/19 "/>
</bind>
</comp>

<comp id="1919" class="1004" name="grp_fu_1919">
<pin_list>
<pin id="1920" dir="0" index="0" bw="32" slack="0"/>
<pin id="1921" dir="0" index="1" bw="32" slack="0"/>
<pin id="1922" dir="1" index="2" bw="32" slack="1"/>
</pin_list>
<bind>
<opcode="fmul(13) " fcode="fmul"/>
<opset="tmp_3_23/24 "/>
</bind>
</comp>

<comp id="1925" class="1004" name="grp_fu_1925">
<pin_list>
<pin id="1926" dir="0" index="0" bw="32" slack="0"/>
<pin id="1927" dir="0" index="1" bw="32" slack="0"/>
<pin id="1928" dir="1" index="2" bw="32" slack="1"/>
</pin_list>
<bind>
<opcode="fmul(13) " fcode="fmul"/>
<opset="tmp_4_24/29 "/>
</bind>
</comp>

<comp id="1931" class="1004" name="grp_fu_1931">
<pin_list>
<pin id="1932" dir="0" index="0" bw="32" slack="0"/>
<pin id="1933" dir="0" index="1" bw="32" slack="0"/>
<pin id="1934" dir="1" index="2" bw="32" slack="1"/>
</pin_list>
<bind>
<opcode="fmul(13) " fcode="fmul"/>
<opset="tmp_5_25/34 "/>
</bind>
</comp>

<comp id="1937" class="1004" name="grp_fu_1937">
<pin_list>
<pin id="1938" dir="0" index="0" bw="32" slack="0"/>
<pin id="1939" dir="0" index="1" bw="32" slack="0"/>
<pin id="1940" dir="1" index="2" bw="32" slack="1"/>
</pin_list>
<bind>
<opcode="fmul(13) " fcode="fmul"/>
<opset="tmp_6/39 "/>
</bind>
</comp>

<comp id="1943" class="1004" name="grp_fu_1943">
<pin_list>
<pin id="1944" dir="0" index="0" bw="32" slack="0"/>
<pin id="1945" dir="0" index="1" bw="32" slack="0"/>
<pin id="1946" dir="1" index="2" bw="32" slack="1"/>
</pin_list>
<bind>
<opcode="fmul(13) " fcode="fmul"/>
<opset="tmp_7/44 "/>
</bind>
</comp>

<comp id="1949" class="1004" name="grp_fu_1949">
<pin_list>
<pin id="1950" dir="0" index="0" bw="32" slack="0"/>
<pin id="1951" dir="0" index="1" bw="32" slack="0"/>
<pin id="1952" dir="1" index="2" bw="32" slack="1"/>
</pin_list>
<bind>
<opcode="fmul(13) " fcode="fmul"/>
<opset="tmp_8_26/49 "/>
</bind>
</comp>

<comp id="1955" class="1004" name="grp_fu_1955">
<pin_list>
<pin id="1956" dir="0" index="0" bw="32" slack="0"/>
<pin id="1957" dir="0" index="1" bw="32" slack="0"/>
<pin id="1958" dir="1" index="2" bw="32" slack="1"/>
</pin_list>
<bind>
<opcode="fmul(13) " fcode="fmul"/>
<opset="tmp_9/54 "/>
</bind>
</comp>

<comp id="1961" class="1004" name="grp_fu_1961">
<pin_list>
<pin id="1962" dir="0" index="0" bw="32" slack="0"/>
<pin id="1963" dir="0" index="1" bw="32" slack="0"/>
<pin id="1964" dir="1" index="2" bw="32" slack="1"/>
</pin_list>
<bind>
<opcode="fmul(13) " fcode="fmul"/>
<opset="tmp_s_27/59 "/>
</bind>
</comp>

<comp id="1967" class="1004" name="grp_fu_1967">
<pin_list>
<pin id="1968" dir="0" index="0" bw="32" slack="0"/>
<pin id="1969" dir="0" index="1" bw="32" slack="0"/>
<pin id="1970" dir="1" index="2" bw="32" slack="1"/>
</pin_list>
<bind>
<opcode="fmul(13) " fcode="fmul"/>
<opset="tmp_10/64 "/>
</bind>
</comp>

<comp id="1973" class="1004" name="grp_fu_1973">
<pin_list>
<pin id="1974" dir="0" index="0" bw="32" slack="0"/>
<pin id="1975" dir="0" index="1" bw="32" slack="0"/>
<pin id="1976" dir="1" index="2" bw="32" slack="1"/>
</pin_list>
<bind>
<opcode="fmul(13) " fcode="fmul"/>
<opset="tmp_11/69 "/>
</bind>
</comp>

<comp id="1979" class="1004" name="grp_fu_1979">
<pin_list>
<pin id="1980" dir="0" index="0" bw="32" slack="0"/>
<pin id="1981" dir="0" index="1" bw="32" slack="0"/>
<pin id="1982" dir="1" index="2" bw="32" slack="1"/>
</pin_list>
<bind>
<opcode="fmul(13) " fcode="fmul"/>
<opset="tmp_12/74 "/>
</bind>
</comp>

<comp id="1985" class="1004" name="grp_fu_1985">
<pin_list>
<pin id="1986" dir="0" index="0" bw="32" slack="0"/>
<pin id="1987" dir="0" index="1" bw="32" slack="0"/>
<pin id="1988" dir="1" index="2" bw="32" slack="1"/>
</pin_list>
<bind>
<opcode="fmul(13) " fcode="fmul"/>
<opset="tmp_13/79 "/>
</bind>
</comp>

<comp id="1991" class="1004" name="grp_fu_1991">
<pin_list>
<pin id="1992" dir="0" index="0" bw="32" slack="0"/>
<pin id="1993" dir="0" index="1" bw="32" slack="0"/>
<pin id="1994" dir="1" index="2" bw="32" slack="1"/>
</pin_list>
<bind>
<opcode="fmul(13) " fcode="fmul"/>
<opset="tmp_14/84 "/>
</bind>
</comp>

<comp id="1997" class="1004" name="grp_fu_1997">
<pin_list>
<pin id="1998" dir="0" index="0" bw="32" slack="0"/>
<pin id="1999" dir="0" index="1" bw="32" slack="0"/>
<pin id="2000" dir="1" index="2" bw="32" slack="1"/>
</pin_list>
<bind>
<opcode="fmul(13) " fcode="fmul"/>
<opset="tmp_15/89 "/>
</bind>
</comp>

<comp id="2003" class="1004" name="grp_fu_2003">
<pin_list>
<pin id="2004" dir="0" index="0" bw="32" slack="0"/>
<pin id="2005" dir="0" index="1" bw="32" slack="0"/>
<pin id="2006" dir="1" index="2" bw="32" slack="1"/>
</pin_list>
<bind>
<opcode="fmul(13) " fcode="fmul"/>
<opset="tmp_16/94 "/>
</bind>
</comp>

<comp id="2009" class="1004" name="grp_fu_2009">
<pin_list>
<pin id="2010" dir="0" index="0" bw="32" slack="0"/>
<pin id="2011" dir="0" index="1" bw="32" slack="0"/>
<pin id="2012" dir="1" index="2" bw="32" slack="1"/>
</pin_list>
<bind>
<opcode="fmul(13) " fcode="fmul"/>
<opset="tmp_17/99 "/>
</bind>
</comp>

<comp id="2015" class="1004" name="grp_fu_2015">
<pin_list>
<pin id="2016" dir="0" index="0" bw="32" slack="0"/>
<pin id="2017" dir="0" index="1" bw="32" slack="0"/>
<pin id="2018" dir="1" index="2" bw="32" slack="1"/>
</pin_list>
<bind>
<opcode="fmul(13) " fcode="fmul"/>
<opset="tmp_18/104 "/>
</bind>
</comp>

<comp id="2021" class="1004" name="grp_fu_2021">
<pin_list>
<pin id="2022" dir="0" index="0" bw="32" slack="0"/>
<pin id="2023" dir="0" index="1" bw="32" slack="0"/>
<pin id="2024" dir="1" index="2" bw="32" slack="1"/>
</pin_list>
<bind>
<opcode="fmul(13) " fcode="fmul"/>
<opset="tmp_19/109 "/>
</bind>
</comp>

<comp id="2027" class="1004" name="grp_fu_2027">
<pin_list>
<pin id="2028" dir="0" index="0" bw="32" slack="0"/>
<pin id="2029" dir="0" index="1" bw="32" slack="0"/>
<pin id="2030" dir="1" index="2" bw="32" slack="1"/>
</pin_list>
<bind>
<opcode="fmul(13) " fcode="fmul"/>
<opset="tmp_20/114 "/>
</bind>
</comp>

<comp id="2033" class="1004" name="grp_fu_2033">
<pin_list>
<pin id="2034" dir="0" index="0" bw="32" slack="0"/>
<pin id="2035" dir="0" index="1" bw="32" slack="0"/>
<pin id="2036" dir="1" index="2" bw="32" slack="1"/>
</pin_list>
<bind>
<opcode="fmul(13) " fcode="fmul"/>
<opset="tmp_21/119 "/>
</bind>
</comp>

<comp id="2039" class="1004" name="grp_fu_2039">
<pin_list>
<pin id="2040" dir="0" index="0" bw="32" slack="0"/>
<pin id="2041" dir="0" index="1" bw="32" slack="0"/>
<pin id="2042" dir="1" index="2" bw="32" slack="1"/>
</pin_list>
<bind>
<opcode="fmul(13) " fcode="fmul"/>
<opset="tmp_22/124 "/>
</bind>
</comp>

<comp id="2045" class="1004" name="grp_fu_2045">
<pin_list>
<pin id="2046" dir="0" index="0" bw="32" slack="0"/>
<pin id="2047" dir="0" index="1" bw="32" slack="0"/>
<pin id="2048" dir="1" index="2" bw="32" slack="1"/>
</pin_list>
<bind>
<opcode="fmul(13) " fcode="fmul"/>
<opset="tmp_23/129 "/>
</bind>
</comp>

<comp id="2051" class="1004" name="grp_fu_2051">
<pin_list>
<pin id="2052" dir="0" index="0" bw="32" slack="0"/>
<pin id="2053" dir="0" index="1" bw="32" slack="0"/>
<pin id="2054" dir="1" index="2" bw="32" slack="1"/>
</pin_list>
<bind>
<opcode="fmul(13) " fcode="fmul"/>
<opset="tmp_24/134 "/>
</bind>
</comp>

<comp id="2057" class="1004" name="grp_fu_2057">
<pin_list>
<pin id="2058" dir="0" index="0" bw="32" slack="0"/>
<pin id="2059" dir="0" index="1" bw="32" slack="0"/>
<pin id="2060" dir="1" index="2" bw="32" slack="1"/>
</pin_list>
<bind>
<opcode="fmul(13) " fcode="fmul"/>
<opset="tmp_25/139 "/>
</bind>
</comp>

<comp id="2063" class="1004" name="grp_fu_2063">
<pin_list>
<pin id="2064" dir="0" index="0" bw="32" slack="0"/>
<pin id="2065" dir="0" index="1" bw="32" slack="0"/>
<pin id="2066" dir="1" index="2" bw="32" slack="1"/>
</pin_list>
<bind>
<opcode="fmul(13) " fcode="fmul"/>
<opset="tmp_26/144 "/>
</bind>
</comp>

<comp id="2069" class="1004" name="grp_fu_2069">
<pin_list>
<pin id="2070" dir="0" index="0" bw="32" slack="0"/>
<pin id="2071" dir="0" index="1" bw="32" slack="0"/>
<pin id="2072" dir="1" index="2" bw="32" slack="1"/>
</pin_list>
<bind>
<opcode="fmul(13) " fcode="fmul"/>
<opset="tmp_27/149 "/>
</bind>
</comp>

<comp id="2075" class="1004" name="grp_fu_2075">
<pin_list>
<pin id="2076" dir="0" index="0" bw="32" slack="0"/>
<pin id="2077" dir="0" index="1" bw="32" slack="0"/>
<pin id="2078" dir="1" index="2" bw="32" slack="1"/>
</pin_list>
<bind>
<opcode="fmul(13) " fcode="fmul"/>
<opset="tmp_28/154 "/>
</bind>
</comp>

<comp id="2081" class="1004" name="grp_fu_2081">
<pin_list>
<pin id="2082" dir="0" index="0" bw="32" slack="0"/>
<pin id="2083" dir="0" index="1" bw="32" slack="0"/>
<pin id="2084" dir="1" index="2" bw="32" slack="1"/>
</pin_list>
<bind>
<opcode="fmul(13) " fcode="fmul"/>
<opset="tmp_29/159 "/>
</bind>
</comp>

<comp id="2087" class="1004" name="grp_fu_2087">
<pin_list>
<pin id="2088" dir="0" index="0" bw="32" slack="0"/>
<pin id="2089" dir="0" index="1" bw="32" slack="0"/>
<pin id="2090" dir="1" index="2" bw="32" slack="6"/>
</pin_list>
<bind>
<opcode="fmul(13) " fcode="fmul"/>
<opset="tmp_30/159 "/>
</bind>
</comp>

<comp id="2093" class="1004" name="grp_fu_2093">
<pin_list>
<pin id="2094" dir="0" index="0" bw="55" slack="0"/>
<pin id="2095" dir="1" index="1" bw="32" slack="0"/>
</pin_list>
<bind>
<opcode="extractvalue(56) " fcode="extractvalue"/>
<opset="INPUT_STREAM_data_V_s/3 INPUT_STREAM_data_V_1/6 "/>
</bind>
</comp>

<comp id="2097" class="1004" name="exitcond_flatten_fu_2097">
<pin_list>
<pin id="2098" dir="0" index="0" bw="11" slack="0"/>
<pin id="2099" dir="0" index="1" bw="11" slack="0"/>
<pin id="2100" dir="1" index="2" bw="1" slack="1"/>
</pin_list>
<bind>
<opcode="icmp(45) " fcode="icmp"/>
<opset="exitcond_flatten/2 "/>
</bind>
</comp>

<comp id="2103" class="1004" name="indvar_flatten_next_fu_2103">
<pin_list>
<pin id="2104" dir="0" index="0" bw="11" slack="0"/>
<pin id="2105" dir="0" index="1" bw="1" slack="0"/>
<pin id="2106" dir="1" index="2" bw="11" slack="0"/>
</pin_list>
<bind>
<opcode="add(8) " fcode="add"/>
<opset="indvar_flatten_next/2 "/>
</bind>
</comp>

<comp id="2109" class="1004" name="i_fu_2109">
<pin_list>
<pin id="2110" dir="0" index="0" bw="1" slack="0"/>
<pin id="2111" dir="0" index="1" bw="6" slack="0"/>
<pin id="2112" dir="1" index="2" bw="6" slack="0"/>
</pin_list>
<bind>
<opcode="add(8) " fcode="add"/>
<opset="i/2 "/>
</bind>
</comp>

<comp id="2115" class="1004" name="exitcond4_i_fu_2115">
<pin_list>
<pin id="2116" dir="0" index="0" bw="6" slack="0"/>
<pin id="2117" dir="0" index="1" bw="6" slack="0"/>
<pin id="2118" dir="1" index="2" bw="1" slack="0"/>
</pin_list>
<bind>
<opcode="icmp(45) " fcode="icmp"/>
<opset="exitcond4_i/2 "/>
</bind>
</comp>

<comp id="2121" class="1004" name="j_0_i_mid2_fu_2121">
<pin_list>
<pin id="2122" dir="0" index="0" bw="1" slack="0"/>
<pin id="2123" dir="0" index="1" bw="1" slack="0"/>
<pin id="2124" dir="0" index="2" bw="6" slack="0"/>
<pin id="2125" dir="1" index="3" bw="6" slack="0"/>
</pin_list>
<bind>
<opcode="select(49) " fcode="select"/>
<opset="j_0_i_mid2/2 "/>
</bind>
</comp>

<comp id="2129" class="1004" name="i_0_i_cast_mid2_v_fu_2129">
<pin_list>
<pin id="2130" dir="0" index="0" bw="1" slack="0"/>
<pin id="2131" dir="0" index="1" bw="6" slack="0"/>
<pin id="2132" dir="0" index="2" bw="6" slack="0"/>
<pin id="2133" dir="1" index="3" bw="6" slack="0"/>
</pin_list>
<bind>
<opcode="select(49) " fcode="select"/>
<opset="i_0_i_cast_mid2_v/2 "/>
</bind>
</comp>

<comp id="2137" class="1004" name="tmp_fu_2137">
<pin_list>
<pin id="2138" dir="0" index="0" bw="6" slack="0"/>
<pin id="2139" dir="1" index="1" bw="5" slack="1"/>
</pin_list>
<bind>
<opcode="trunc(33) " fcode="trunc"/>
<opset="tmp/2 "/>
</bind>
</comp>

<comp id="2141" class="1004" name="j_fu_2141">
<pin_list>
<pin id="2142" dir="0" index="0" bw="6" slack="0"/>
<pin id="2143" dir="0" index="1" bw="1" slack="0"/>
<pin id="2144" dir="1" index="2" bw="6" slack="0"/>
</pin_list>
<bind>
<opcode="add(8) " fcode="add"/>
<opset="j/2 "/>
</bind>
</comp>

<comp id="2147" class="1004" name="i_0_i_cast_mid2_fu_2147">
<pin_list>
<pin id="2148" dir="0" index="0" bw="6" slack="1"/>
<pin id="2149" dir="1" index="1" bw="32" slack="0"/>
</pin_list>
<bind>
<opcode="zext(34) " fcode="zext"/>
<opset="i_0_i_cast_mid2/3 "/>
</bind>
</comp>

<comp id="2182" class="1004" name="ret_fu_2182">
<pin_list>
<pin id="2183" dir="0" index="0" bw="32" slack="0"/>
<pin id="2184" dir="1" index="1" bw="32" slack="0"/>
</pin_list>
<bind>
<opcode="bitcast(44) " fcode="bitcast"/>
<opset="ret/3 "/>
</bind>
</comp>

<comp id="2218" class="1004" name="exitcond_flatten1_fu_2218">
<pin_list>
<pin id="2219" dir="0" index="0" bw="11" slack="0"/>
<pin id="2220" dir="0" index="1" bw="11" slack="0"/>
<pin id="2221" dir="1" index="2" bw="1" slack="1"/>
</pin_list>
<bind>
<opcode="icmp(45) " fcode="icmp"/>
<opset="exitcond_flatten1/5 "/>
</bind>
</comp>

<comp id="2224" class="1004" name="indvar_flatten_next2_fu_2224">
<pin_list>
<pin id="2225" dir="0" index="0" bw="11" slack="0"/>
<pin id="2226" dir="0" index="1" bw="1" slack="0"/>
<pin id="2227" dir="1" index="2" bw="11" slack="0"/>
</pin_list>
<bind>
<opcode="add(8) " fcode="add"/>
<opset="indvar_flatten_next2/5 "/>
</bind>
</comp>

<comp id="2230" class="1004" name="i_1_fu_2230">
<pin_list>
<pin id="2231" dir="0" index="0" bw="1" slack="0"/>
<pin id="2232" dir="0" index="1" bw="6" slack="0"/>
<pin id="2233" dir="1" index="2" bw="6" slack="0"/>
</pin_list>
<bind>
<opcode="add(8) " fcode="add"/>
<opset="i_1/5 "/>
</bind>
</comp>

<comp id="2236" class="1004" name="exitcond2_i_fu_2236">
<pin_list>
<pin id="2237" dir="0" index="0" bw="6" slack="0"/>
<pin id="2238" dir="0" index="1" bw="6" slack="0"/>
<pin id="2239" dir="1" index="2" bw="1" slack="0"/>
</pin_list>
<bind>
<opcode="icmp(45) " fcode="icmp"/>
<opset="exitcond2_i/5 "/>
</bind>
</comp>

<comp id="2242" class="1004" name="j2_0_i_mid2_fu_2242">
<pin_list>
<pin id="2243" dir="0" index="0" bw="1" slack="0"/>
<pin id="2244" dir="0" index="1" bw="1" slack="0"/>
<pin id="2245" dir="0" index="2" bw="6" slack="0"/>
<pin id="2246" dir="1" index="3" bw="6" slack="0"/>
</pin_list>
<bind>
<opcode="select(49) " fcode="select"/>
<opset="j2_0_i_mid2/5 "/>
</bind>
</comp>

<comp id="2250" class="1004" name="i1_0_i_t_mid2_v_fu_2250">
<pin_list>
<pin id="2251" dir="0" index="0" bw="1" slack="0"/>
<pin id="2252" dir="0" index="1" bw="6" slack="0"/>
<pin id="2253" dir="0" index="2" bw="6" slack="0"/>
<pin id="2254" dir="1" index="3" bw="6" slack="0"/>
</pin_list>
<bind>
<opcode="select(49) " fcode="select"/>
<opset="i1_0_i_t_mid2_v/5 "/>
</bind>
</comp>

<comp id="2258" class="1004" name="tmp_1_fu_2258">
<pin_list>
<pin id="2259" dir="0" index="0" bw="6" slack="0"/>
<pin id="2260" dir="1" index="1" bw="5" slack="1"/>
</pin_list>
<bind>
<opcode="trunc(33) " fcode="trunc"/>
<opset="tmp_1/5 "/>
</bind>
</comp>

<comp id="2262" class="1004" name="j_1_fu_2262">
<pin_list>
<pin id="2263" dir="0" index="0" bw="6" slack="0"/>
<pin id="2264" dir="0" index="1" bw="1" slack="0"/>
<pin id="2265" dir="1" index="2" bw="6" slack="0"/>
</pin_list>
<bind>
<opcode="add(8) " fcode="add"/>
<opset="j_1/5 "/>
</bind>
</comp>

<comp id="2268" class="1004" name="j2_0_i_cast7_fu_2268">
<pin_list>
<pin id="2269" dir="0" index="0" bw="6" slack="1"/>
<pin id="2270" dir="1" index="1" bw="32" slack="0"/>
</pin_list>
<bind>
<opcode="zext(34) " fcode="zext"/>
<opset="j2_0_i_cast7/6 "/>
</bind>
</comp>

<comp id="2303" class="1004" name="ret_1_fu_2303">
<pin_list>
<pin id="2304" dir="0" index="0" bw="32" slack="0"/>
<pin id="2305" dir="1" index="1" bw="32" slack="0"/>
</pin_list>
<bind>
<opcode="bitcast(44) " fcode="bitcast"/>
<opset="ret_1/6 "/>
</bind>
</comp>

<comp id="2339" class="1004" name="exitcond_flatten2_fu_2339">
<pin_list>
<pin id="2340" dir="0" index="0" bw="11" slack="0"/>
<pin id="2341" dir="0" index="1" bw="11" slack="0"/>
<pin id="2342" dir="1" index="2" bw="1" slack="1"/>
</pin_list>
<bind>
<opcode="icmp(45) " fcode="icmp"/>
<opset="exitcond_flatten2/8 "/>
</bind>
</comp>

<comp id="2345" class="1004" name="indvar_flatten_next1_fu_2345">
<pin_list>
<pin id="2346" dir="0" index="0" bw="11" slack="0"/>
<pin id="2347" dir="0" index="1" bw="1" slack="0"/>
<pin id="2348" dir="1" index="2" bw="11" slack="0"/>
</pin_list>
<bind>
<opcode="add(8) " fcode="add"/>
<opset="indvar_flatten_next1/8 "/>
</bind>
</comp>

<comp id="2351" class="1004" name="ia_fu_2351">
<pin_list>
<pin id="2352" dir="0" index="0" bw="6" slack="0"/>
<pin id="2353" dir="0" index="1" bw="1" slack="0"/>
<pin id="2354" dir="1" index="2" bw="6" slack="0"/>
</pin_list>
<bind>
<opcode="add(8) " fcode="add"/>
<opset="ia/8 "/>
</bind>
</comp>

<comp id="2357" class="1004" name="exitcond1_i_i_fu_2357">
<pin_list>
<pin id="2358" dir="0" index="0" bw="6" slack="0"/>
<pin id="2359" dir="0" index="1" bw="6" slack="0"/>
<pin id="2360" dir="1" index="2" bw="1" slack="0"/>
</pin_list>
<bind>
<opcode="icmp(45) " fcode="icmp"/>
<opset="exitcond1_i_i/8 "/>
</bind>
</comp>

<comp id="2363" class="1004" name="ib_0_i_i_mid2_fu_2363">
<pin_list>
<pin id="2364" dir="0" index="0" bw="1" slack="0"/>
<pin id="2365" dir="0" index="1" bw="1" slack="0"/>
<pin id="2366" dir="0" index="2" bw="6" slack="0"/>
<pin id="2367" dir="1" index="3" bw="6" slack="0"/>
</pin_list>
<bind>
<opcode="select(49) " fcode="select"/>
<opset="ib_0_i_i_mid2/8 "/>
</bind>
</comp>

<comp id="2371" class="1004" name="p_v_fu_2371">
<pin_list>
<pin id="2372" dir="0" index="0" bw="1" slack="0"/>
<pin id="2373" dir="0" index="1" bw="6" slack="0"/>
<pin id="2374" dir="0" index="2" bw="6" slack="0"/>
<pin id="2375" dir="1" index="3" bw="6" slack="0"/>
</pin_list>
<bind>
<opcode="select(49) " fcode="select"/>
<opset="p_v/8 "/>
</bind>
</comp>

<comp id="2379" class="1004" name="a_0_load_mid2_fu_2379">
<pin_list>
<pin id="2380" dir="0" index="0" bw="6" slack="0"/>
<pin id="2381" dir="1" index="1" bw="32" slack="0"/>
</pin_list>
<bind>
<opcode="zext(34) " fcode="zext"/>
<opset="a_0_load_mid2/8 "/>
</bind>
</comp>

<comp id="2384" class="1004" name="ib_0_i_i_cast5_fu_2384">
<pin_list>
<pin id="2385" dir="0" index="0" bw="6" slack="0"/>
<pin id="2386" dir="1" index="1" bw="32" slack="0"/>
</pin_list>
<bind>
<opcode="zext(34) " fcode="zext"/>
<opset="ib_0_i_i_cast5/8 "/>
</bind>
</comp>

<comp id="2389" class="1004" name="ib_fu_2389">
<pin_list>
<pin id="2390" dir="0" index="0" bw="6" slack="0"/>
<pin id="2391" dir="0" index="1" bw="1" slack="0"/>
<pin id="2392" dir="1" index="2" bw="6" slack="0"/>
</pin_list>
<bind>
<opcode="add(8) " fcode="add"/>
<opset="ib/8 "/>
</bind>
</comp>

<comp id="2395" class="1004" name="tmp_8_fu_2395">
<pin_list>
<pin id="2396" dir="0" index="0" bw="11" slack="0"/>
<pin id="2397" dir="0" index="1" bw="6" slack="165"/>
<pin id="2398" dir="0" index="2" bw="1" slack="0"/>
<pin id="2399" dir="1" index="3" bw="11" slack="0"/>
</pin_list>
<bind>
<opcode="bitconcatenate(1004) " fcode="bitconcatenate"/>
<opset="tmp_8/173 "/>
</bind>
</comp>

<comp id="2402" class="1004" name="tmp_1_cast_fu_2402">
<pin_list>
<pin id="2403" dir="0" index="0" bw="11" slack="0"/>
<pin id="2404" dir="1" index="1" bw="12" slack="0"/>
</pin_list>
<bind>
<opcode="zext(34) " fcode="zext"/>
<opset="tmp_1_cast/173 "/>
</bind>
</comp>

<comp id="2406" class="1004" name="ib_0_i_i_cast5_cast_fu_2406">
<pin_list>
<pin id="2407" dir="0" index="0" bw="6" slack="165"/>
<pin id="2408" dir="1" index="1" bw="12" slack="0"/>
</pin_list>
<bind>
<opcode="zext(34) " fcode="zext"/>
<opset="ib_0_i_i_cast5_cast/173 "/>
</bind>
</comp>

<comp id="2409" class="1004" name="tmp_2_fu_2409">
<pin_list>
<pin id="2410" dir="0" index="0" bw="11" slack="0"/>
<pin id="2411" dir="0" index="1" bw="6" slack="0"/>
<pin id="2412" dir="1" index="2" bw="12" slack="0"/>
</pin_list>
<bind>
<opcode="add(8) " fcode="add"/>
<opset="tmp_2/173 "/>
</bind>
</comp>

<comp id="2415" class="1004" name="tmp_2_cast_fu_2415">
<pin_list>
<pin id="2416" dir="0" index="0" bw="12" slack="0"/>
<pin id="2417" dir="1" index="1" bw="32" slack="0"/>
</pin_list>
<bind>
<opcode="zext(34) " fcode="zext"/>
<opset="tmp_2_cast/173 "/>
</bind>
</comp>

<comp id="2420" class="1004" name="exitcond_flatten3_fu_2420">
<pin_list>
<pin id="2421" dir="0" index="0" bw="11" slack="0"/>
<pin id="2422" dir="0" index="1" bw="11" slack="0"/>
<pin id="2423" dir="1" index="2" bw="1" slack="1"/>
</pin_list>
<bind>
<opcode="icmp(45) " fcode="icmp"/>
<opset="exitcond_flatten3/175 "/>
</bind>
</comp>

<comp id="2426" class="1004" name="indvar_flatten_next3_fu_2426">
<pin_list>
<pin id="2427" dir="0" index="0" bw="11" slack="0"/>
<pin id="2428" dir="0" index="1" bw="1" slack="0"/>
<pin id="2429" dir="1" index="2" bw="11" slack="0"/>
</pin_list>
<bind>
<opcode="add(8) " fcode="add"/>
<opset="indvar_flatten_next3/175 "/>
</bind>
</comp>

<comp id="2432" class="1004" name="i_2_fu_2432">
<pin_list>
<pin id="2433" dir="0" index="0" bw="1" slack="0"/>
<pin id="2434" dir="0" index="1" bw="6" slack="0"/>
<pin id="2435" dir="1" index="2" bw="6" slack="0"/>
</pin_list>
<bind>
<opcode="add(8) " fcode="add"/>
<opset="i_2/175 "/>
</bind>
</comp>

<comp id="2438" class="1004" name="exitcond_i_fu_2438">
<pin_list>
<pin id="2439" dir="0" index="0" bw="6" slack="0"/>
<pin id="2440" dir="0" index="1" bw="6" slack="0"/>
<pin id="2441" dir="1" index="2" bw="1" slack="0"/>
</pin_list>
<bind>
<opcode="icmp(45) " fcode="icmp"/>
<opset="exitcond_i/175 "/>
</bind>
</comp>

<comp id="2444" class="1004" name="j5_0_i_mid2_fu_2444">
<pin_list>
<pin id="2445" dir="0" index="0" bw="1" slack="0"/>
<pin id="2446" dir="0" index="1" bw="1" slack="0"/>
<pin id="2447" dir="0" index="2" bw="6" slack="0"/>
<pin id="2448" dir="1" index="3" bw="6" slack="0"/>
</pin_list>
<bind>
<opcode="select(49) " fcode="select"/>
<opset="j5_0_i_mid2/175 "/>
</bind>
</comp>

<comp id="2452" class="1004" name="i4_0_i_cast4_mid2_v_fu_2452">
<pin_list>
<pin id="2453" dir="0" index="0" bw="1" slack="0"/>
<pin id="2454" dir="0" index="1" bw="6" slack="0"/>
<pin id="2455" dir="0" index="2" bw="6" slack="0"/>
<pin id="2456" dir="1" index="3" bw="6" slack="0"/>
</pin_list>
<bind>
<opcode="select(49) " fcode="select"/>
<opset="i4_0_i_cast4_mid2_v/175 "/>
</bind>
</comp>

<comp id="2460" class="1004" name="tmp_6_30_fu_2460">
<pin_list>
<pin id="2461" dir="0" index="0" bw="11" slack="0"/>
<pin id="2462" dir="0" index="1" bw="6" slack="0"/>
<pin id="2463" dir="0" index="2" bw="1" slack="0"/>
<pin id="2464" dir="1" index="3" bw="11" slack="0"/>
</pin_list>
<bind>
<opcode="bitconcatenate(1004) " fcode="bitconcatenate"/>
<opset="tmp_6_30/175 "/>
</bind>
</comp>

<comp id="2468" class="1004" name="tmp_8_cast_fu_2468">
<pin_list>
<pin id="2469" dir="0" index="0" bw="11" slack="0"/>
<pin id="2470" dir="1" index="1" bw="12" slack="0"/>
</pin_list>
<bind>
<opcode="zext(34) " fcode="zext"/>
<opset="tmp_8_cast/175 "/>
</bind>
</comp>

<comp id="2472" class="1004" name="tmp_9_31_fu_2472">
<pin_list>
<pin id="2473" dir="0" index="0" bw="6" slack="0"/>
<pin id="2474" dir="1" index="1" bw="5" slack="0"/>
</pin_list>
<bind>
<opcode="trunc(33) " fcode="trunc"/>
<opset="tmp_9_31/175 "/>
</bind>
</comp>

<comp id="2476" class="1004" name="tmp_9_mid2_fu_2476">
<pin_list>
<pin id="2477" dir="0" index="0" bw="10" slack="0"/>
<pin id="2478" dir="0" index="1" bw="5" slack="0"/>
<pin id="2479" dir="0" index="2" bw="1" slack="0"/>
<pin id="2480" dir="1" index="3" bw="10" slack="0"/>
</pin_list>
<bind>
<opcode="bitconcatenate(1004) " fcode="bitconcatenate"/>
<opset="tmp_9_mid2/175 "/>
</bind>
</comp>

<comp id="2484" class="1004" name="j5_0_i_cast2_fu_2484">
<pin_list>
<pin id="2485" dir="0" index="0" bw="6" slack="0"/>
<pin id="2486" dir="1" index="1" bw="10" slack="0"/>
</pin_list>
<bind>
<opcode="zext(34) " fcode="zext"/>
<opset="j5_0_i_cast2/175 "/>
</bind>
</comp>

<comp id="2488" class="1004" name="j5_0_i_cast1_cast_fu_2488">
<pin_list>
<pin id="2489" dir="0" index="0" bw="6" slack="0"/>
<pin id="2490" dir="1" index="1" bw="12" slack="0"/>
</pin_list>
<bind>
<opcode="zext(34) " fcode="zext"/>
<opset="j5_0_i_cast1_cast/175 "/>
</bind>
</comp>

<comp id="2492" class="1004" name="tmp_10_32_fu_2492">
<pin_list>
<pin id="2493" dir="0" index="0" bw="11" slack="0"/>
<pin id="2494" dir="0" index="1" bw="6" slack="0"/>
<pin id="2495" dir="1" index="2" bw="12" slack="0"/>
</pin_list>
<bind>
<opcode="add(8) " fcode="add"/>
<opset="tmp_10_32/175 "/>
</bind>
</comp>

<comp id="2498" class="1004" name="tmp_10_cast_fu_2498">
<pin_list>
<pin id="2499" dir="0" index="0" bw="12" slack="0"/>
<pin id="2500" dir="1" index="1" bw="32" slack="0"/>
</pin_list>
<bind>
<opcode="zext(34) " fcode="zext"/>
<opset="tmp_10_cast/175 "/>
</bind>
</comp>

<comp id="2503" class="1004" name="k_fu_2503">
<pin_list>
<pin id="2504" dir="0" index="0" bw="10" slack="0"/>
<pin id="2505" dir="0" index="1" bw="6" slack="0"/>
<pin id="2506" dir="1" index="2" bw="10" slack="0"/>
</pin_list>
<bind>
<opcode="add(8) " fcode="add"/>
<opset="k/175 "/>
</bind>
</comp>

<comp id="2509" class="1004" name="last_assign_fu_2509">
<pin_list>
<pin id="2510" dir="0" index="0" bw="10" slack="0"/>
<pin id="2511" dir="0" index="1" bw="1" slack="0"/>
<pin id="2512" dir="1" index="2" bw="1" slack="1"/>
</pin_list>
<bind>
<opcode="icmp(45) " fcode="icmp"/>
<opset="last_assign/175 "/>
</bind>
</comp>

<comp id="2515" class="1004" name="j_2_fu_2515">
<pin_list>
<pin id="2516" dir="0" index="0" bw="1" slack="0"/>
<pin id="2517" dir="0" index="1" bw="6" slack="0"/>
<pin id="2518" dir="1" index="2" bw="6" slack="0"/>
</pin_list>
<bind>
<opcode="add(8) " fcode="add"/>
<opset="j_2/175 "/>
</bind>
</comp>

<comp id="2521" class="1004" name="val_assign_fu_2521">
<pin_list>
<pin id="2522" dir="0" index="0" bw="32" slack="0"/>
<pin id="2523" dir="1" index="1" bw="32" slack="0"/>
</pin_list>
<bind>
<opcode="bitcast(44) " fcode="bitcast"/>
<opset="val_assign/176 "/>
</bind>
</comp>

<comp id="2526" class="1005" name="exitcond_flatten_reg_2526">
<pin_list>
<pin id="2527" dir="0" index="0" bw="1" slack="1"/>
<pin id="2528" dir="1" index="1" bw="1" slack="2147483647"/>
</pin_list>
<bind>
<opset="exitcond_flatten "/>
</bind>
</comp>

<comp id="2530" class="1005" name="indvar_flatten_next_reg_2530">
<pin_list>
<pin id="2531" dir="0" index="0" bw="11" slack="0"/>
<pin id="2532" dir="1" index="1" bw="11" slack="0"/>
</pin_list>
<bind>
<opset="indvar_flatten_next "/>
</bind>
</comp>

<comp id="2535" class="1005" name="i_0_i_cast_mid2_v_reg_2535">
<pin_list>
<pin id="2536" dir="0" index="0" bw="6" slack="0"/>
<pin id="2537" dir="1" index="1" bw="6" slack="0"/>
</pin_list>
<bind>
<opset="i_0_i_cast_mid2_v "/>
</bind>
</comp>

<comp id="2541" class="1005" name="tmp_reg_2541">
<pin_list>
<pin id="2542" dir="0" index="0" bw="5" slack="1"/>
<pin id="2543" dir="1" index="1" bw="5" slack="2147483647"/>
</pin_list>
<bind>
<opset="tmp "/>
</bind>
</comp>

<comp id="2545" class="1005" name="j_reg_2545">
<pin_list>
<pin id="2546" dir="0" index="0" bw="6" slack="0"/>
<pin id="2547" dir="1" index="1" bw="6" slack="0"/>
</pin_list>
<bind>
<opset="j "/>
</bind>
</comp>

<comp id="2550" class="1005" name="exitcond_flatten1_reg_2550">
<pin_list>
<pin id="2551" dir="0" index="0" bw="1" slack="1"/>
<pin id="2552" dir="1" index="1" bw="1" slack="2147483647"/>
</pin_list>
<bind>
<opset="exitcond_flatten1 "/>
</bind>
</comp>

<comp id="2554" class="1005" name="indvar_flatten_next2_reg_2554">
<pin_list>
<pin id="2555" dir="0" index="0" bw="11" slack="0"/>
<pin id="2556" dir="1" index="1" bw="11" slack="0"/>
</pin_list>
<bind>
<opset="indvar_flatten_next2 "/>
</bind>
</comp>

<comp id="2559" class="1005" name="j2_0_i_mid2_reg_2559">
<pin_list>
<pin id="2560" dir="0" index="0" bw="6" slack="1"/>
<pin id="2561" dir="1" index="1" bw="6" slack="1"/>
</pin_list>
<bind>
<opset="j2_0_i_mid2 "/>
</bind>
</comp>

<comp id="2564" class="1005" name="i1_0_i_t_mid2_v_reg_2564">
<pin_list>
<pin id="2565" dir="0" index="0" bw="6" slack="0"/>
<pin id="2566" dir="1" index="1" bw="6" slack="0"/>
</pin_list>
<bind>
<opset="i1_0_i_t_mid2_v "/>
</bind>
</comp>

<comp id="2569" class="1005" name="tmp_1_reg_2569">
<pin_list>
<pin id="2570" dir="0" index="0" bw="5" slack="1"/>
<pin id="2571" dir="1" index="1" bw="5" slack="2147483647"/>
</pin_list>
<bind>
<opset="tmp_1 "/>
</bind>
</comp>

<comp id="2573" class="1005" name="j_1_reg_2573">
<pin_list>
<pin id="2574" dir="0" index="0" bw="6" slack="0"/>
<pin id="2575" dir="1" index="1" bw="6" slack="0"/>
</pin_list>
<bind>
<opset="j_1 "/>
</bind>
</comp>

<comp id="2578" class="1005" name="exitcond_flatten2_reg_2578">
<pin_list>
<pin id="2579" dir="0" index="0" bw="1" slack="1"/>
<pin id="2580" dir="1" index="1" bw="1" slack="2147483647"/>
</pin_list>
<bind>
<opset="exitcond_flatten2 "/>
</bind>
</comp>

<comp id="2582" class="1005" name="indvar_flatten_next1_reg_2582">
<pin_list>
<pin id="2583" dir="0" index="0" bw="11" slack="0"/>
<pin id="2584" dir="1" index="1" bw="11" slack="0"/>
</pin_list>
<bind>
<opset="indvar_flatten_next1 "/>
</bind>
</comp>

<comp id="2587" class="1005" name="ib_0_i_i_mid2_reg_2587">
<pin_list>
<pin id="2588" dir="0" index="0" bw="6" slack="165"/>
<pin id="2589" dir="1" index="1" bw="6" slack="165"/>
</pin_list>
<bind>
<opset="ib_0_i_i_mid2 "/>
</bind>
</comp>

<comp id="2592" class="1005" name="p_v_reg_2592">
<pin_list>
<pin id="2593" dir="0" index="0" bw="6" slack="0"/>
<pin id="2594" dir="1" index="1" bw="6" slack="0"/>
</pin_list>
<bind>
<opset="p_v "/>
</bind>
</comp>

<comp id="2598" class="1005" name="a_0_load_mid2_reg_2598">
<pin_list>
<pin id="2599" dir="0" index="0" bw="32" slack="5"/>
<pin id="2600" dir="1" index="1" bw="32" slack="5"/>
</pin_list>
<bind>
<opset="a_0_load_mid2 "/>
</bind>
</comp>

<comp id="2633" class="1005" name="a_0_addr_1_reg_2633">
<pin_list>
<pin id="2634" dir="0" index="0" bw="5" slack="1"/>
<pin id="2635" dir="1" index="1" bw="5" slack="1"/>
</pin_list>
<bind>
<opset="a_0_addr_1 "/>
</bind>
</comp>

<comp id="2638" class="1005" name="ib_0_i_i_cast5_reg_2638">
<pin_list>
<pin id="2639" dir="0" index="0" bw="32" slack="5"/>
<pin id="2640" dir="1" index="1" bw="32" slack="5"/>
</pin_list>
<bind>
<opset="ib_0_i_i_cast5 "/>
</bind>
</comp>

<comp id="2673" class="1005" name="b_0_addr_1_reg_2673">
<pin_list>
<pin id="2674" dir="0" index="0" bw="5" slack="1"/>
<pin id="2675" dir="1" index="1" bw="5" slack="1"/>
</pin_list>
<bind>
<opset="b_0_addr_1 "/>
</bind>
</comp>

<comp id="2678" class="1005" name="ib_reg_2678">
<pin_list>
<pin id="2679" dir="0" index="0" bw="6" slack="0"/>
<pin id="2680" dir="1" index="1" bw="6" slack="0"/>
</pin_list>
<bind>
<opset="ib "/>
</bind>
</comp>

<comp id="2683" class="1005" name="a_0_load_reg_2683">
<pin_list>
<pin id="2684" dir="0" index="0" bw="32" slack="1"/>
<pin id="2685" dir="1" index="1" bw="32" slack="1"/>
</pin_list>
<bind>
<opset="a_0_load "/>
</bind>
</comp>

<comp id="2688" class="1005" name="b_0_load_reg_2688">
<pin_list>
<pin id="2689" dir="0" index="0" bw="32" slack="1"/>
<pin id="2690" dir="1" index="1" bw="32" slack="1"/>
</pin_list>
<bind>
<opset="b_0_load "/>
</bind>
</comp>

<comp id="2693" class="1005" name="tmp_s_reg_2693">
<pin_list>
<pin id="2694" dir="0" index="0" bw="32" slack="1"/>
<pin id="2695" dir="1" index="1" bw="32" slack="1"/>
</pin_list>
<bind>
<opset="tmp_s "/>
</bind>
</comp>

<comp id="2698" class="1005" name="a_1_addr_1_reg_2698">
<pin_list>
<pin id="2699" dir="0" index="0" bw="5" slack="1"/>
<pin id="2700" dir="1" index="1" bw="5" slack="1"/>
</pin_list>
<bind>
<opset="a_1_addr_1 "/>
</bind>
</comp>

<comp id="2703" class="1005" name="b_1_addr_1_reg_2703">
<pin_list>
<pin id="2704" dir="0" index="0" bw="5" slack="1"/>
<pin id="2705" dir="1" index="1" bw="5" slack="1"/>
</pin_list>
<bind>
<opset="b_1_addr_1 "/>
</bind>
</comp>

<comp id="2708" class="1005" name="a_1_load_reg_2708">
<pin_list>
<pin id="2709" dir="0" index="0" bw="32" slack="1"/>
<pin id="2710" dir="1" index="1" bw="32" slack="1"/>
</pin_list>
<bind>
<opset="a_1_load "/>
</bind>
</comp>

<comp id="2713" class="1005" name="b_1_load_reg_2713">
<pin_list>
<pin id="2714" dir="0" index="0" bw="32" slack="1"/>
<pin id="2715" dir="1" index="1" bw="32" slack="1"/>
</pin_list>
<bind>
<opset="b_1_load "/>
</bind>
</comp>

<comp id="2718" class="1005" name="sum_reg_2718">
<pin_list>
<pin id="2719" dir="0" index="0" bw="32" slack="1"/>
<pin id="2720" dir="1" index="1" bw="32" slack="1"/>
</pin_list>
<bind>
<opset="sum "/>
</bind>
</comp>

<comp id="2723" class="1005" name="tmp_1_21_reg_2723">
<pin_list>
<pin id="2724" dir="0" index="0" bw="32" slack="1"/>
<pin id="2725" dir="1" index="1" bw="32" slack="1"/>
</pin_list>
<bind>
<opset="tmp_1_21 "/>
</bind>
</comp>

<comp id="2728" class="1005" name="a_2_addr_1_reg_2728">
<pin_list>
<pin id="2729" dir="0" index="0" bw="5" slack="1"/>
<pin id="2730" dir="1" index="1" bw="5" slack="1"/>
</pin_list>
<bind>
<opset="a_2_addr_1 "/>
</bind>
</comp>

<comp id="2733" class="1005" name="b_2_addr_1_reg_2733">
<pin_list>
<pin id="2734" dir="0" index="0" bw="5" slack="1"/>
<pin id="2735" dir="1" index="1" bw="5" slack="1"/>
</pin_list>
<bind>
<opset="b_2_addr_1 "/>
</bind>
</comp>

<comp id="2738" class="1005" name="a_2_load_reg_2738">
<pin_list>
<pin id="2739" dir="0" index="0" bw="32" slack="1"/>
<pin id="2740" dir="1" index="1" bw="32" slack="1"/>
</pin_list>
<bind>
<opset="a_2_load "/>
</bind>
</comp>

<comp id="2743" class="1005" name="b_2_load_reg_2743">
<pin_list>
<pin id="2744" dir="0" index="0" bw="32" slack="1"/>
<pin id="2745" dir="1" index="1" bw="32" slack="1"/>
</pin_list>
<bind>
<opset="b_2_load "/>
</bind>
</comp>

<comp id="2748" class="1005" name="sum_1_reg_2748">
<pin_list>
<pin id="2749" dir="0" index="0" bw="32" slack="1"/>
<pin id="2750" dir="1" index="1" bw="32" slack="1"/>
</pin_list>
<bind>
<opset="sum_1 "/>
</bind>
</comp>

<comp id="2753" class="1005" name="tmp_2_22_reg_2753">
<pin_list>
<pin id="2754" dir="0" index="0" bw="32" slack="1"/>
<pin id="2755" dir="1" index="1" bw="32" slack="1"/>
</pin_list>
<bind>
<opset="tmp_2_22 "/>
</bind>
</comp>

<comp id="2758" class="1005" name="a_3_addr_1_reg_2758">
<pin_list>
<pin id="2759" dir="0" index="0" bw="5" slack="1"/>
<pin id="2760" dir="1" index="1" bw="5" slack="1"/>
</pin_list>
<bind>
<opset="a_3_addr_1 "/>
</bind>
</comp>

<comp id="2763" class="1005" name="b_3_addr_1_reg_2763">
<pin_list>
<pin id="2764" dir="0" index="0" bw="5" slack="1"/>
<pin id="2765" dir="1" index="1" bw="5" slack="1"/>
</pin_list>
<bind>
<opset="b_3_addr_1 "/>
</bind>
</comp>

<comp id="2768" class="1005" name="a_3_load_reg_2768">
<pin_list>
<pin id="2769" dir="0" index="0" bw="32" slack="1"/>
<pin id="2770" dir="1" index="1" bw="32" slack="1"/>
</pin_list>
<bind>
<opset="a_3_load "/>
</bind>
</comp>

<comp id="2773" class="1005" name="b_3_load_reg_2773">
<pin_list>
<pin id="2774" dir="0" index="0" bw="32" slack="1"/>
<pin id="2775" dir="1" index="1" bw="32" slack="1"/>
</pin_list>
<bind>
<opset="b_3_load "/>
</bind>
</comp>

<comp id="2778" class="1005" name="sum_2_reg_2778">
<pin_list>
<pin id="2779" dir="0" index="0" bw="32" slack="1"/>
<pin id="2780" dir="1" index="1" bw="32" slack="1"/>
</pin_list>
<bind>
<opset="sum_2 "/>
</bind>
</comp>

<comp id="2783" class="1005" name="tmp_3_23_reg_2783">
<pin_list>
<pin id="2784" dir="0" index="0" bw="32" slack="1"/>
<pin id="2785" dir="1" index="1" bw="32" slack="1"/>
</pin_list>
<bind>
<opset="tmp_3_23 "/>
</bind>
</comp>

<comp id="2788" class="1005" name="a_4_addr_1_reg_2788">
<pin_list>
<pin id="2789" dir="0" index="0" bw="5" slack="1"/>
<pin id="2790" dir="1" index="1" bw="5" slack="1"/>
</pin_list>
<bind>
<opset="a_4_addr_1 "/>
</bind>
</comp>

<comp id="2793" class="1005" name="b_4_addr_1_reg_2793">
<pin_list>
<pin id="2794" dir="0" index="0" bw="5" slack="1"/>
<pin id="2795" dir="1" index="1" bw="5" slack="1"/>
</pin_list>
<bind>
<opset="b_4_addr_1 "/>
</bind>
</comp>

<comp id="2798" class="1005" name="a_4_load_reg_2798">
<pin_list>
<pin id="2799" dir="0" index="0" bw="32" slack="1"/>
<pin id="2800" dir="1" index="1" bw="32" slack="1"/>
</pin_list>
<bind>
<opset="a_4_load "/>
</bind>
</comp>

<comp id="2803" class="1005" name="b_4_load_reg_2803">
<pin_list>
<pin id="2804" dir="0" index="0" bw="32" slack="1"/>
<pin id="2805" dir="1" index="1" bw="32" slack="1"/>
</pin_list>
<bind>
<opset="b_4_load "/>
</bind>
</comp>

<comp id="2808" class="1005" name="sum_3_reg_2808">
<pin_list>
<pin id="2809" dir="0" index="0" bw="32" slack="1"/>
<pin id="2810" dir="1" index="1" bw="32" slack="1"/>
</pin_list>
<bind>
<opset="sum_3 "/>
</bind>
</comp>

<comp id="2813" class="1005" name="tmp_4_24_reg_2813">
<pin_list>
<pin id="2814" dir="0" index="0" bw="32" slack="1"/>
<pin id="2815" dir="1" index="1" bw="32" slack="1"/>
</pin_list>
<bind>
<opset="tmp_4_24 "/>
</bind>
</comp>

<comp id="2818" class="1005" name="a_5_addr_1_reg_2818">
<pin_list>
<pin id="2819" dir="0" index="0" bw="5" slack="1"/>
<pin id="2820" dir="1" index="1" bw="5" slack="1"/>
</pin_list>
<bind>
<opset="a_5_addr_1 "/>
</bind>
</comp>

<comp id="2823" class="1005" name="b_5_addr_1_reg_2823">
<pin_list>
<pin id="2824" dir="0" index="0" bw="5" slack="1"/>
<pin id="2825" dir="1" index="1" bw="5" slack="1"/>
</pin_list>
<bind>
<opset="b_5_addr_1 "/>
</bind>
</comp>

<comp id="2828" class="1005" name="a_5_load_reg_2828">
<pin_list>
<pin id="2829" dir="0" index="0" bw="32" slack="1"/>
<pin id="2830" dir="1" index="1" bw="32" slack="1"/>
</pin_list>
<bind>
<opset="a_5_load "/>
</bind>
</comp>

<comp id="2833" class="1005" name="b_5_load_reg_2833">
<pin_list>
<pin id="2834" dir="0" index="0" bw="32" slack="1"/>
<pin id="2835" dir="1" index="1" bw="32" slack="1"/>
</pin_list>
<bind>
<opset="b_5_load "/>
</bind>
</comp>

<comp id="2838" class="1005" name="sum_4_reg_2838">
<pin_list>
<pin id="2839" dir="0" index="0" bw="32" slack="1"/>
<pin id="2840" dir="1" index="1" bw="32" slack="1"/>
</pin_list>
<bind>
<opset="sum_4 "/>
</bind>
</comp>

<comp id="2843" class="1005" name="tmp_5_25_reg_2843">
<pin_list>
<pin id="2844" dir="0" index="0" bw="32" slack="1"/>
<pin id="2845" dir="1" index="1" bw="32" slack="1"/>
</pin_list>
<bind>
<opset="tmp_5_25 "/>
</bind>
</comp>

<comp id="2848" class="1005" name="a_6_addr_1_reg_2848">
<pin_list>
<pin id="2849" dir="0" index="0" bw="5" slack="1"/>
<pin id="2850" dir="1" index="1" bw="5" slack="1"/>
</pin_list>
<bind>
<opset="a_6_addr_1 "/>
</bind>
</comp>

<comp id="2853" class="1005" name="b_6_addr_1_reg_2853">
<pin_list>
<pin id="2854" dir="0" index="0" bw="5" slack="1"/>
<pin id="2855" dir="1" index="1" bw="5" slack="1"/>
</pin_list>
<bind>
<opset="b_6_addr_1 "/>
</bind>
</comp>

<comp id="2858" class="1005" name="a_6_load_reg_2858">
<pin_list>
<pin id="2859" dir="0" index="0" bw="32" slack="1"/>
<pin id="2860" dir="1" index="1" bw="32" slack="1"/>
</pin_list>
<bind>
<opset="a_6_load "/>
</bind>
</comp>

<comp id="2863" class="1005" name="b_6_load_reg_2863">
<pin_list>
<pin id="2864" dir="0" index="0" bw="32" slack="1"/>
<pin id="2865" dir="1" index="1" bw="32" slack="1"/>
</pin_list>
<bind>
<opset="b_6_load "/>
</bind>
</comp>

<comp id="2868" class="1005" name="sum_5_reg_2868">
<pin_list>
<pin id="2869" dir="0" index="0" bw="32" slack="1"/>
<pin id="2870" dir="1" index="1" bw="32" slack="1"/>
</pin_list>
<bind>
<opset="sum_5 "/>
</bind>
</comp>

<comp id="2873" class="1005" name="tmp_6_reg_2873">
<pin_list>
<pin id="2874" dir="0" index="0" bw="32" slack="1"/>
<pin id="2875" dir="1" index="1" bw="32" slack="1"/>
</pin_list>
<bind>
<opset="tmp_6 "/>
</bind>
</comp>

<comp id="2878" class="1005" name="a_7_addr_1_reg_2878">
<pin_list>
<pin id="2879" dir="0" index="0" bw="5" slack="1"/>
<pin id="2880" dir="1" index="1" bw="5" slack="1"/>
</pin_list>
<bind>
<opset="a_7_addr_1 "/>
</bind>
</comp>

<comp id="2883" class="1005" name="b_7_addr_1_reg_2883">
<pin_list>
<pin id="2884" dir="0" index="0" bw="5" slack="1"/>
<pin id="2885" dir="1" index="1" bw="5" slack="1"/>
</pin_list>
<bind>
<opset="b_7_addr_1 "/>
</bind>
</comp>

<comp id="2888" class="1005" name="a_7_load_reg_2888">
<pin_list>
<pin id="2889" dir="0" index="0" bw="32" slack="1"/>
<pin id="2890" dir="1" index="1" bw="32" slack="1"/>
</pin_list>
<bind>
<opset="a_7_load "/>
</bind>
</comp>

<comp id="2893" class="1005" name="b_7_load_reg_2893">
<pin_list>
<pin id="2894" dir="0" index="0" bw="32" slack="1"/>
<pin id="2895" dir="1" index="1" bw="32" slack="1"/>
</pin_list>
<bind>
<opset="b_7_load "/>
</bind>
</comp>

<comp id="2898" class="1005" name="sum_6_reg_2898">
<pin_list>
<pin id="2899" dir="0" index="0" bw="32" slack="1"/>
<pin id="2900" dir="1" index="1" bw="32" slack="1"/>
</pin_list>
<bind>
<opset="sum_6 "/>
</bind>
</comp>

<comp id="2903" class="1005" name="tmp_7_reg_2903">
<pin_list>
<pin id="2904" dir="0" index="0" bw="32" slack="1"/>
<pin id="2905" dir="1" index="1" bw="32" slack="1"/>
</pin_list>
<bind>
<opset="tmp_7 "/>
</bind>
</comp>

<comp id="2908" class="1005" name="a_8_addr_1_reg_2908">
<pin_list>
<pin id="2909" dir="0" index="0" bw="5" slack="1"/>
<pin id="2910" dir="1" index="1" bw="5" slack="1"/>
</pin_list>
<bind>
<opset="a_8_addr_1 "/>
</bind>
</comp>

<comp id="2913" class="1005" name="b_8_addr_1_reg_2913">
<pin_list>
<pin id="2914" dir="0" index="0" bw="5" slack="1"/>
<pin id="2915" dir="1" index="1" bw="5" slack="1"/>
</pin_list>
<bind>
<opset="b_8_addr_1 "/>
</bind>
</comp>

<comp id="2918" class="1005" name="a_8_load_reg_2918">
<pin_list>
<pin id="2919" dir="0" index="0" bw="32" slack="1"/>
<pin id="2920" dir="1" index="1" bw="32" slack="1"/>
</pin_list>
<bind>
<opset="a_8_load "/>
</bind>
</comp>

<comp id="2923" class="1005" name="b_8_load_reg_2923">
<pin_list>
<pin id="2924" dir="0" index="0" bw="32" slack="1"/>
<pin id="2925" dir="1" index="1" bw="32" slack="1"/>
</pin_list>
<bind>
<opset="b_8_load "/>
</bind>
</comp>

<comp id="2928" class="1005" name="sum_7_reg_2928">
<pin_list>
<pin id="2929" dir="0" index="0" bw="32" slack="1"/>
<pin id="2930" dir="1" index="1" bw="32" slack="1"/>
</pin_list>
<bind>
<opset="sum_7 "/>
</bind>
</comp>

<comp id="2933" class="1005" name="tmp_8_26_reg_2933">
<pin_list>
<pin id="2934" dir="0" index="0" bw="32" slack="1"/>
<pin id="2935" dir="1" index="1" bw="32" slack="1"/>
</pin_list>
<bind>
<opset="tmp_8_26 "/>
</bind>
</comp>

<comp id="2938" class="1005" name="a_9_addr_1_reg_2938">
<pin_list>
<pin id="2939" dir="0" index="0" bw="5" slack="1"/>
<pin id="2940" dir="1" index="1" bw="5" slack="1"/>
</pin_list>
<bind>
<opset="a_9_addr_1 "/>
</bind>
</comp>

<comp id="2943" class="1005" name="b_9_addr_1_reg_2943">
<pin_list>
<pin id="2944" dir="0" index="0" bw="5" slack="1"/>
<pin id="2945" dir="1" index="1" bw="5" slack="1"/>
</pin_list>
<bind>
<opset="b_9_addr_1 "/>
</bind>
</comp>

<comp id="2948" class="1005" name="a_9_load_reg_2948">
<pin_list>
<pin id="2949" dir="0" index="0" bw="32" slack="1"/>
<pin id="2950" dir="1" index="1" bw="32" slack="1"/>
</pin_list>
<bind>
<opset="a_9_load "/>
</bind>
</comp>

<comp id="2953" class="1005" name="b_9_load_reg_2953">
<pin_list>
<pin id="2954" dir="0" index="0" bw="32" slack="1"/>
<pin id="2955" dir="1" index="1" bw="32" slack="1"/>
</pin_list>
<bind>
<opset="b_9_load "/>
</bind>
</comp>

<comp id="2958" class="1005" name="sum_8_reg_2958">
<pin_list>
<pin id="2959" dir="0" index="0" bw="32" slack="1"/>
<pin id="2960" dir="1" index="1" bw="32" slack="1"/>
</pin_list>
<bind>
<opset="sum_8 "/>
</bind>
</comp>

<comp id="2963" class="1005" name="tmp_9_reg_2963">
<pin_list>
<pin id="2964" dir="0" index="0" bw="32" slack="1"/>
<pin id="2965" dir="1" index="1" bw="32" slack="1"/>
</pin_list>
<bind>
<opset="tmp_9 "/>
</bind>
</comp>

<comp id="2968" class="1005" name="a_10_addr_1_reg_2968">
<pin_list>
<pin id="2969" dir="0" index="0" bw="5" slack="1"/>
<pin id="2970" dir="1" index="1" bw="5" slack="1"/>
</pin_list>
<bind>
<opset="a_10_addr_1 "/>
</bind>
</comp>

<comp id="2973" class="1005" name="b_10_addr_1_reg_2973">
<pin_list>
<pin id="2974" dir="0" index="0" bw="5" slack="1"/>
<pin id="2975" dir="1" index="1" bw="5" slack="1"/>
</pin_list>
<bind>
<opset="b_10_addr_1 "/>
</bind>
</comp>

<comp id="2978" class="1005" name="a_10_load_reg_2978">
<pin_list>
<pin id="2979" dir="0" index="0" bw="32" slack="1"/>
<pin id="2980" dir="1" index="1" bw="32" slack="1"/>
</pin_list>
<bind>
<opset="a_10_load "/>
</bind>
</comp>

<comp id="2983" class="1005" name="b_10_load_reg_2983">
<pin_list>
<pin id="2984" dir="0" index="0" bw="32" slack="1"/>
<pin id="2985" dir="1" index="1" bw="32" slack="1"/>
</pin_list>
<bind>
<opset="b_10_load "/>
</bind>
</comp>

<comp id="2988" class="1005" name="sum_9_reg_2988">
<pin_list>
<pin id="2989" dir="0" index="0" bw="32" slack="1"/>
<pin id="2990" dir="1" index="1" bw="32" slack="1"/>
</pin_list>
<bind>
<opset="sum_9 "/>
</bind>
</comp>

<comp id="2993" class="1005" name="tmp_s_27_reg_2993">
<pin_list>
<pin id="2994" dir="0" index="0" bw="32" slack="1"/>
<pin id="2995" dir="1" index="1" bw="32" slack="1"/>
</pin_list>
<bind>
<opset="tmp_s_27 "/>
</bind>
</comp>

<comp id="2998" class="1005" name="a_11_addr_1_reg_2998">
<pin_list>
<pin id="2999" dir="0" index="0" bw="5" slack="1"/>
<pin id="3000" dir="1" index="1" bw="5" slack="1"/>
</pin_list>
<bind>
<opset="a_11_addr_1 "/>
</bind>
</comp>

<comp id="3003" class="1005" name="b_11_addr_1_reg_3003">
<pin_list>
<pin id="3004" dir="0" index="0" bw="5" slack="1"/>
<pin id="3005" dir="1" index="1" bw="5" slack="1"/>
</pin_list>
<bind>
<opset="b_11_addr_1 "/>
</bind>
</comp>

<comp id="3008" class="1005" name="a_11_load_reg_3008">
<pin_list>
<pin id="3009" dir="0" index="0" bw="32" slack="1"/>
<pin id="3010" dir="1" index="1" bw="32" slack="1"/>
</pin_list>
<bind>
<opset="a_11_load "/>
</bind>
</comp>

<comp id="3013" class="1005" name="b_11_load_reg_3013">
<pin_list>
<pin id="3014" dir="0" index="0" bw="32" slack="1"/>
<pin id="3015" dir="1" index="1" bw="32" slack="1"/>
</pin_list>
<bind>
<opset="b_11_load "/>
</bind>
</comp>

<comp id="3018" class="1005" name="sum_s_reg_3018">
<pin_list>
<pin id="3019" dir="0" index="0" bw="32" slack="1"/>
<pin id="3020" dir="1" index="1" bw="32" slack="1"/>
</pin_list>
<bind>
<opset="sum_s "/>
</bind>
</comp>

<comp id="3023" class="1005" name="tmp_10_reg_3023">
<pin_list>
<pin id="3024" dir="0" index="0" bw="32" slack="1"/>
<pin id="3025" dir="1" index="1" bw="32" slack="1"/>
</pin_list>
<bind>
<opset="tmp_10 "/>
</bind>
</comp>

<comp id="3028" class="1005" name="a_12_addr_1_reg_3028">
<pin_list>
<pin id="3029" dir="0" index="0" bw="5" slack="1"/>
<pin id="3030" dir="1" index="1" bw="5" slack="1"/>
</pin_list>
<bind>
<opset="a_12_addr_1 "/>
</bind>
</comp>

<comp id="3033" class="1005" name="b_12_addr_1_reg_3033">
<pin_list>
<pin id="3034" dir="0" index="0" bw="5" slack="1"/>
<pin id="3035" dir="1" index="1" bw="5" slack="1"/>
</pin_list>
<bind>
<opset="b_12_addr_1 "/>
</bind>
</comp>

<comp id="3038" class="1005" name="a_12_load_reg_3038">
<pin_list>
<pin id="3039" dir="0" index="0" bw="32" slack="1"/>
<pin id="3040" dir="1" index="1" bw="32" slack="1"/>
</pin_list>
<bind>
<opset="a_12_load "/>
</bind>
</comp>

<comp id="3043" class="1005" name="b_12_load_reg_3043">
<pin_list>
<pin id="3044" dir="0" index="0" bw="32" slack="1"/>
<pin id="3045" dir="1" index="1" bw="32" slack="1"/>
</pin_list>
<bind>
<opset="b_12_load "/>
</bind>
</comp>

<comp id="3048" class="1005" name="sum_10_reg_3048">
<pin_list>
<pin id="3049" dir="0" index="0" bw="32" slack="1"/>
<pin id="3050" dir="1" index="1" bw="32" slack="1"/>
</pin_list>
<bind>
<opset="sum_10 "/>
</bind>
</comp>

<comp id="3053" class="1005" name="tmp_11_reg_3053">
<pin_list>
<pin id="3054" dir="0" index="0" bw="32" slack="1"/>
<pin id="3055" dir="1" index="1" bw="32" slack="1"/>
</pin_list>
<bind>
<opset="tmp_11 "/>
</bind>
</comp>

<comp id="3058" class="1005" name="a_13_addr_1_reg_3058">
<pin_list>
<pin id="3059" dir="0" index="0" bw="5" slack="1"/>
<pin id="3060" dir="1" index="1" bw="5" slack="1"/>
</pin_list>
<bind>
<opset="a_13_addr_1 "/>
</bind>
</comp>

<comp id="3063" class="1005" name="b_13_addr_1_reg_3063">
<pin_list>
<pin id="3064" dir="0" index="0" bw="5" slack="1"/>
<pin id="3065" dir="1" index="1" bw="5" slack="1"/>
</pin_list>
<bind>
<opset="b_13_addr_1 "/>
</bind>
</comp>

<comp id="3068" class="1005" name="a_13_load_reg_3068">
<pin_list>
<pin id="3069" dir="0" index="0" bw="32" slack="1"/>
<pin id="3070" dir="1" index="1" bw="32" slack="1"/>
</pin_list>
<bind>
<opset="a_13_load "/>
</bind>
</comp>

<comp id="3073" class="1005" name="b_13_load_reg_3073">
<pin_list>
<pin id="3074" dir="0" index="0" bw="32" slack="1"/>
<pin id="3075" dir="1" index="1" bw="32" slack="1"/>
</pin_list>
<bind>
<opset="b_13_load "/>
</bind>
</comp>

<comp id="3078" class="1005" name="sum_11_reg_3078">
<pin_list>
<pin id="3079" dir="0" index="0" bw="32" slack="1"/>
<pin id="3080" dir="1" index="1" bw="32" slack="1"/>
</pin_list>
<bind>
<opset="sum_11 "/>
</bind>
</comp>

<comp id="3083" class="1005" name="tmp_12_reg_3083">
<pin_list>
<pin id="3084" dir="0" index="0" bw="32" slack="1"/>
<pin id="3085" dir="1" index="1" bw="32" slack="1"/>
</pin_list>
<bind>
<opset="tmp_12 "/>
</bind>
</comp>

<comp id="3088" class="1005" name="a_14_addr_1_reg_3088">
<pin_list>
<pin id="3089" dir="0" index="0" bw="5" slack="1"/>
<pin id="3090" dir="1" index="1" bw="5" slack="1"/>
</pin_list>
<bind>
<opset="a_14_addr_1 "/>
</bind>
</comp>

<comp id="3093" class="1005" name="b_14_addr_1_reg_3093">
<pin_list>
<pin id="3094" dir="0" index="0" bw="5" slack="1"/>
<pin id="3095" dir="1" index="1" bw="5" slack="1"/>
</pin_list>
<bind>
<opset="b_14_addr_1 "/>
</bind>
</comp>

<comp id="3098" class="1005" name="a_14_load_reg_3098">
<pin_list>
<pin id="3099" dir="0" index="0" bw="32" slack="1"/>
<pin id="3100" dir="1" index="1" bw="32" slack="1"/>
</pin_list>
<bind>
<opset="a_14_load "/>
</bind>
</comp>

<comp id="3103" class="1005" name="b_14_load_reg_3103">
<pin_list>
<pin id="3104" dir="0" index="0" bw="32" slack="1"/>
<pin id="3105" dir="1" index="1" bw="32" slack="1"/>
</pin_list>
<bind>
<opset="b_14_load "/>
</bind>
</comp>

<comp id="3108" class="1005" name="sum_12_reg_3108">
<pin_list>
<pin id="3109" dir="0" index="0" bw="32" slack="1"/>
<pin id="3110" dir="1" index="1" bw="32" slack="1"/>
</pin_list>
<bind>
<opset="sum_12 "/>
</bind>
</comp>

<comp id="3113" class="1005" name="tmp_13_reg_3113">
<pin_list>
<pin id="3114" dir="0" index="0" bw="32" slack="1"/>
<pin id="3115" dir="1" index="1" bw="32" slack="1"/>
</pin_list>
<bind>
<opset="tmp_13 "/>
</bind>
</comp>

<comp id="3118" class="1005" name="a_15_addr_1_reg_3118">
<pin_list>
<pin id="3119" dir="0" index="0" bw="5" slack="1"/>
<pin id="3120" dir="1" index="1" bw="5" slack="1"/>
</pin_list>
<bind>
<opset="a_15_addr_1 "/>
</bind>
</comp>

<comp id="3123" class="1005" name="b_15_addr_1_reg_3123">
<pin_list>
<pin id="3124" dir="0" index="0" bw="5" slack="1"/>
<pin id="3125" dir="1" index="1" bw="5" slack="1"/>
</pin_list>
<bind>
<opset="b_15_addr_1 "/>
</bind>
</comp>

<comp id="3128" class="1005" name="a_15_load_reg_3128">
<pin_list>
<pin id="3129" dir="0" index="0" bw="32" slack="1"/>
<pin id="3130" dir="1" index="1" bw="32" slack="1"/>
</pin_list>
<bind>
<opset="a_15_load "/>
</bind>
</comp>

<comp id="3133" class="1005" name="b_15_load_reg_3133">
<pin_list>
<pin id="3134" dir="0" index="0" bw="32" slack="1"/>
<pin id="3135" dir="1" index="1" bw="32" slack="1"/>
</pin_list>
<bind>
<opset="b_15_load "/>
</bind>
</comp>

<comp id="3138" class="1005" name="sum_13_reg_3138">
<pin_list>
<pin id="3139" dir="0" index="0" bw="32" slack="1"/>
<pin id="3140" dir="1" index="1" bw="32" slack="1"/>
</pin_list>
<bind>
<opset="sum_13 "/>
</bind>
</comp>

<comp id="3143" class="1005" name="tmp_14_reg_3143">
<pin_list>
<pin id="3144" dir="0" index="0" bw="32" slack="1"/>
<pin id="3145" dir="1" index="1" bw="32" slack="1"/>
</pin_list>
<bind>
<opset="tmp_14 "/>
</bind>
</comp>

<comp id="3148" class="1005" name="a_16_addr_1_reg_3148">
<pin_list>
<pin id="3149" dir="0" index="0" bw="5" slack="1"/>
<pin id="3150" dir="1" index="1" bw="5" slack="1"/>
</pin_list>
<bind>
<opset="a_16_addr_1 "/>
</bind>
</comp>

<comp id="3153" class="1005" name="b_16_addr_1_reg_3153">
<pin_list>
<pin id="3154" dir="0" index="0" bw="5" slack="1"/>
<pin id="3155" dir="1" index="1" bw="5" slack="1"/>
</pin_list>
<bind>
<opset="b_16_addr_1 "/>
</bind>
</comp>

<comp id="3158" class="1005" name="a_16_load_reg_3158">
<pin_list>
<pin id="3159" dir="0" index="0" bw="32" slack="1"/>
<pin id="3160" dir="1" index="1" bw="32" slack="1"/>
</pin_list>
<bind>
<opset="a_16_load "/>
</bind>
</comp>

<comp id="3163" class="1005" name="b_16_load_reg_3163">
<pin_list>
<pin id="3164" dir="0" index="0" bw="32" slack="1"/>
<pin id="3165" dir="1" index="1" bw="32" slack="1"/>
</pin_list>
<bind>
<opset="b_16_load "/>
</bind>
</comp>

<comp id="3168" class="1005" name="sum_14_reg_3168">
<pin_list>
<pin id="3169" dir="0" index="0" bw="32" slack="1"/>
<pin id="3170" dir="1" index="1" bw="32" slack="1"/>
</pin_list>
<bind>
<opset="sum_14 "/>
</bind>
</comp>

<comp id="3173" class="1005" name="tmp_15_reg_3173">
<pin_list>
<pin id="3174" dir="0" index="0" bw="32" slack="1"/>
<pin id="3175" dir="1" index="1" bw="32" slack="1"/>
</pin_list>
<bind>
<opset="tmp_15 "/>
</bind>
</comp>

<comp id="3178" class="1005" name="a_17_addr_1_reg_3178">
<pin_list>
<pin id="3179" dir="0" index="0" bw="5" slack="1"/>
<pin id="3180" dir="1" index="1" bw="5" slack="1"/>
</pin_list>
<bind>
<opset="a_17_addr_1 "/>
</bind>
</comp>

<comp id="3183" class="1005" name="b_17_addr_1_reg_3183">
<pin_list>
<pin id="3184" dir="0" index="0" bw="5" slack="1"/>
<pin id="3185" dir="1" index="1" bw="5" slack="1"/>
</pin_list>
<bind>
<opset="b_17_addr_1 "/>
</bind>
</comp>

<comp id="3188" class="1005" name="a_17_load_reg_3188">
<pin_list>
<pin id="3189" dir="0" index="0" bw="32" slack="1"/>
<pin id="3190" dir="1" index="1" bw="32" slack="1"/>
</pin_list>
<bind>
<opset="a_17_load "/>
</bind>
</comp>

<comp id="3193" class="1005" name="b_17_load_reg_3193">
<pin_list>
<pin id="3194" dir="0" index="0" bw="32" slack="1"/>
<pin id="3195" dir="1" index="1" bw="32" slack="1"/>
</pin_list>
<bind>
<opset="b_17_load "/>
</bind>
</comp>

<comp id="3198" class="1005" name="sum_15_reg_3198">
<pin_list>
<pin id="3199" dir="0" index="0" bw="32" slack="1"/>
<pin id="3200" dir="1" index="1" bw="32" slack="1"/>
</pin_list>
<bind>
<opset="sum_15 "/>
</bind>
</comp>

<comp id="3203" class="1005" name="tmp_16_reg_3203">
<pin_list>
<pin id="3204" dir="0" index="0" bw="32" slack="1"/>
<pin id="3205" dir="1" index="1" bw="32" slack="1"/>
</pin_list>
<bind>
<opset="tmp_16 "/>
</bind>
</comp>

<comp id="3208" class="1005" name="a_18_addr_1_reg_3208">
<pin_list>
<pin id="3209" dir="0" index="0" bw="5" slack="1"/>
<pin id="3210" dir="1" index="1" bw="5" slack="1"/>
</pin_list>
<bind>
<opset="a_18_addr_1 "/>
</bind>
</comp>

<comp id="3213" class="1005" name="b_18_addr_1_reg_3213">
<pin_list>
<pin id="3214" dir="0" index="0" bw="5" slack="1"/>
<pin id="3215" dir="1" index="1" bw="5" slack="1"/>
</pin_list>
<bind>
<opset="b_18_addr_1 "/>
</bind>
</comp>

<comp id="3218" class="1005" name="a_18_load_reg_3218">
<pin_list>
<pin id="3219" dir="0" index="0" bw="32" slack="1"/>
<pin id="3220" dir="1" index="1" bw="32" slack="1"/>
</pin_list>
<bind>
<opset="a_18_load "/>
</bind>
</comp>

<comp id="3223" class="1005" name="b_18_load_reg_3223">
<pin_list>
<pin id="3224" dir="0" index="0" bw="32" slack="1"/>
<pin id="3225" dir="1" index="1" bw="32" slack="1"/>
</pin_list>
<bind>
<opset="b_18_load "/>
</bind>
</comp>

<comp id="3228" class="1005" name="sum_16_reg_3228">
<pin_list>
<pin id="3229" dir="0" index="0" bw="32" slack="1"/>
<pin id="3230" dir="1" index="1" bw="32" slack="1"/>
</pin_list>
<bind>
<opset="sum_16 "/>
</bind>
</comp>

<comp id="3233" class="1005" name="tmp_17_reg_3233">
<pin_list>
<pin id="3234" dir="0" index="0" bw="32" slack="1"/>
<pin id="3235" dir="1" index="1" bw="32" slack="1"/>
</pin_list>
<bind>
<opset="tmp_17 "/>
</bind>
</comp>

<comp id="3238" class="1005" name="a_19_addr_1_reg_3238">
<pin_list>
<pin id="3239" dir="0" index="0" bw="5" slack="1"/>
<pin id="3240" dir="1" index="1" bw="5" slack="1"/>
</pin_list>
<bind>
<opset="a_19_addr_1 "/>
</bind>
</comp>

<comp id="3243" class="1005" name="b_19_addr_1_reg_3243">
<pin_list>
<pin id="3244" dir="0" index="0" bw="5" slack="1"/>
<pin id="3245" dir="1" index="1" bw="5" slack="1"/>
</pin_list>
<bind>
<opset="b_19_addr_1 "/>
</bind>
</comp>

<comp id="3248" class="1005" name="a_19_load_reg_3248">
<pin_list>
<pin id="3249" dir="0" index="0" bw="32" slack="1"/>
<pin id="3250" dir="1" index="1" bw="32" slack="1"/>
</pin_list>
<bind>
<opset="a_19_load "/>
</bind>
</comp>

<comp id="3253" class="1005" name="b_19_load_reg_3253">
<pin_list>
<pin id="3254" dir="0" index="0" bw="32" slack="1"/>
<pin id="3255" dir="1" index="1" bw="32" slack="1"/>
</pin_list>
<bind>
<opset="b_19_load "/>
</bind>
</comp>

<comp id="3258" class="1005" name="sum_17_reg_3258">
<pin_list>
<pin id="3259" dir="0" index="0" bw="32" slack="1"/>
<pin id="3260" dir="1" index="1" bw="32" slack="1"/>
</pin_list>
<bind>
<opset="sum_17 "/>
</bind>
</comp>

<comp id="3263" class="1005" name="tmp_18_reg_3263">
<pin_list>
<pin id="3264" dir="0" index="0" bw="32" slack="1"/>
<pin id="3265" dir="1" index="1" bw="32" slack="1"/>
</pin_list>
<bind>
<opset="tmp_18 "/>
</bind>
</comp>

<comp id="3268" class="1005" name="a_20_addr_1_reg_3268">
<pin_list>
<pin id="3269" dir="0" index="0" bw="5" slack="1"/>
<pin id="3270" dir="1" index="1" bw="5" slack="1"/>
</pin_list>
<bind>
<opset="a_20_addr_1 "/>
</bind>
</comp>

<comp id="3273" class="1005" name="b_20_addr_1_reg_3273">
<pin_list>
<pin id="3274" dir="0" index="0" bw="5" slack="1"/>
<pin id="3275" dir="1" index="1" bw="5" slack="1"/>
</pin_list>
<bind>
<opset="b_20_addr_1 "/>
</bind>
</comp>

<comp id="3278" class="1005" name="a_20_load_reg_3278">
<pin_list>
<pin id="3279" dir="0" index="0" bw="32" slack="1"/>
<pin id="3280" dir="1" index="1" bw="32" slack="1"/>
</pin_list>
<bind>
<opset="a_20_load "/>
</bind>
</comp>

<comp id="3283" class="1005" name="b_20_load_reg_3283">
<pin_list>
<pin id="3284" dir="0" index="0" bw="32" slack="1"/>
<pin id="3285" dir="1" index="1" bw="32" slack="1"/>
</pin_list>
<bind>
<opset="b_20_load "/>
</bind>
</comp>

<comp id="3288" class="1005" name="sum_18_reg_3288">
<pin_list>
<pin id="3289" dir="0" index="0" bw="32" slack="1"/>
<pin id="3290" dir="1" index="1" bw="32" slack="1"/>
</pin_list>
<bind>
<opset="sum_18 "/>
</bind>
</comp>

<comp id="3293" class="1005" name="tmp_19_reg_3293">
<pin_list>
<pin id="3294" dir="0" index="0" bw="32" slack="1"/>
<pin id="3295" dir="1" index="1" bw="32" slack="1"/>
</pin_list>
<bind>
<opset="tmp_19 "/>
</bind>
</comp>

<comp id="3298" class="1005" name="a_21_addr_1_reg_3298">
<pin_list>
<pin id="3299" dir="0" index="0" bw="5" slack="1"/>
<pin id="3300" dir="1" index="1" bw="5" slack="1"/>
</pin_list>
<bind>
<opset="a_21_addr_1 "/>
</bind>
</comp>

<comp id="3303" class="1005" name="b_21_addr_1_reg_3303">
<pin_list>
<pin id="3304" dir="0" index="0" bw="5" slack="1"/>
<pin id="3305" dir="1" index="1" bw="5" slack="1"/>
</pin_list>
<bind>
<opset="b_21_addr_1 "/>
</bind>
</comp>

<comp id="3308" class="1005" name="a_21_load_reg_3308">
<pin_list>
<pin id="3309" dir="0" index="0" bw="32" slack="1"/>
<pin id="3310" dir="1" index="1" bw="32" slack="1"/>
</pin_list>
<bind>
<opset="a_21_load "/>
</bind>
</comp>

<comp id="3313" class="1005" name="b_21_load_reg_3313">
<pin_list>
<pin id="3314" dir="0" index="0" bw="32" slack="1"/>
<pin id="3315" dir="1" index="1" bw="32" slack="1"/>
</pin_list>
<bind>
<opset="b_21_load "/>
</bind>
</comp>

<comp id="3318" class="1005" name="sum_19_reg_3318">
<pin_list>
<pin id="3319" dir="0" index="0" bw="32" slack="1"/>
<pin id="3320" dir="1" index="1" bw="32" slack="1"/>
</pin_list>
<bind>
<opset="sum_19 "/>
</bind>
</comp>

<comp id="3323" class="1005" name="tmp_20_reg_3323">
<pin_list>
<pin id="3324" dir="0" index="0" bw="32" slack="1"/>
<pin id="3325" dir="1" index="1" bw="32" slack="1"/>
</pin_list>
<bind>
<opset="tmp_20 "/>
</bind>
</comp>

<comp id="3328" class="1005" name="a_22_addr_1_reg_3328">
<pin_list>
<pin id="3329" dir="0" index="0" bw="5" slack="1"/>
<pin id="3330" dir="1" index="1" bw="5" slack="1"/>
</pin_list>
<bind>
<opset="a_22_addr_1 "/>
</bind>
</comp>

<comp id="3333" class="1005" name="b_22_addr_1_reg_3333">
<pin_list>
<pin id="3334" dir="0" index="0" bw="5" slack="1"/>
<pin id="3335" dir="1" index="1" bw="5" slack="1"/>
</pin_list>
<bind>
<opset="b_22_addr_1 "/>
</bind>
</comp>

<comp id="3338" class="1005" name="a_22_load_reg_3338">
<pin_list>
<pin id="3339" dir="0" index="0" bw="32" slack="1"/>
<pin id="3340" dir="1" index="1" bw="32" slack="1"/>
</pin_list>
<bind>
<opset="a_22_load "/>
</bind>
</comp>

<comp id="3343" class="1005" name="b_22_load_reg_3343">
<pin_list>
<pin id="3344" dir="0" index="0" bw="32" slack="1"/>
<pin id="3345" dir="1" index="1" bw="32" slack="1"/>
</pin_list>
<bind>
<opset="b_22_load "/>
</bind>
</comp>

<comp id="3348" class="1005" name="sum_20_reg_3348">
<pin_list>
<pin id="3349" dir="0" index="0" bw="32" slack="1"/>
<pin id="3350" dir="1" index="1" bw="32" slack="1"/>
</pin_list>
<bind>
<opset="sum_20 "/>
</bind>
</comp>

<comp id="3353" class="1005" name="tmp_21_reg_3353">
<pin_list>
<pin id="3354" dir="0" index="0" bw="32" slack="1"/>
<pin id="3355" dir="1" index="1" bw="32" slack="1"/>
</pin_list>
<bind>
<opset="tmp_21 "/>
</bind>
</comp>

<comp id="3358" class="1005" name="a_23_addr_1_reg_3358">
<pin_list>
<pin id="3359" dir="0" index="0" bw="5" slack="1"/>
<pin id="3360" dir="1" index="1" bw="5" slack="1"/>
</pin_list>
<bind>
<opset="a_23_addr_1 "/>
</bind>
</comp>

<comp id="3363" class="1005" name="b_23_addr_1_reg_3363">
<pin_list>
<pin id="3364" dir="0" index="0" bw="5" slack="1"/>
<pin id="3365" dir="1" index="1" bw="5" slack="1"/>
</pin_list>
<bind>
<opset="b_23_addr_1 "/>
</bind>
</comp>

<comp id="3368" class="1005" name="a_23_load_reg_3368">
<pin_list>
<pin id="3369" dir="0" index="0" bw="32" slack="1"/>
<pin id="3370" dir="1" index="1" bw="32" slack="1"/>
</pin_list>
<bind>
<opset="a_23_load "/>
</bind>
</comp>

<comp id="3373" class="1005" name="b_23_load_reg_3373">
<pin_list>
<pin id="3374" dir="0" index="0" bw="32" slack="1"/>
<pin id="3375" dir="1" index="1" bw="32" slack="1"/>
</pin_list>
<bind>
<opset="b_23_load "/>
</bind>
</comp>

<comp id="3378" class="1005" name="sum_21_reg_3378">
<pin_list>
<pin id="3379" dir="0" index="0" bw="32" slack="1"/>
<pin id="3380" dir="1" index="1" bw="32" slack="1"/>
</pin_list>
<bind>
<opset="sum_21 "/>
</bind>
</comp>

<comp id="3383" class="1005" name="tmp_22_reg_3383">
<pin_list>
<pin id="3384" dir="0" index="0" bw="32" slack="1"/>
<pin id="3385" dir="1" index="1" bw="32" slack="1"/>
</pin_list>
<bind>
<opset="tmp_22 "/>
</bind>
</comp>

<comp id="3388" class="1005" name="a_24_addr_1_reg_3388">
<pin_list>
<pin id="3389" dir="0" index="0" bw="5" slack="1"/>
<pin id="3390" dir="1" index="1" bw="5" slack="1"/>
</pin_list>
<bind>
<opset="a_24_addr_1 "/>
</bind>
</comp>

<comp id="3393" class="1005" name="b_24_addr_1_reg_3393">
<pin_list>
<pin id="3394" dir="0" index="0" bw="5" slack="1"/>
<pin id="3395" dir="1" index="1" bw="5" slack="1"/>
</pin_list>
<bind>
<opset="b_24_addr_1 "/>
</bind>
</comp>

<comp id="3398" class="1005" name="a_24_load_reg_3398">
<pin_list>
<pin id="3399" dir="0" index="0" bw="32" slack="1"/>
<pin id="3400" dir="1" index="1" bw="32" slack="1"/>
</pin_list>
<bind>
<opset="a_24_load "/>
</bind>
</comp>

<comp id="3403" class="1005" name="b_24_load_reg_3403">
<pin_list>
<pin id="3404" dir="0" index="0" bw="32" slack="1"/>
<pin id="3405" dir="1" index="1" bw="32" slack="1"/>
</pin_list>
<bind>
<opset="b_24_load "/>
</bind>
</comp>

<comp id="3408" class="1005" name="sum_22_reg_3408">
<pin_list>
<pin id="3409" dir="0" index="0" bw="32" slack="1"/>
<pin id="3410" dir="1" index="1" bw="32" slack="1"/>
</pin_list>
<bind>
<opset="sum_22 "/>
</bind>
</comp>

<comp id="3413" class="1005" name="tmp_23_reg_3413">
<pin_list>
<pin id="3414" dir="0" index="0" bw="32" slack="1"/>
<pin id="3415" dir="1" index="1" bw="32" slack="1"/>
</pin_list>
<bind>
<opset="tmp_23 "/>
</bind>
</comp>

<comp id="3418" class="1005" name="a_25_addr_1_reg_3418">
<pin_list>
<pin id="3419" dir="0" index="0" bw="5" slack="1"/>
<pin id="3420" dir="1" index="1" bw="5" slack="1"/>
</pin_list>
<bind>
<opset="a_25_addr_1 "/>
</bind>
</comp>

<comp id="3423" class="1005" name="b_25_addr_1_reg_3423">
<pin_list>
<pin id="3424" dir="0" index="0" bw="5" slack="1"/>
<pin id="3425" dir="1" index="1" bw="5" slack="1"/>
</pin_list>
<bind>
<opset="b_25_addr_1 "/>
</bind>
</comp>

<comp id="3428" class="1005" name="a_25_load_reg_3428">
<pin_list>
<pin id="3429" dir="0" index="0" bw="32" slack="1"/>
<pin id="3430" dir="1" index="1" bw="32" slack="1"/>
</pin_list>
<bind>
<opset="a_25_load "/>
</bind>
</comp>

<comp id="3433" class="1005" name="b_25_load_reg_3433">
<pin_list>
<pin id="3434" dir="0" index="0" bw="32" slack="1"/>
<pin id="3435" dir="1" index="1" bw="32" slack="1"/>
</pin_list>
<bind>
<opset="b_25_load "/>
</bind>
</comp>

<comp id="3438" class="1005" name="sum_23_reg_3438">
<pin_list>
<pin id="3439" dir="0" index="0" bw="32" slack="1"/>
<pin id="3440" dir="1" index="1" bw="32" slack="1"/>
</pin_list>
<bind>
<opset="sum_23 "/>
</bind>
</comp>

<comp id="3443" class="1005" name="tmp_24_reg_3443">
<pin_list>
<pin id="3444" dir="0" index="0" bw="32" slack="1"/>
<pin id="3445" dir="1" index="1" bw="32" slack="1"/>
</pin_list>
<bind>
<opset="tmp_24 "/>
</bind>
</comp>

<comp id="3448" class="1005" name="a_26_addr_1_reg_3448">
<pin_list>
<pin id="3449" dir="0" index="0" bw="5" slack="1"/>
<pin id="3450" dir="1" index="1" bw="5" slack="1"/>
</pin_list>
<bind>
<opset="a_26_addr_1 "/>
</bind>
</comp>

<comp id="3453" class="1005" name="b_26_addr_1_reg_3453">
<pin_list>
<pin id="3454" dir="0" index="0" bw="5" slack="1"/>
<pin id="3455" dir="1" index="1" bw="5" slack="1"/>
</pin_list>
<bind>
<opset="b_26_addr_1 "/>
</bind>
</comp>

<comp id="3458" class="1005" name="a_26_load_reg_3458">
<pin_list>
<pin id="3459" dir="0" index="0" bw="32" slack="1"/>
<pin id="3460" dir="1" index="1" bw="32" slack="1"/>
</pin_list>
<bind>
<opset="a_26_load "/>
</bind>
</comp>

<comp id="3463" class="1005" name="b_26_load_reg_3463">
<pin_list>
<pin id="3464" dir="0" index="0" bw="32" slack="1"/>
<pin id="3465" dir="1" index="1" bw="32" slack="1"/>
</pin_list>
<bind>
<opset="b_26_load "/>
</bind>
</comp>

<comp id="3468" class="1005" name="sum_24_reg_3468">
<pin_list>
<pin id="3469" dir="0" index="0" bw="32" slack="1"/>
<pin id="3470" dir="1" index="1" bw="32" slack="1"/>
</pin_list>
<bind>
<opset="sum_24 "/>
</bind>
</comp>

<comp id="3473" class="1005" name="tmp_25_reg_3473">
<pin_list>
<pin id="3474" dir="0" index="0" bw="32" slack="1"/>
<pin id="3475" dir="1" index="1" bw="32" slack="1"/>
</pin_list>
<bind>
<opset="tmp_25 "/>
</bind>
</comp>

<comp id="3478" class="1005" name="a_27_addr_1_reg_3478">
<pin_list>
<pin id="3479" dir="0" index="0" bw="5" slack="1"/>
<pin id="3480" dir="1" index="1" bw="5" slack="1"/>
</pin_list>
<bind>
<opset="a_27_addr_1 "/>
</bind>
</comp>

<comp id="3483" class="1005" name="b_27_addr_1_reg_3483">
<pin_list>
<pin id="3484" dir="0" index="0" bw="5" slack="1"/>
<pin id="3485" dir="1" index="1" bw="5" slack="1"/>
</pin_list>
<bind>
<opset="b_27_addr_1 "/>
</bind>
</comp>

<comp id="3488" class="1005" name="a_27_load_reg_3488">
<pin_list>
<pin id="3489" dir="0" index="0" bw="32" slack="1"/>
<pin id="3490" dir="1" index="1" bw="32" slack="1"/>
</pin_list>
<bind>
<opset="a_27_load "/>
</bind>
</comp>

<comp id="3493" class="1005" name="b_27_load_reg_3493">
<pin_list>
<pin id="3494" dir="0" index="0" bw="32" slack="1"/>
<pin id="3495" dir="1" index="1" bw="32" slack="1"/>
</pin_list>
<bind>
<opset="b_27_load "/>
</bind>
</comp>

<comp id="3498" class="1005" name="sum_25_reg_3498">
<pin_list>
<pin id="3499" dir="0" index="0" bw="32" slack="1"/>
<pin id="3500" dir="1" index="1" bw="32" slack="1"/>
</pin_list>
<bind>
<opset="sum_25 "/>
</bind>
</comp>

<comp id="3503" class="1005" name="tmp_26_reg_3503">
<pin_list>
<pin id="3504" dir="0" index="0" bw="32" slack="1"/>
<pin id="3505" dir="1" index="1" bw="32" slack="1"/>
</pin_list>
<bind>
<opset="tmp_26 "/>
</bind>
</comp>

<comp id="3508" class="1005" name="a_28_addr_1_reg_3508">
<pin_list>
<pin id="3509" dir="0" index="0" bw="5" slack="1"/>
<pin id="3510" dir="1" index="1" bw="5" slack="1"/>
</pin_list>
<bind>
<opset="a_28_addr_1 "/>
</bind>
</comp>

<comp id="3513" class="1005" name="b_28_addr_1_reg_3513">
<pin_list>
<pin id="3514" dir="0" index="0" bw="5" slack="1"/>
<pin id="3515" dir="1" index="1" bw="5" slack="1"/>
</pin_list>
<bind>
<opset="b_28_addr_1 "/>
</bind>
</comp>

<comp id="3518" class="1005" name="a_28_load_reg_3518">
<pin_list>
<pin id="3519" dir="0" index="0" bw="32" slack="1"/>
<pin id="3520" dir="1" index="1" bw="32" slack="1"/>
</pin_list>
<bind>
<opset="a_28_load "/>
</bind>
</comp>

<comp id="3523" class="1005" name="b_28_load_reg_3523">
<pin_list>
<pin id="3524" dir="0" index="0" bw="32" slack="1"/>
<pin id="3525" dir="1" index="1" bw="32" slack="1"/>
</pin_list>
<bind>
<opset="b_28_load "/>
</bind>
</comp>

<comp id="3528" class="1005" name="sum_26_reg_3528">
<pin_list>
<pin id="3529" dir="0" index="0" bw="32" slack="1"/>
<pin id="3530" dir="1" index="1" bw="32" slack="1"/>
</pin_list>
<bind>
<opset="sum_26 "/>
</bind>
</comp>

<comp id="3533" class="1005" name="tmp_27_reg_3533">
<pin_list>
<pin id="3534" dir="0" index="0" bw="32" slack="1"/>
<pin id="3535" dir="1" index="1" bw="32" slack="1"/>
</pin_list>
<bind>
<opset="tmp_27 "/>
</bind>
</comp>

<comp id="3538" class="1005" name="a_29_addr_1_reg_3538">
<pin_list>
<pin id="3539" dir="0" index="0" bw="5" slack="1"/>
<pin id="3540" dir="1" index="1" bw="5" slack="1"/>
</pin_list>
<bind>
<opset="a_29_addr_1 "/>
</bind>
</comp>

<comp id="3543" class="1005" name="b_29_addr_1_reg_3543">
<pin_list>
<pin id="3544" dir="0" index="0" bw="5" slack="1"/>
<pin id="3545" dir="1" index="1" bw="5" slack="1"/>
</pin_list>
<bind>
<opset="b_29_addr_1 "/>
</bind>
</comp>

<comp id="3548" class="1005" name="a_29_load_reg_3548">
<pin_list>
<pin id="3549" dir="0" index="0" bw="32" slack="1"/>
<pin id="3550" dir="1" index="1" bw="32" slack="1"/>
</pin_list>
<bind>
<opset="a_29_load "/>
</bind>
</comp>

<comp id="3553" class="1005" name="b_29_load_reg_3553">
<pin_list>
<pin id="3554" dir="0" index="0" bw="32" slack="1"/>
<pin id="3555" dir="1" index="1" bw="32" slack="1"/>
</pin_list>
<bind>
<opset="b_29_load "/>
</bind>
</comp>

<comp id="3558" class="1005" name="sum_27_reg_3558">
<pin_list>
<pin id="3559" dir="0" index="0" bw="32" slack="1"/>
<pin id="3560" dir="1" index="1" bw="32" slack="1"/>
</pin_list>
<bind>
<opset="sum_27 "/>
</bind>
</comp>

<comp id="3563" class="1005" name="tmp_28_reg_3563">
<pin_list>
<pin id="3564" dir="0" index="0" bw="32" slack="1"/>
<pin id="3565" dir="1" index="1" bw="32" slack="1"/>
</pin_list>
<bind>
<opset="tmp_28 "/>
</bind>
</comp>

<comp id="3568" class="1005" name="a_30_addr_1_reg_3568">
<pin_list>
<pin id="3569" dir="0" index="0" bw="5" slack="1"/>
<pin id="3570" dir="1" index="1" bw="5" slack="1"/>
</pin_list>
<bind>
<opset="a_30_addr_1 "/>
</bind>
</comp>

<comp id="3573" class="1005" name="a_31_addr_1_reg_3573">
<pin_list>
<pin id="3574" dir="0" index="0" bw="5" slack="1"/>
<pin id="3575" dir="1" index="1" bw="5" slack="1"/>
</pin_list>
<bind>
<opset="a_31_addr_1 "/>
</bind>
</comp>

<comp id="3578" class="1005" name="b_30_addr_1_reg_3578">
<pin_list>
<pin id="3579" dir="0" index="0" bw="5" slack="1"/>
<pin id="3580" dir="1" index="1" bw="5" slack="1"/>
</pin_list>
<bind>
<opset="b_30_addr_1 "/>
</bind>
</comp>

<comp id="3583" class="1005" name="b_31_addr_1_reg_3583">
<pin_list>
<pin id="3584" dir="0" index="0" bw="5" slack="1"/>
<pin id="3585" dir="1" index="1" bw="5" slack="1"/>
</pin_list>
<bind>
<opset="b_31_addr_1 "/>
</bind>
</comp>

<comp id="3588" class="1005" name="a_30_load_reg_3588">
<pin_list>
<pin id="3589" dir="0" index="0" bw="32" slack="1"/>
<pin id="3590" dir="1" index="1" bw="32" slack="1"/>
</pin_list>
<bind>
<opset="a_30_load "/>
</bind>
</comp>

<comp id="3593" class="1005" name="a_31_load_reg_3593">
<pin_list>
<pin id="3594" dir="0" index="0" bw="32" slack="1"/>
<pin id="3595" dir="1" index="1" bw="32" slack="1"/>
</pin_list>
<bind>
<opset="a_31_load "/>
</bind>
</comp>

<comp id="3598" class="1005" name="b_30_load_reg_3598">
<pin_list>
<pin id="3599" dir="0" index="0" bw="32" slack="1"/>
<pin id="3600" dir="1" index="1" bw="32" slack="1"/>
</pin_list>
<bind>
<opset="b_30_load "/>
</bind>
</comp>

<comp id="3603" class="1005" name="b_31_load_reg_3603">
<pin_list>
<pin id="3604" dir="0" index="0" bw="32" slack="1"/>
<pin id="3605" dir="1" index="1" bw="32" slack="1"/>
</pin_list>
<bind>
<opset="b_31_load "/>
</bind>
</comp>

<comp id="3608" class="1005" name="sum_28_reg_3608">
<pin_list>
<pin id="3609" dir="0" index="0" bw="32" slack="1"/>
<pin id="3610" dir="1" index="1" bw="32" slack="1"/>
</pin_list>
<bind>
<opset="sum_28 "/>
</bind>
</comp>

<comp id="3613" class="1005" name="tmp_29_reg_3613">
<pin_list>
<pin id="3614" dir="0" index="0" bw="32" slack="1"/>
<pin id="3615" dir="1" index="1" bw="32" slack="1"/>
</pin_list>
<bind>
<opset="tmp_29 "/>
</bind>
</comp>

<comp id="3618" class="1005" name="tmp_30_reg_3618">
<pin_list>
<pin id="3619" dir="0" index="0" bw="32" slack="6"/>
<pin id="3620" dir="1" index="1" bw="32" slack="6"/>
</pin_list>
<bind>
<opset="tmp_30 "/>
</bind>
</comp>

<comp id="3623" class="1005" name="sum_29_reg_3623">
<pin_list>
<pin id="3624" dir="0" index="0" bw="32" slack="1"/>
<pin id="3625" dir="1" index="1" bw="32" slack="1"/>
</pin_list>
<bind>
<opset="sum_29 "/>
</bind>
</comp>

<comp id="3628" class="1005" name="sum_30_reg_3628">
<pin_list>
<pin id="3629" dir="0" index="0" bw="32" slack="1"/>
<pin id="3630" dir="1" index="1" bw="32" slack="1"/>
</pin_list>
<bind>
<opset="sum_30 "/>
</bind>
</comp>

<comp id="3633" class="1005" name="exitcond_flatten3_reg_3633">
<pin_list>
<pin id="3634" dir="0" index="0" bw="1" slack="1"/>
<pin id="3635" dir="1" index="1" bw="1" slack="2147483647"/>
</pin_list>
<bind>
<opset="exitcond_flatten3 "/>
</bind>
</comp>

<comp id="3637" class="1005" name="indvar_flatten_next3_reg_3637">
<pin_list>
<pin id="3638" dir="0" index="0" bw="11" slack="0"/>
<pin id="3639" dir="1" index="1" bw="11" slack="0"/>
</pin_list>
<bind>
<opset="indvar_flatten_next3 "/>
</bind>
</comp>

<comp id="3642" class="1005" name="i4_0_i_cast4_mid2_v_reg_3642">
<pin_list>
<pin id="3643" dir="0" index="0" bw="6" slack="0"/>
<pin id="3644" dir="1" index="1" bw="6" slack="0"/>
</pin_list>
<bind>
<opset="i4_0_i_cast4_mid2_v "/>
</bind>
</comp>

<comp id="3647" class="1005" name="out_addr_1_reg_3647">
<pin_list>
<pin id="3648" dir="0" index="0" bw="10" slack="1"/>
<pin id="3649" dir="1" index="1" bw="10" slack="1"/>
</pin_list>
<bind>
<opset="out_addr_1 "/>
</bind>
</comp>

<comp id="3652" class="1005" name="last_assign_reg_3652">
<pin_list>
<pin id="3653" dir="0" index="0" bw="1" slack="1"/>
<pin id="3654" dir="1" index="1" bw="1" slack="1"/>
</pin_list>
<bind>
<opset="last_assign "/>
</bind>
</comp>

<comp id="3657" class="1005" name="j_2_reg_3657">
<pin_list>
<pin id="3658" dir="0" index="0" bw="6" slack="0"/>
<pin id="3659" dir="1" index="1" bw="6" slack="0"/>
</pin_list>
<bind>
<opset="j_2 "/>
</bind>
</comp>

<comp id="3662" class="1005" name="val_assign_reg_3662">
<pin_list>
<pin id="3663" dir="0" index="0" bw="32" slack="1"/>
<pin id="3664" dir="1" index="1" bw="32" slack="1"/>
</pin_list>
<bind>
<opset="val_assign "/>
</bind>
</comp>

</comp_list>

<net_list>
<net id="165"><net_src comp="30" pin="0"/><net_sink comp="162" pin=0"/></net>

<net id="169"><net_src comp="30" pin="0"/><net_sink comp="166" pin=0"/></net>

<net id="173"><net_src comp="30" pin="0"/><net_sink comp="170" pin=0"/></net>

<net id="177"><net_src comp="30" pin="0"/><net_sink comp="174" pin=0"/></net>

<net id="181"><net_src comp="30" pin="0"/><net_sink comp="178" pin=0"/></net>

<net id="185"><net_src comp="30" pin="0"/><net_sink comp="182" pin=0"/></net>

<net id="189"><net_src comp="30" pin="0"/><net_sink comp="186" pin=0"/></net>

<net id="193"><net_src comp="30" pin="0"/><net_sink comp="190" pin=0"/></net>

<net id="197"><net_src comp="30" pin="0"/><net_sink comp="194" pin=0"/></net>

<net id="201"><net_src comp="30" pin="0"/><net_sink comp="198" pin=0"/></net>

<net id="205"><net_src comp="30" pin="0"/><net_sink comp="202" pin=0"/></net>

<net id="209"><net_src comp="30" pin="0"/><net_sink comp="206" pin=0"/></net>

<net id="213"><net_src comp="30" pin="0"/><net_sink comp="210" pin=0"/></net>

<net id="217"><net_src comp="30" pin="0"/><net_sink comp="214" pin=0"/></net>

<net id="221"><net_src comp="30" pin="0"/><net_sink comp="218" pin=0"/></net>

<net id="225"><net_src comp="30" pin="0"/><net_sink comp="222" pin=0"/></net>

<net id="229"><net_src comp="30" pin="0"/><net_sink comp="226" pin=0"/></net>

<net id="233"><net_src comp="30" pin="0"/><net_sink comp="230" pin=0"/></net>

<net id="237"><net_src comp="30" pin="0"/><net_sink comp="234" pin=0"/></net>

<net id="241"><net_src comp="30" pin="0"/><net_sink comp="238" pin=0"/></net>

<net id="245"><net_src comp="30" pin="0"/><net_sink comp="242" pin=0"/></net>

<net id="249"><net_src comp="30" pin="0"/><net_sink comp="246" pin=0"/></net>

<net id="253"><net_src comp="30" pin="0"/><net_sink comp="250" pin=0"/></net>

<net id="257"><net_src comp="30" pin="0"/><net_sink comp="254" pin=0"/></net>

<net id="261"><net_src comp="30" pin="0"/><net_sink comp="258" pin=0"/></net>

<net id="265"><net_src comp="30" pin="0"/><net_sink comp="262" pin=0"/></net>

<net id="269"><net_src comp="30" pin="0"/><net_sink comp="266" pin=0"/></net>

<net id="273"><net_src comp="30" pin="0"/><net_sink comp="270" pin=0"/></net>

<net id="277"><net_src comp="30" pin="0"/><net_sink comp="274" pin=0"/></net>

<net id="281"><net_src comp="30" pin="0"/><net_sink comp="278" pin=0"/></net>

<net id="285"><net_src comp="30" pin="0"/><net_sink comp="282" pin=0"/></net>

<net id="289"><net_src comp="30" pin="0"/><net_sink comp="286" pin=0"/></net>

<net id="293"><net_src comp="30" pin="0"/><net_sink comp="290" pin=0"/></net>

<net id="297"><net_src comp="30" pin="0"/><net_sink comp="294" pin=0"/></net>

<net id="301"><net_src comp="30" pin="0"/><net_sink comp="298" pin=0"/></net>

<net id="305"><net_src comp="30" pin="0"/><net_sink comp="302" pin=0"/></net>

<net id="309"><net_src comp="30" pin="0"/><net_sink comp="306" pin=0"/></net>

<net id="313"><net_src comp="30" pin="0"/><net_sink comp="310" pin=0"/></net>

<net id="317"><net_src comp="30" pin="0"/><net_sink comp="314" pin=0"/></net>

<net id="321"><net_src comp="30" pin="0"/><net_sink comp="318" pin=0"/></net>

<net id="325"><net_src comp="30" pin="0"/><net_sink comp="322" pin=0"/></net>

<net id="329"><net_src comp="30" pin="0"/><net_sink comp="326" pin=0"/></net>

<net id="333"><net_src comp="30" pin="0"/><net_sink comp="330" pin=0"/></net>

<net id="337"><net_src comp="30" pin="0"/><net_sink comp="334" pin=0"/></net>

<net id="341"><net_src comp="30" pin="0"/><net_sink comp="338" pin=0"/></net>

<net id="345"><net_src comp="30" pin="0"/><net_sink comp="342" pin=0"/></net>

<net id="349"><net_src comp="30" pin="0"/><net_sink comp="346" pin=0"/></net>

<net id="353"><net_src comp="30" pin="0"/><net_sink comp="350" pin=0"/></net>

<net id="357"><net_src comp="30" pin="0"/><net_sink comp="354" pin=0"/></net>

<net id="361"><net_src comp="30" pin="0"/><net_sink comp="358" pin=0"/></net>

<net id="365"><net_src comp="30" pin="0"/><net_sink comp="362" pin=0"/></net>

<net id="369"><net_src comp="30" pin="0"/><net_sink comp="366" pin=0"/></net>

<net id="373"><net_src comp="30" pin="0"/><net_sink comp="370" pin=0"/></net>

<net id="377"><net_src comp="30" pin="0"/><net_sink comp="374" pin=0"/></net>

<net id="381"><net_src comp="30" pin="0"/><net_sink comp="378" pin=0"/></net>

<net id="385"><net_src comp="30" pin="0"/><net_sink comp="382" pin=0"/></net>

<net id="389"><net_src comp="30" pin="0"/><net_sink comp="386" pin=0"/></net>

<net id="393"><net_src comp="30" pin="0"/><net_sink comp="390" pin=0"/></net>

<net id="397"><net_src comp="30" pin="0"/><net_sink comp="394" pin=0"/></net>

<net id="401"><net_src comp="30" pin="0"/><net_sink comp="398" pin=0"/></net>

<net id="405"><net_src comp="30" pin="0"/><net_sink comp="402" pin=0"/></net>

<net id="409"><net_src comp="30" pin="0"/><net_sink comp="406" pin=0"/></net>

<net id="413"><net_src comp="30" pin="0"/><net_sink comp="410" pin=0"/></net>

<net id="417"><net_src comp="30" pin="0"/><net_sink comp="414" pin=0"/></net>

<net id="421"><net_src comp="30" pin="0"/><net_sink comp="418" pin=0"/></net>

<net id="432"><net_src comp="66" pin="0"/><net_sink comp="422" pin=0"/></net>

<net id="433"><net_src comp="0" pin="0"/><net_sink comp="422" pin=1"/></net>

<net id="434"><net_src comp="2" pin="0"/><net_sink comp="422" pin=2"/></net>

<net id="435"><net_src comp="4" pin="0"/><net_sink comp="422" pin=3"/></net>

<net id="436"><net_src comp="6" pin="0"/><net_sink comp="422" pin=4"/></net>

<net id="437"><net_src comp="8" pin="0"/><net_sink comp="422" pin=5"/></net>

<net id="438"><net_src comp="10" pin="0"/><net_sink comp="422" pin=6"/></net>

<net id="439"><net_src comp="12" pin="0"/><net_sink comp="422" pin=7"/></net>

<net id="457"><net_src comp="154" pin="0"/><net_sink comp="440" pin=0"/></net>

<net id="458"><net_src comp="14" pin="0"/><net_sink comp="440" pin=1"/></net>

<net id="459"><net_src comp="16" pin="0"/><net_sink comp="440" pin=2"/></net>

<net id="460"><net_src comp="18" pin="0"/><net_sink comp="440" pin=3"/></net>

<net id="461"><net_src comp="20" pin="0"/><net_sink comp="440" pin=4"/></net>

<net id="462"><net_src comp="22" pin="0"/><net_sink comp="440" pin=5"/></net>

<net id="463"><net_src comp="24" pin="0"/><net_sink comp="440" pin=6"/></net>

<net id="464"><net_src comp="26" pin="0"/><net_sink comp="440" pin=7"/></net>

<net id="465"><net_src comp="156" pin="0"/><net_sink comp="440" pin=9"/></net>

<net id="466"><net_src comp="156" pin="0"/><net_sink comp="440" pin=10"/></net>

<net id="467"><net_src comp="158" pin="0"/><net_sink comp="440" pin=11"/></net>

<net id="468"><net_src comp="68" pin="0"/><net_sink comp="440" pin=13"/></net>

<net id="469"><net_src comp="68" pin="0"/><net_sink comp="440" pin=14"/></net>

<net id="475"><net_src comp="38" pin="0"/><net_sink comp="470" pin=1"/></net>

<net id="480"><net_src comp="470" pin="3"/><net_sink comp="476" pin=0"/></net>

<net id="486"><net_src comp="38" pin="0"/><net_sink comp="481" pin=1"/></net>

<net id="491"><net_src comp="481" pin="3"/><net_sink comp="487" pin=0"/></net>

<net id="497"><net_src comp="38" pin="0"/><net_sink comp="492" pin=1"/></net>

<net id="502"><net_src comp="492" pin="3"/><net_sink comp="498" pin=0"/></net>

<net id="508"><net_src comp="38" pin="0"/><net_sink comp="503" pin=1"/></net>

<net id="513"><net_src comp="503" pin="3"/><net_sink comp="509" pin=0"/></net>

<net id="519"><net_src comp="38" pin="0"/><net_sink comp="514" pin=1"/></net>

<net id="524"><net_src comp="514" pin="3"/><net_sink comp="520" pin=0"/></net>

<net id="530"><net_src comp="38" pin="0"/><net_sink comp="525" pin=1"/></net>

<net id="535"><net_src comp="525" pin="3"/><net_sink comp="531" pin=0"/></net>

<net id="541"><net_src comp="38" pin="0"/><net_sink comp="536" pin=1"/></net>

<net id="546"><net_src comp="536" pin="3"/><net_sink comp="542" pin=0"/></net>

<net id="552"><net_src comp="38" pin="0"/><net_sink comp="547" pin=1"/></net>

<net id="557"><net_src comp="547" pin="3"/><net_sink comp="553" pin=0"/></net>

<net id="563"><net_src comp="38" pin="0"/><net_sink comp="558" pin=1"/></net>

<net id="568"><net_src comp="558" pin="3"/><net_sink comp="564" pin=0"/></net>

<net id="574"><net_src comp="38" pin="0"/><net_sink comp="569" pin=1"/></net>

<net id="579"><net_src comp="569" pin="3"/><net_sink comp="575" pin=0"/></net>

<net id="585"><net_src comp="38" pin="0"/><net_sink comp="580" pin=1"/></net>

<net id="590"><net_src comp="580" pin="3"/><net_sink comp="586" pin=0"/></net>

<net id="596"><net_src comp="38" pin="0"/><net_sink comp="591" pin=1"/></net>

<net id="601"><net_src comp="591" pin="3"/><net_sink comp="597" pin=0"/></net>

<net id="607"><net_src comp="38" pin="0"/><net_sink comp="602" pin=1"/></net>

<net id="612"><net_src comp="602" pin="3"/><net_sink comp="608" pin=0"/></net>

<net id="618"><net_src comp="38" pin="0"/><net_sink comp="613" pin=1"/></net>

<net id="623"><net_src comp="613" pin="3"/><net_sink comp="619" pin=0"/></net>

<net id="629"><net_src comp="38" pin="0"/><net_sink comp="624" pin=1"/></net>

<net id="634"><net_src comp="624" pin="3"/><net_sink comp="630" pin=0"/></net>

<net id="640"><net_src comp="38" pin="0"/><net_sink comp="635" pin=1"/></net>

<net id="645"><net_src comp="635" pin="3"/><net_sink comp="641" pin=0"/></net>

<net id="651"><net_src comp="38" pin="0"/><net_sink comp="646" pin=1"/></net>

<net id="656"><net_src comp="646" pin="3"/><net_sink comp="652" pin=0"/></net>

<net id="662"><net_src comp="38" pin="0"/><net_sink comp="657" pin=1"/></net>

<net id="667"><net_src comp="657" pin="3"/><net_sink comp="663" pin=0"/></net>

<net id="673"><net_src comp="38" pin="0"/><net_sink comp="668" pin=1"/></net>

<net id="678"><net_src comp="668" pin="3"/><net_sink comp="674" pin=0"/></net>

<net id="684"><net_src comp="38" pin="0"/><net_sink comp="679" pin=1"/></net>

<net id="689"><net_src comp="679" pin="3"/><net_sink comp="685" pin=0"/></net>

<net id="695"><net_src comp="38" pin="0"/><net_sink comp="690" pin=1"/></net>

<net id="700"><net_src comp="690" pin="3"/><net_sink comp="696" pin=0"/></net>

<net id="706"><net_src comp="38" pin="0"/><net_sink comp="701" pin=1"/></net>

<net id="711"><net_src comp="701" pin="3"/><net_sink comp="707" pin=0"/></net>

<net id="717"><net_src comp="38" pin="0"/><net_sink comp="712" pin=1"/></net>

<net id="722"><net_src comp="712" pin="3"/><net_sink comp="718" pin=0"/></net>

<net id="728"><net_src comp="38" pin="0"/><net_sink comp="723" pin=1"/></net>

<net id="733"><net_src comp="723" pin="3"/><net_sink comp="729" pin=0"/></net>

<net id="739"><net_src comp="38" pin="0"/><net_sink comp="734" pin=1"/></net>

<net id="744"><net_src comp="734" pin="3"/><net_sink comp="740" pin=0"/></net>

<net id="750"><net_src comp="38" pin="0"/><net_sink comp="745" pin=1"/></net>

<net id="755"><net_src comp="745" pin="3"/><net_sink comp="751" pin=0"/></net>

<net id="761"><net_src comp="38" pin="0"/><net_sink comp="756" pin=1"/></net>

<net id="766"><net_src comp="756" pin="3"/><net_sink comp="762" pin=0"/></net>

<net id="772"><net_src comp="38" pin="0"/><net_sink comp="767" pin=1"/></net>

<net id="777"><net_src comp="767" pin="3"/><net_sink comp="773" pin=0"/></net>

<net id="783"><net_src comp="38" pin="0"/><net_sink comp="778" pin=1"/></net>

<net id="788"><net_src comp="778" pin="3"/><net_sink comp="784" pin=0"/></net>

<net id="794"><net_src comp="38" pin="0"/><net_sink comp="789" pin=1"/></net>

<net id="799"><net_src comp="789" pin="3"/><net_sink comp="795" pin=0"/></net>

<net id="805"><net_src comp="38" pin="0"/><net_sink comp="800" pin=1"/></net>

<net id="810"><net_src comp="800" pin="3"/><net_sink comp="806" pin=0"/></net>

<net id="816"><net_src comp="38" pin="0"/><net_sink comp="811" pin=1"/></net>

<net id="821"><net_src comp="811" pin="3"/><net_sink comp="817" pin=0"/></net>

<net id="827"><net_src comp="38" pin="0"/><net_sink comp="822" pin=1"/></net>

<net id="833"><net_src comp="38" pin="0"/><net_sink comp="828" pin=1"/></net>

<net id="839"><net_src comp="38" pin="0"/><net_sink comp="834" pin=1"/></net>

<net id="845"><net_src comp="38" pin="0"/><net_sink comp="840" pin=1"/></net>

<net id="851"><net_src comp="38" pin="0"/><net_sink comp="846" pin=1"/></net>

<net id="857"><net_src comp="38" pin="0"/><net_sink comp="852" pin=1"/></net>

<net id="863"><net_src comp="38" pin="0"/><net_sink comp="858" pin=1"/></net>

<net id="869"><net_src comp="38" pin="0"/><net_sink comp="864" pin=1"/></net>

<net id="875"><net_src comp="38" pin="0"/><net_sink comp="870" pin=1"/></net>

<net id="881"><net_src comp="38" pin="0"/><net_sink comp="876" pin=1"/></net>

<net id="887"><net_src comp="38" pin="0"/><net_sink comp="882" pin=1"/></net>

<net id="893"><net_src comp="38" pin="0"/><net_sink comp="888" pin=1"/></net>

<net id="899"><net_src comp="38" pin="0"/><net_sink comp="894" pin=1"/></net>

<net id="905"><net_src comp="38" pin="0"/><net_sink comp="900" pin=1"/></net>

<net id="911"><net_src comp="38" pin="0"/><net_sink comp="906" pin=1"/></net>

<net id="917"><net_src comp="38" pin="0"/><net_sink comp="912" pin=1"/></net>

<net id="923"><net_src comp="38" pin="0"/><net_sink comp="918" pin=1"/></net>

<net id="929"><net_src comp="38" pin="0"/><net_sink comp="924" pin=1"/></net>

<net id="935"><net_src comp="38" pin="0"/><net_sink comp="930" pin=1"/></net>

<net id="941"><net_src comp="38" pin="0"/><net_sink comp="936" pin=1"/></net>

<net id="947"><net_src comp="38" pin="0"/><net_sink comp="942" pin=1"/></net>

<net id="953"><net_src comp="38" pin="0"/><net_sink comp="948" pin=1"/></net>

<net id="959"><net_src comp="38" pin="0"/><net_sink comp="954" pin=1"/></net>

<net id="965"><net_src comp="38" pin="0"/><net_sink comp="960" pin=1"/></net>

<net id="971"><net_src comp="38" pin="0"/><net_sink comp="966" pin=1"/></net>

<net id="977"><net_src comp="38" pin="0"/><net_sink comp="972" pin=1"/></net>

<net id="983"><net_src comp="38" pin="0"/><net_sink comp="978" pin=1"/></net>

<net id="989"><net_src comp="38" pin="0"/><net_sink comp="984" pin=1"/></net>

<net id="995"><net_src comp="38" pin="0"/><net_sink comp="990" pin=1"/></net>

<net id="1001"><net_src comp="38" pin="0"/><net_sink comp="996" pin=1"/></net>

<net id="1007"><net_src comp="38" pin="0"/><net_sink comp="1002" pin=1"/></net>

<net id="1013"><net_src comp="38" pin="0"/><net_sink comp="1008" pin=1"/></net>

<net id="1018"><net_src comp="1002" pin="3"/><net_sink comp="1014" pin=0"/></net>

<net id="1023"><net_src comp="996" pin="3"/><net_sink comp="1019" pin=0"/></net>

<net id="1028"><net_src comp="990" pin="3"/><net_sink comp="1024" pin=0"/></net>

<net id="1033"><net_src comp="984" pin="3"/><net_sink comp="1029" pin=0"/></net>

<net id="1038"><net_src comp="978" pin="3"/><net_sink comp="1034" pin=0"/></net>

<net id="1043"><net_src comp="972" pin="3"/><net_sink comp="1039" pin=0"/></net>

<net id="1048"><net_src comp="966" pin="3"/><net_sink comp="1044" pin=0"/></net>

<net id="1053"><net_src comp="960" pin="3"/><net_sink comp="1049" pin=0"/></net>

<net id="1058"><net_src comp="954" pin="3"/><net_sink comp="1054" pin=0"/></net>

<net id="1063"><net_src comp="948" pin="3"/><net_sink comp="1059" pin=0"/></net>

<net id="1068"><net_src comp="942" pin="3"/><net_sink comp="1064" pin=0"/></net>

<net id="1073"><net_src comp="936" pin="3"/><net_sink comp="1069" pin=0"/></net>

<net id="1078"><net_src comp="930" pin="3"/><net_sink comp="1074" pin=0"/></net>

<net id="1083"><net_src comp="924" pin="3"/><net_sink comp="1079" pin=0"/></net>

<net id="1088"><net_src comp="918" pin="3"/><net_sink comp="1084" pin=0"/></net>

<net id="1093"><net_src comp="912" pin="3"/><net_sink comp="1089" pin=0"/></net>

<net id="1098"><net_src comp="906" pin="3"/><net_sink comp="1094" pin=0"/></net>

<net id="1103"><net_src comp="900" pin="3"/><net_sink comp="1099" pin=0"/></net>

<net id="1108"><net_src comp="894" pin="3"/><net_sink comp="1104" pin=0"/></net>

<net id="1113"><net_src comp="888" pin="3"/><net_sink comp="1109" pin=0"/></net>

<net id="1118"><net_src comp="882" pin="3"/><net_sink comp="1114" pin=0"/></net>

<net id="1123"><net_src comp="876" pin="3"/><net_sink comp="1119" pin=0"/></net>

<net id="1128"><net_src comp="870" pin="3"/><net_sink comp="1124" pin=0"/></net>

<net id="1133"><net_src comp="864" pin="3"/><net_sink comp="1129" pin=0"/></net>

<net id="1138"><net_src comp="858" pin="3"/><net_sink comp="1134" pin=0"/></net>

<net id="1143"><net_src comp="852" pin="3"/><net_sink comp="1139" pin=0"/></net>

<net id="1148"><net_src comp="846" pin="3"/><net_sink comp="1144" pin=0"/></net>

<net id="1153"><net_src comp="840" pin="3"/><net_sink comp="1149" pin=0"/></net>

<net id="1158"><net_src comp="834" pin="3"/><net_sink comp="1154" pin=0"/></net>

<net id="1163"><net_src comp="828" pin="3"/><net_sink comp="1159" pin=0"/></net>

<net id="1168"><net_src comp="822" pin="3"/><net_sink comp="1164" pin=0"/></net>

<net id="1173"><net_src comp="1008" pin="3"/><net_sink comp="1169" pin=0"/></net>

<net id="1179"><net_src comp="38" pin="0"/><net_sink comp="1174" pin=1"/></net>

<net id="1180"><net_src comp="1174" pin="3"/><net_sink comp="806" pin=0"/></net>

<net id="1186"><net_src comp="38" pin="0"/><net_sink comp="1181" pin=1"/></net>

<net id="1187"><net_src comp="1181" pin="3"/><net_sink comp="1164" pin=0"/></net>

<net id="1193"><net_src comp="38" pin="0"/><net_sink comp="1188" pin=1"/></net>

<net id="1194"><net_src comp="1188" pin="3"/><net_sink comp="795" pin=0"/></net>

<net id="1200"><net_src comp="38" pin="0"/><net_sink comp="1195" pin=1"/></net>

<net id="1201"><net_src comp="1195" pin="3"/><net_sink comp="1159" pin=0"/></net>

<net id="1207"><net_src comp="38" pin="0"/><net_sink comp="1202" pin=1"/></net>

<net id="1208"><net_src comp="1202" pin="3"/><net_sink comp="784" pin=0"/></net>

<net id="1214"><net_src comp="38" pin="0"/><net_sink comp="1209" pin=1"/></net>

<net id="1215"><net_src comp="1209" pin="3"/><net_sink comp="1154" pin=0"/></net>

<net id="1221"><net_src comp="38" pin="0"/><net_sink comp="1216" pin=1"/></net>

<net id="1222"><net_src comp="1216" pin="3"/><net_sink comp="773" pin=0"/></net>

<net id="1228"><net_src comp="38" pin="0"/><net_sink comp="1223" pin=1"/></net>

<net id="1229"><net_src comp="1223" pin="3"/><net_sink comp="1149" pin=0"/></net>

<net id="1235"><net_src comp="38" pin="0"/><net_sink comp="1230" pin=1"/></net>

<net id="1236"><net_src comp="1230" pin="3"/><net_sink comp="762" pin=0"/></net>

<net id="1242"><net_src comp="38" pin="0"/><net_sink comp="1237" pin=1"/></net>

<net id="1243"><net_src comp="1237" pin="3"/><net_sink comp="1144" pin=0"/></net>

<net id="1249"><net_src comp="38" pin="0"/><net_sink comp="1244" pin=1"/></net>

<net id="1250"><net_src comp="1244" pin="3"/><net_sink comp="751" pin=0"/></net>

<net id="1256"><net_src comp="38" pin="0"/><net_sink comp="1251" pin=1"/></net>

<net id="1257"><net_src comp="1251" pin="3"/><net_sink comp="1139" pin=0"/></net>

<net id="1263"><net_src comp="38" pin="0"/><net_sink comp="1258" pin=1"/></net>

<net id="1264"><net_src comp="1258" pin="3"/><net_sink comp="740" pin=0"/></net>

<net id="1270"><net_src comp="38" pin="0"/><net_sink comp="1265" pin=1"/></net>

<net id="1271"><net_src comp="1265" pin="3"/><net_sink comp="1134" pin=0"/></net>

<net id="1277"><net_src comp="38" pin="0"/><net_sink comp="1272" pin=1"/></net>

<net id="1278"><net_src comp="1272" pin="3"/><net_sink comp="729" pin=0"/></net>

<net id="1284"><net_src comp="38" pin="0"/><net_sink comp="1279" pin=1"/></net>

<net id="1285"><net_src comp="1279" pin="3"/><net_sink comp="1129" pin=0"/></net>

<net id="1291"><net_src comp="38" pin="0"/><net_sink comp="1286" pin=1"/></net>

<net id="1292"><net_src comp="1286" pin="3"/><net_sink comp="718" pin=0"/></net>

<net id="1298"><net_src comp="38" pin="0"/><net_sink comp="1293" pin=1"/></net>

<net id="1299"><net_src comp="1293" pin="3"/><net_sink comp="1124" pin=0"/></net>

<net id="1305"><net_src comp="38" pin="0"/><net_sink comp="1300" pin=1"/></net>

<net id="1306"><net_src comp="1300" pin="3"/><net_sink comp="707" pin=0"/></net>

<net id="1312"><net_src comp="38" pin="0"/><net_sink comp="1307" pin=1"/></net>

<net id="1313"><net_src comp="1307" pin="3"/><net_sink comp="1119" pin=0"/></net>

<net id="1319"><net_src comp="38" pin="0"/><net_sink comp="1314" pin=1"/></net>

<net id="1320"><net_src comp="1314" pin="3"/><net_sink comp="696" pin=0"/></net>

<net id="1326"><net_src comp="38" pin="0"/><net_sink comp="1321" pin=1"/></net>

<net id="1327"><net_src comp="1321" pin="3"/><net_sink comp="1114" pin=0"/></net>

<net id="1333"><net_src comp="38" pin="0"/><net_sink comp="1328" pin=1"/></net>

<net id="1334"><net_src comp="1328" pin="3"/><net_sink comp="685" pin=0"/></net>

<net id="1340"><net_src comp="38" pin="0"/><net_sink comp="1335" pin=1"/></net>

<net id="1341"><net_src comp="1335" pin="3"/><net_sink comp="1109" pin=0"/></net>

<net id="1347"><net_src comp="38" pin="0"/><net_sink comp="1342" pin=1"/></net>

<net id="1348"><net_src comp="1342" pin="3"/><net_sink comp="674" pin=0"/></net>

<net id="1354"><net_src comp="38" pin="0"/><net_sink comp="1349" pin=1"/></net>

<net id="1355"><net_src comp="1349" pin="3"/><net_sink comp="1104" pin=0"/></net>

<net id="1361"><net_src comp="38" pin="0"/><net_sink comp="1356" pin=1"/></net>

<net id="1362"><net_src comp="1356" pin="3"/><net_sink comp="663" pin=0"/></net>

<net id="1368"><net_src comp="38" pin="0"/><net_sink comp="1363" pin=1"/></net>

<net id="1369"><net_src comp="1363" pin="3"/><net_sink comp="1099" pin=0"/></net>

<net id="1375"><net_src comp="38" pin="0"/><net_sink comp="1370" pin=1"/></net>

<net id="1376"><net_src comp="1370" pin="3"/><net_sink comp="652" pin=0"/></net>

<net id="1382"><net_src comp="38" pin="0"/><net_sink comp="1377" pin=1"/></net>

<net id="1383"><net_src comp="1377" pin="3"/><net_sink comp="1094" pin=0"/></net>

<net id="1389"><net_src comp="38" pin="0"/><net_sink comp="1384" pin=1"/></net>

<net id="1390"><net_src comp="1384" pin="3"/><net_sink comp="641" pin=0"/></net>

<net id="1396"><net_src comp="38" pin="0"/><net_sink comp="1391" pin=1"/></net>

<net id="1397"><net_src comp="1391" pin="3"/><net_sink comp="1089" pin=0"/></net>

<net id="1403"><net_src comp="38" pin="0"/><net_sink comp="1398" pin=1"/></net>

<net id="1404"><net_src comp="1398" pin="3"/><net_sink comp="630" pin=0"/></net>

<net id="1410"><net_src comp="38" pin="0"/><net_sink comp="1405" pin=1"/></net>

<net id="1411"><net_src comp="1405" pin="3"/><net_sink comp="1084" pin=0"/></net>

<net id="1417"><net_src comp="38" pin="0"/><net_sink comp="1412" pin=1"/></net>

<net id="1418"><net_src comp="1412" pin="3"/><net_sink comp="619" pin=0"/></net>

<net id="1424"><net_src comp="38" pin="0"/><net_sink comp="1419" pin=1"/></net>

<net id="1425"><net_src comp="1419" pin="3"/><net_sink comp="1079" pin=0"/></net>

<net id="1431"><net_src comp="38" pin="0"/><net_sink comp="1426" pin=1"/></net>

<net id="1432"><net_src comp="1426" pin="3"/><net_sink comp="608" pin=0"/></net>

<net id="1438"><net_src comp="38" pin="0"/><net_sink comp="1433" pin=1"/></net>

<net id="1439"><net_src comp="1433" pin="3"/><net_sink comp="1074" pin=0"/></net>

<net id="1445"><net_src comp="38" pin="0"/><net_sink comp="1440" pin=1"/></net>

<net id="1446"><net_src comp="1440" pin="3"/><net_sink comp="597" pin=0"/></net>

<net id="1452"><net_src comp="38" pin="0"/><net_sink comp="1447" pin=1"/></net>

<net id="1453"><net_src comp="1447" pin="3"/><net_sink comp="1069" pin=0"/></net>

<net id="1459"><net_src comp="38" pin="0"/><net_sink comp="1454" pin=1"/></net>

<net id="1460"><net_src comp="1454" pin="3"/><net_sink comp="586" pin=0"/></net>

<net id="1466"><net_src comp="38" pin="0"/><net_sink comp="1461" pin=1"/></net>

<net id="1467"><net_src comp="1461" pin="3"/><net_sink comp="1064" pin=0"/></net>

<net id="1473"><net_src comp="38" pin="0"/><net_sink comp="1468" pin=1"/></net>

<net id="1474"><net_src comp="1468" pin="3"/><net_sink comp="575" pin=0"/></net>

<net id="1480"><net_src comp="38" pin="0"/><net_sink comp="1475" pin=1"/></net>

<net id="1481"><net_src comp="1475" pin="3"/><net_sink comp="1059" pin=0"/></net>

<net id="1487"><net_src comp="38" pin="0"/><net_sink comp="1482" pin=1"/></net>

<net id="1488"><net_src comp="1482" pin="3"/><net_sink comp="564" pin=0"/></net>

<net id="1494"><net_src comp="38" pin="0"/><net_sink comp="1489" pin=1"/></net>

<net id="1495"><net_src comp="1489" pin="3"/><net_sink comp="1054" pin=0"/></net>

<net id="1501"><net_src comp="38" pin="0"/><net_sink comp="1496" pin=1"/></net>

<net id="1502"><net_src comp="1496" pin="3"/><net_sink comp="553" pin=0"/></net>

<net id="1508"><net_src comp="38" pin="0"/><net_sink comp="1503" pin=1"/></net>

<net id="1509"><net_src comp="1503" pin="3"/><net_sink comp="1049" pin=0"/></net>

<net id="1515"><net_src comp="38" pin="0"/><net_sink comp="1510" pin=1"/></net>

<net id="1516"><net_src comp="1510" pin="3"/><net_sink comp="542" pin=0"/></net>

<net id="1522"><net_src comp="38" pin="0"/><net_sink comp="1517" pin=1"/></net>

<net id="1523"><net_src comp="1517" pin="3"/><net_sink comp="1044" pin=0"/></net>

<net id="1529"><net_src comp="38" pin="0"/><net_sink comp="1524" pin=1"/></net>

<net id="1530"><net_src comp="1524" pin="3"/><net_sink comp="531" pin=0"/></net>

<net id="1536"><net_src comp="38" pin="0"/><net_sink comp="1531" pin=1"/></net>

<net id="1537"><net_src comp="1531" pin="3"/><net_sink comp="1039" pin=0"/></net>

<net id="1543"><net_src comp="38" pin="0"/><net_sink comp="1538" pin=1"/></net>

<net id="1544"><net_src comp="1538" pin="3"/><net_sink comp="520" pin=0"/></net>

<net id="1550"><net_src comp="38" pin="0"/><net_sink comp="1545" pin=1"/></net>

<net id="1551"><net_src comp="1545" pin="3"/><net_sink comp="1034" pin=0"/></net>

<net id="1557"><net_src comp="38" pin="0"/><net_sink comp="1552" pin=1"/></net>

<net id="1558"><net_src comp="1552" pin="3"/><net_sink comp="509" pin=0"/></net>

<net id="1564"><net_src comp="38" pin="0"/><net_sink comp="1559" pin=1"/></net>

<net id="1565"><net_src comp="1559" pin="3"/><net_sink comp="1029" pin=0"/></net>

<net id="1571"><net_src comp="38" pin="0"/><net_sink comp="1566" pin=1"/></net>

<net id="1572"><net_src comp="1566" pin="3"/><net_sink comp="498" pin=0"/></net>

<net id="1578"><net_src comp="38" pin="0"/><net_sink comp="1573" pin=1"/></net>

<net id="1579"><net_src comp="1573" pin="3"/><net_sink comp="1024" pin=0"/></net>

<net id="1585"><net_src comp="38" pin="0"/><net_sink comp="1580" pin=1"/></net>

<net id="1586"><net_src comp="1580" pin="3"/><net_sink comp="487" pin=0"/></net>

<net id="1592"><net_src comp="38" pin="0"/><net_sink comp="1587" pin=1"/></net>

<net id="1593"><net_src comp="1587" pin="3"/><net_sink comp="1019" pin=0"/></net>

<net id="1599"><net_src comp="38" pin="0"/><net_sink comp="1594" pin=1"/></net>

<net id="1600"><net_src comp="1594" pin="3"/><net_sink comp="476" pin=0"/></net>

<net id="1606"><net_src comp="38" pin="0"/><net_sink comp="1601" pin=1"/></net>

<net id="1607"><net_src comp="1601" pin="3"/><net_sink comp="817" pin=0"/></net>

<net id="1613"><net_src comp="38" pin="0"/><net_sink comp="1608" pin=1"/></net>

<net id="1614"><net_src comp="1608" pin="3"/><net_sink comp="1014" pin=0"/></net>

<net id="1620"><net_src comp="38" pin="0"/><net_sink comp="1615" pin=1"/></net>

<net id="1621"><net_src comp="1615" pin="3"/><net_sink comp="1169" pin=0"/></net>

<net id="1627"><net_src comp="38" pin="0"/><net_sink comp="1622" pin=1"/></net>

<net id="1632"><net_src comp="1622" pin="3"/><net_sink comp="1628" pin=0"/></net>

<net id="1638"><net_src comp="38" pin="0"/><net_sink comp="1633" pin=1"/></net>

<net id="1639"><net_src comp="1633" pin="3"/><net_sink comp="1628" pin=0"/></net>

<net id="1643"><net_src comp="50" pin="0"/><net_sink comp="1640" pin=0"/></net>

<net id="1650"><net_src comp="1640" pin="1"/><net_sink comp="1644" pin=0"/></net>

<net id="1654"><net_src comp="52" pin="0"/><net_sink comp="1651" pin=0"/></net>

<net id="1661"><net_src comp="1651" pin="1"/><net_sink comp="1655" pin=0"/></net>

<net id="1665"><net_src comp="52" pin="0"/><net_sink comp="1662" pin=0"/></net>

<net id="1672"><net_src comp="1662" pin="1"/><net_sink comp="1666" pin=0"/></net>

<net id="1676"><net_src comp="50" pin="0"/><net_sink comp="1673" pin=0"/></net>

<net id="1683"><net_src comp="1673" pin="1"/><net_sink comp="1677" pin=2"/></net>

<net id="1687"><net_src comp="52" pin="0"/><net_sink comp="1684" pin=0"/></net>

<net id="1694"><net_src comp="1684" pin="1"/><net_sink comp="1688" pin=2"/></net>

<net id="1698"><net_src comp="52" pin="0"/><net_sink comp="1695" pin=0"/></net>

<net id="1705"><net_src comp="1695" pin="1"/><net_sink comp="1699" pin=2"/></net>

<net id="1709"><net_src comp="50" pin="0"/><net_sink comp="1706" pin=0"/></net>

<net id="1716"><net_src comp="1706" pin="1"/><net_sink comp="1710" pin=2"/></net>

<net id="1720"><net_src comp="52" pin="0"/><net_sink comp="1717" pin=0"/></net>

<net id="1727"><net_src comp="1717" pin="1"/><net_sink comp="1721" pin=2"/></net>

<net id="1731"><net_src comp="52" pin="0"/><net_sink comp="1728" pin=0"/></net>

<net id="1738"><net_src comp="1728" pin="1"/><net_sink comp="1732" pin=2"/></net>

<net id="1742"><net_src comp="50" pin="0"/><net_sink comp="1739" pin=0"/></net>

<net id="1749"><net_src comp="1739" pin="1"/><net_sink comp="1743" pin=2"/></net>

<net id="1753"><net_src comp="52" pin="0"/><net_sink comp="1750" pin=0"/></net>

<net id="1760"><net_src comp="1750" pin="1"/><net_sink comp="1754" pin=2"/></net>

<net id="1764"><net_src comp="52" pin="0"/><net_sink comp="1761" pin=0"/></net>

<net id="1771"><net_src comp="1761" pin="1"/><net_sink comp="1765" pin=2"/></net>

<net id="1776"><net_src comp="140" pin="0"/><net_sink comp="1772" pin=1"/></net>

<net id="1905"><net_src comp="806" pin="2"/><net_sink comp="1901" pin=0"/></net>

<net id="1906"><net_src comp="1164" pin="2"/><net_sink comp="1901" pin=1"/></net>

<net id="1911"><net_src comp="795" pin="2"/><net_sink comp="1907" pin=0"/></net>

<net id="1912"><net_src comp="1159" pin="2"/><net_sink comp="1907" pin=1"/></net>

<net id="1917"><net_src comp="784" pin="2"/><net_sink comp="1913" pin=0"/></net>

<net id="1918"><net_src comp="1154" pin="2"/><net_sink comp="1913" pin=1"/></net>

<net id="1923"><net_src comp="773" pin="2"/><net_sink comp="1919" pin=0"/></net>

<net id="1924"><net_src comp="1149" pin="2"/><net_sink comp="1919" pin=1"/></net>

<net id="1929"><net_src comp="762" pin="2"/><net_sink comp="1925" pin=0"/></net>

<net id="1930"><net_src comp="1144" pin="2"/><net_sink comp="1925" pin=1"/></net>

<net id="1935"><net_src comp="751" pin="2"/><net_sink comp="1931" pin=0"/></net>

<net id="1936"><net_src comp="1139" pin="2"/><net_sink comp="1931" pin=1"/></net>

<net id="1941"><net_src comp="740" pin="2"/><net_sink comp="1937" pin=0"/></net>

<net id="1942"><net_src comp="1134" pin="2"/><net_sink comp="1937" pin=1"/></net>

<net id="1947"><net_src comp="729" pin="2"/><net_sink comp="1943" pin=0"/></net>

<net id="1948"><net_src comp="1129" pin="2"/><net_sink comp="1943" pin=1"/></net>

<net id="1953"><net_src comp="718" pin="2"/><net_sink comp="1949" pin=0"/></net>

<net id="1954"><net_src comp="1124" pin="2"/><net_sink comp="1949" pin=1"/></net>

<net id="1959"><net_src comp="707" pin="2"/><net_sink comp="1955" pin=0"/></net>

<net id="1960"><net_src comp="1119" pin="2"/><net_sink comp="1955" pin=1"/></net>

<net id="1965"><net_src comp="696" pin="2"/><net_sink comp="1961" pin=0"/></net>

<net id="1966"><net_src comp="1114" pin="2"/><net_sink comp="1961" pin=1"/></net>

<net id="1971"><net_src comp="685" pin="2"/><net_sink comp="1967" pin=0"/></net>

<net id="1972"><net_src comp="1109" pin="2"/><net_sink comp="1967" pin=1"/></net>

<net id="1977"><net_src comp="674" pin="2"/><net_sink comp="1973" pin=0"/></net>

<net id="1978"><net_src comp="1104" pin="2"/><net_sink comp="1973" pin=1"/></net>

<net id="1983"><net_src comp="663" pin="2"/><net_sink comp="1979" pin=0"/></net>

<net id="1984"><net_src comp="1099" pin="2"/><net_sink comp="1979" pin=1"/></net>

<net id="1989"><net_src comp="652" pin="2"/><net_sink comp="1985" pin=0"/></net>

<net id="1990"><net_src comp="1094" pin="2"/><net_sink comp="1985" pin=1"/></net>

<net id="1995"><net_src comp="641" pin="2"/><net_sink comp="1991" pin=0"/></net>

<net id="1996"><net_src comp="1089" pin="2"/><net_sink comp="1991" pin=1"/></net>

<net id="2001"><net_src comp="630" pin="2"/><net_sink comp="1997" pin=0"/></net>

<net id="2002"><net_src comp="1084" pin="2"/><net_sink comp="1997" pin=1"/></net>

<net id="2007"><net_src comp="619" pin="2"/><net_sink comp="2003" pin=0"/></net>

<net id="2008"><net_src comp="1079" pin="2"/><net_sink comp="2003" pin=1"/></net>

<net id="2013"><net_src comp="608" pin="2"/><net_sink comp="2009" pin=0"/></net>

<net id="2014"><net_src comp="1074" pin="2"/><net_sink comp="2009" pin=1"/></net>

<net id="2019"><net_src comp="597" pin="2"/><net_sink comp="2015" pin=0"/></net>

<net id="2020"><net_src comp="1069" pin="2"/><net_sink comp="2015" pin=1"/></net>

<net id="2025"><net_src comp="586" pin="2"/><net_sink comp="2021" pin=0"/></net>

<net id="2026"><net_src comp="1064" pin="2"/><net_sink comp="2021" pin=1"/></net>

<net id="2031"><net_src comp="575" pin="2"/><net_sink comp="2027" pin=0"/></net>

<net id="2032"><net_src comp="1059" pin="2"/><net_sink comp="2027" pin=1"/></net>

<net id="2037"><net_src comp="564" pin="2"/><net_sink comp="2033" pin=0"/></net>

<net id="2038"><net_src comp="1054" pin="2"/><net_sink comp="2033" pin=1"/></net>

<net id="2043"><net_src comp="553" pin="2"/><net_sink comp="2039" pin=0"/></net>

<net id="2044"><net_src comp="1049" pin="2"/><net_sink comp="2039" pin=1"/></net>

<net id="2049"><net_src comp="542" pin="2"/><net_sink comp="2045" pin=0"/></net>

<net id="2050"><net_src comp="1044" pin="2"/><net_sink comp="2045" pin=1"/></net>

<net id="2055"><net_src comp="531" pin="2"/><net_sink comp="2051" pin=0"/></net>

<net id="2056"><net_src comp="1039" pin="2"/><net_sink comp="2051" pin=1"/></net>

<net id="2061"><net_src comp="520" pin="2"/><net_sink comp="2057" pin=0"/></net>

<net id="2062"><net_src comp="1034" pin="2"/><net_sink comp="2057" pin=1"/></net>

<net id="2067"><net_src comp="509" pin="2"/><net_sink comp="2063" pin=0"/></net>

<net id="2068"><net_src comp="1029" pin="2"/><net_sink comp="2063" pin=1"/></net>

<net id="2073"><net_src comp="498" pin="2"/><net_sink comp="2069" pin=0"/></net>

<net id="2074"><net_src comp="1024" pin="2"/><net_sink comp="2069" pin=1"/></net>

<net id="2079"><net_src comp="487" pin="2"/><net_sink comp="2075" pin=0"/></net>

<net id="2080"><net_src comp="1019" pin="2"/><net_sink comp="2075" pin=1"/></net>

<net id="2085"><net_src comp="476" pin="2"/><net_sink comp="2081" pin=0"/></net>

<net id="2086"><net_src comp="1014" pin="2"/><net_sink comp="2081" pin=1"/></net>

<net id="2091"><net_src comp="817" pin="2"/><net_sink comp="2087" pin=0"/></net>

<net id="2092"><net_src comp="1169" pin="2"/><net_sink comp="2087" pin=1"/></net>

<net id="2096"><net_src comp="422" pin="8"/><net_sink comp="2093" pin=0"/></net>

<net id="2101"><net_src comp="1644" pin="4"/><net_sink comp="2097" pin=0"/></net>

<net id="2102"><net_src comp="54" pin="0"/><net_sink comp="2097" pin=1"/></net>

<net id="2107"><net_src comp="1644" pin="4"/><net_sink comp="2103" pin=0"/></net>

<net id="2108"><net_src comp="56" pin="0"/><net_sink comp="2103" pin=1"/></net>

<net id="2113"><net_src comp="58" pin="0"/><net_sink comp="2109" pin=0"/></net>

<net id="2114"><net_src comp="1655" pin="4"/><net_sink comp="2109" pin=1"/></net>

<net id="2119"><net_src comp="1666" pin="4"/><net_sink comp="2115" pin=0"/></net>

<net id="2120"><net_src comp="60" pin="0"/><net_sink comp="2115" pin=1"/></net>

<net id="2126"><net_src comp="2115" pin="2"/><net_sink comp="2121" pin=0"/></net>

<net id="2127"><net_src comp="52" pin="0"/><net_sink comp="2121" pin=1"/></net>

<net id="2128"><net_src comp="1666" pin="4"/><net_sink comp="2121" pin=2"/></net>

<net id="2134"><net_src comp="2115" pin="2"/><net_sink comp="2129" pin=0"/></net>

<net id="2135"><net_src comp="2109" pin="2"/><net_sink comp="2129" pin=1"/></net>

<net id="2136"><net_src comp="1655" pin="4"/><net_sink comp="2129" pin=2"/></net>

<net id="2140"><net_src comp="2121" pin="3"/><net_sink comp="2137" pin=0"/></net>

<net id="2145"><net_src comp="2121" pin="3"/><net_sink comp="2141" pin=0"/></net>

<net id="2146"><net_src comp="58" pin="0"/><net_sink comp="2141" pin=1"/></net>

<net id="2150"><net_src comp="2147" pin="1"/><net_sink comp="470" pin=2"/></net>

<net id="2151"><net_src comp="2147" pin="1"/><net_sink comp="481" pin=2"/></net>

<net id="2152"><net_src comp="2147" pin="1"/><net_sink comp="492" pin=2"/></net>

<net id="2153"><net_src comp="2147" pin="1"/><net_sink comp="503" pin=2"/></net>

<net id="2154"><net_src comp="2147" pin="1"/><net_sink comp="514" pin=2"/></net>

<net id="2155"><net_src comp="2147" pin="1"/><net_sink comp="525" pin=2"/></net>

<net id="2156"><net_src comp="2147" pin="1"/><net_sink comp="536" pin=2"/></net>

<net id="2157"><net_src comp="2147" pin="1"/><net_sink comp="547" pin=2"/></net>

<net id="2158"><net_src comp="2147" pin="1"/><net_sink comp="558" pin=2"/></net>

<net id="2159"><net_src comp="2147" pin="1"/><net_sink comp="569" pin=2"/></net>

<net id="2160"><net_src comp="2147" pin="1"/><net_sink comp="580" pin=2"/></net>

<net id="2161"><net_src comp="2147" pin="1"/><net_sink comp="591" pin=2"/></net>

<net id="2162"><net_src comp="2147" pin="1"/><net_sink comp="602" pin=2"/></net>

<net id="2163"><net_src comp="2147" pin="1"/><net_sink comp="613" pin=2"/></net>

<net id="2164"><net_src comp="2147" pin="1"/><net_sink comp="624" pin=2"/></net>

<net id="2165"><net_src comp="2147" pin="1"/><net_sink comp="635" pin=2"/></net>

<net id="2166"><net_src comp="2147" pin="1"/><net_sink comp="646" pin=2"/></net>

<net id="2167"><net_src comp="2147" pin="1"/><net_sink comp="657" pin=2"/></net>

<net id="2168"><net_src comp="2147" pin="1"/><net_sink comp="668" pin=2"/></net>

<net id="2169"><net_src comp="2147" pin="1"/><net_sink comp="679" pin=2"/></net>

<net id="2170"><net_src comp="2147" pin="1"/><net_sink comp="690" pin=2"/></net>

<net id="2171"><net_src comp="2147" pin="1"/><net_sink comp="701" pin=2"/></net>

<net id="2172"><net_src comp="2147" pin="1"/><net_sink comp="712" pin=2"/></net>

<net id="2173"><net_src comp="2147" pin="1"/><net_sink comp="723" pin=2"/></net>

<net id="2174"><net_src comp="2147" pin="1"/><net_sink comp="734" pin=2"/></net>

<net id="2175"><net_src comp="2147" pin="1"/><net_sink comp="745" pin=2"/></net>

<net id="2176"><net_src comp="2147" pin="1"/><net_sink comp="756" pin=2"/></net>

<net id="2177"><net_src comp="2147" pin="1"/><net_sink comp="767" pin=2"/></net>

<net id="2178"><net_src comp="2147" pin="1"/><net_sink comp="778" pin=2"/></net>

<net id="2179"><net_src comp="2147" pin="1"/><net_sink comp="789" pin=2"/></net>

<net id="2180"><net_src comp="2147" pin="1"/><net_sink comp="800" pin=2"/></net>

<net id="2181"><net_src comp="2147" pin="1"/><net_sink comp="811" pin=2"/></net>

<net id="2185"><net_src comp="2093" pin="1"/><net_sink comp="2182" pin=0"/></net>

<net id="2186"><net_src comp="2182" pin="1"/><net_sink comp="476" pin=1"/></net>

<net id="2187"><net_src comp="2182" pin="1"/><net_sink comp="487" pin=1"/></net>

<net id="2188"><net_src comp="2182" pin="1"/><net_sink comp="498" pin=1"/></net>

<net id="2189"><net_src comp="2182" pin="1"/><net_sink comp="509" pin=1"/></net>

<net id="2190"><net_src comp="2182" pin="1"/><net_sink comp="520" pin=1"/></net>

<net id="2191"><net_src comp="2182" pin="1"/><net_sink comp="531" pin=1"/></net>

<net id="2192"><net_src comp="2182" pin="1"/><net_sink comp="542" pin=1"/></net>

<net id="2193"><net_src comp="2182" pin="1"/><net_sink comp="553" pin=1"/></net>

<net id="2194"><net_src comp="2182" pin="1"/><net_sink comp="564" pin=1"/></net>

<net id="2195"><net_src comp="2182" pin="1"/><net_sink comp="575" pin=1"/></net>

<net id="2196"><net_src comp="2182" pin="1"/><net_sink comp="586" pin=1"/></net>

<net id="2197"><net_src comp="2182" pin="1"/><net_sink comp="597" pin=1"/></net>

<net id="2198"><net_src comp="2182" pin="1"/><net_sink comp="608" pin=1"/></net>

<net id="2199"><net_src comp="2182" pin="1"/><net_sink comp="619" pin=1"/></net>

<net id="2200"><net_src comp="2182" pin="1"/><net_sink comp="630" pin=1"/></net>

<net id="2201"><net_src comp="2182" pin="1"/><net_sink comp="641" pin=1"/></net>

<net id="2202"><net_src comp="2182" pin="1"/><net_sink comp="652" pin=1"/></net>

<net id="2203"><net_src comp="2182" pin="1"/><net_sink comp="663" pin=1"/></net>

<net id="2204"><net_src comp="2182" pin="1"/><net_sink comp="674" pin=1"/></net>

<net id="2205"><net_src comp="2182" pin="1"/><net_sink comp="685" pin=1"/></net>

<net id="2206"><net_src comp="2182" pin="1"/><net_sink comp="696" pin=1"/></net>

<net id="2207"><net_src comp="2182" pin="1"/><net_sink comp="707" pin=1"/></net>

<net id="2208"><net_src comp="2182" pin="1"/><net_sink comp="718" pin=1"/></net>

<net id="2209"><net_src comp="2182" pin="1"/><net_sink comp="729" pin=1"/></net>

<net id="2210"><net_src comp="2182" pin="1"/><net_sink comp="740" pin=1"/></net>

<net id="2211"><net_src comp="2182" pin="1"/><net_sink comp="751" pin=1"/></net>

<net id="2212"><net_src comp="2182" pin="1"/><net_sink comp="762" pin=1"/></net>

<net id="2213"><net_src comp="2182" pin="1"/><net_sink comp="773" pin=1"/></net>

<net id="2214"><net_src comp="2182" pin="1"/><net_sink comp="784" pin=1"/></net>

<net id="2215"><net_src comp="2182" pin="1"/><net_sink comp="795" pin=1"/></net>

<net id="2216"><net_src comp="2182" pin="1"/><net_sink comp="806" pin=1"/></net>

<net id="2217"><net_src comp="2182" pin="1"/><net_sink comp="817" pin=1"/></net>

<net id="2222"><net_src comp="1677" pin="4"/><net_sink comp="2218" pin=0"/></net>

<net id="2223"><net_src comp="54" pin="0"/><net_sink comp="2218" pin=1"/></net>

<net id="2228"><net_src comp="1677" pin="4"/><net_sink comp="2224" pin=0"/></net>

<net id="2229"><net_src comp="56" pin="0"/><net_sink comp="2224" pin=1"/></net>

<net id="2234"><net_src comp="58" pin="0"/><net_sink comp="2230" pin=0"/></net>

<net id="2235"><net_src comp="1688" pin="4"/><net_sink comp="2230" pin=1"/></net>

<net id="2240"><net_src comp="1699" pin="4"/><net_sink comp="2236" pin=0"/></net>

<net id="2241"><net_src comp="60" pin="0"/><net_sink comp="2236" pin=1"/></net>

<net id="2247"><net_src comp="2236" pin="2"/><net_sink comp="2242" pin=0"/></net>

<net id="2248"><net_src comp="52" pin="0"/><net_sink comp="2242" pin=1"/></net>

<net id="2249"><net_src comp="1699" pin="4"/><net_sink comp="2242" pin=2"/></net>

<net id="2255"><net_src comp="2236" pin="2"/><net_sink comp="2250" pin=0"/></net>

<net id="2256"><net_src comp="2230" pin="2"/><net_sink comp="2250" pin=1"/></net>

<net id="2257"><net_src comp="1688" pin="4"/><net_sink comp="2250" pin=2"/></net>

<net id="2261"><net_src comp="2250" pin="3"/><net_sink comp="2258" pin=0"/></net>

<net id="2266"><net_src comp="2242" pin="3"/><net_sink comp="2262" pin=0"/></net>

<net id="2267"><net_src comp="58" pin="0"/><net_sink comp="2262" pin=1"/></net>

<net id="2271"><net_src comp="2268" pin="1"/><net_sink comp="822" pin=2"/></net>

<net id="2272"><net_src comp="2268" pin="1"/><net_sink comp="828" pin=2"/></net>

<net id="2273"><net_src comp="2268" pin="1"/><net_sink comp="834" pin=2"/></net>

<net id="2274"><net_src comp="2268" pin="1"/><net_sink comp="840" pin=2"/></net>

<net id="2275"><net_src comp="2268" pin="1"/><net_sink comp="846" pin=2"/></net>

<net id="2276"><net_src comp="2268" pin="1"/><net_sink comp="852" pin=2"/></net>

<net id="2277"><net_src comp="2268" pin="1"/><net_sink comp="858" pin=2"/></net>

<net id="2278"><net_src comp="2268" pin="1"/><net_sink comp="864" pin=2"/></net>

<net id="2279"><net_src comp="2268" pin="1"/><net_sink comp="870" pin=2"/></net>

<net id="2280"><net_src comp="2268" pin="1"/><net_sink comp="876" pin=2"/></net>

<net id="2281"><net_src comp="2268" pin="1"/><net_sink comp="882" pin=2"/></net>

<net id="2282"><net_src comp="2268" pin="1"/><net_sink comp="888" pin=2"/></net>

<net id="2283"><net_src comp="2268" pin="1"/><net_sink comp="894" pin=2"/></net>

<net id="2284"><net_src comp="2268" pin="1"/><net_sink comp="900" pin=2"/></net>

<net id="2285"><net_src comp="2268" pin="1"/><net_sink comp="906" pin=2"/></net>

<net id="2286"><net_src comp="2268" pin="1"/><net_sink comp="912" pin=2"/></net>

<net id="2287"><net_src comp="2268" pin="1"/><net_sink comp="918" pin=2"/></net>

<net id="2288"><net_src comp="2268" pin="1"/><net_sink comp="924" pin=2"/></net>

<net id="2289"><net_src comp="2268" pin="1"/><net_sink comp="930" pin=2"/></net>

<net id="2290"><net_src comp="2268" pin="1"/><net_sink comp="936" pin=2"/></net>

<net id="2291"><net_src comp="2268" pin="1"/><net_sink comp="942" pin=2"/></net>

<net id="2292"><net_src comp="2268" pin="1"/><net_sink comp="948" pin=2"/></net>

<net id="2293"><net_src comp="2268" pin="1"/><net_sink comp="954" pin=2"/></net>

<net id="2294"><net_src comp="2268" pin="1"/><net_sink comp="960" pin=2"/></net>

<net id="2295"><net_src comp="2268" pin="1"/><net_sink comp="966" pin=2"/></net>

<net id="2296"><net_src comp="2268" pin="1"/><net_sink comp="972" pin=2"/></net>

<net id="2297"><net_src comp="2268" pin="1"/><net_sink comp="978" pin=2"/></net>

<net id="2298"><net_src comp="2268" pin="1"/><net_sink comp="984" pin=2"/></net>

<net id="2299"><net_src comp="2268" pin="1"/><net_sink comp="990" pin=2"/></net>

<net id="2300"><net_src comp="2268" pin="1"/><net_sink comp="996" pin=2"/></net>

<net id="2301"><net_src comp="2268" pin="1"/><net_sink comp="1002" pin=2"/></net>

<net id="2302"><net_src comp="2268" pin="1"/><net_sink comp="1008" pin=2"/></net>

<net id="2306"><net_src comp="2093" pin="1"/><net_sink comp="2303" pin=0"/></net>

<net id="2307"><net_src comp="2303" pin="1"/><net_sink comp="1014" pin=1"/></net>

<net id="2308"><net_src comp="2303" pin="1"/><net_sink comp="1019" pin=1"/></net>

<net id="2309"><net_src comp="2303" pin="1"/><net_sink comp="1024" pin=1"/></net>

<net id="2310"><net_src comp="2303" pin="1"/><net_sink comp="1029" pin=1"/></net>

<net id="2311"><net_src comp="2303" pin="1"/><net_sink comp="1034" pin=1"/></net>

<net id="2312"><net_src comp="2303" pin="1"/><net_sink comp="1039" pin=1"/></net>

<net id="2313"><net_src comp="2303" pin="1"/><net_sink comp="1044" pin=1"/></net>

<net id="2314"><net_src comp="2303" pin="1"/><net_sink comp="1049" pin=1"/></net>

<net id="2315"><net_src comp="2303" pin="1"/><net_sink comp="1054" pin=1"/></net>

<net id="2316"><net_src comp="2303" pin="1"/><net_sink comp="1059" pin=1"/></net>

<net id="2317"><net_src comp="2303" pin="1"/><net_sink comp="1064" pin=1"/></net>

<net id="2318"><net_src comp="2303" pin="1"/><net_sink comp="1069" pin=1"/></net>

<net id="2319"><net_src comp="2303" pin="1"/><net_sink comp="1074" pin=1"/></net>

<net id="2320"><net_src comp="2303" pin="1"/><net_sink comp="1079" pin=1"/></net>

<net id="2321"><net_src comp="2303" pin="1"/><net_sink comp="1084" pin=1"/></net>

<net id="2322"><net_src comp="2303" pin="1"/><net_sink comp="1089" pin=1"/></net>

<net id="2323"><net_src comp="2303" pin="1"/><net_sink comp="1094" pin=1"/></net>

<net id="2324"><net_src comp="2303" pin="1"/><net_sink comp="1099" pin=1"/></net>

<net id="2325"><net_src comp="2303" pin="1"/><net_sink comp="1104" pin=1"/></net>

<net id="2326"><net_src comp="2303" pin="1"/><net_sink comp="1109" pin=1"/></net>

<net id="2327"><net_src comp="2303" pin="1"/><net_sink comp="1114" pin=1"/></net>

<net id="2328"><net_src comp="2303" pin="1"/><net_sink comp="1119" pin=1"/></net>

<net id="2329"><net_src comp="2303" pin="1"/><net_sink comp="1124" pin=1"/></net>

<net id="2330"><net_src comp="2303" pin="1"/><net_sink comp="1129" pin=1"/></net>

<net id="2331"><net_src comp="2303" pin="1"/><net_sink comp="1134" pin=1"/></net>

<net id="2332"><net_src comp="2303" pin="1"/><net_sink comp="1139" pin=1"/></net>

<net id="2333"><net_src comp="2303" pin="1"/><net_sink comp="1144" pin=1"/></net>

<net id="2334"><net_src comp="2303" pin="1"/><net_sink comp="1149" pin=1"/></net>

<net id="2335"><net_src comp="2303" pin="1"/><net_sink comp="1154" pin=1"/></net>

<net id="2336"><net_src comp="2303" pin="1"/><net_sink comp="1159" pin=1"/></net>

<net id="2337"><net_src comp="2303" pin="1"/><net_sink comp="1164" pin=1"/></net>

<net id="2338"><net_src comp="2303" pin="1"/><net_sink comp="1169" pin=1"/></net>

<net id="2343"><net_src comp="1710" pin="4"/><net_sink comp="2339" pin=0"/></net>

<net id="2344"><net_src comp="54" pin="0"/><net_sink comp="2339" pin=1"/></net>

<net id="2349"><net_src comp="1710" pin="4"/><net_sink comp="2345" pin=0"/></net>

<net id="2350"><net_src comp="56" pin="0"/><net_sink comp="2345" pin=1"/></net>

<net id="2355"><net_src comp="1721" pin="4"/><net_sink comp="2351" pin=0"/></net>

<net id="2356"><net_src comp="58" pin="0"/><net_sink comp="2351" pin=1"/></net>

<net id="2361"><net_src comp="1732" pin="4"/><net_sink comp="2357" pin=0"/></net>

<net id="2362"><net_src comp="60" pin="0"/><net_sink comp="2357" pin=1"/></net>

<net id="2368"><net_src comp="2357" pin="2"/><net_sink comp="2363" pin=0"/></net>

<net id="2369"><net_src comp="52" pin="0"/><net_sink comp="2363" pin=1"/></net>

<net id="2370"><net_src comp="1732" pin="4"/><net_sink comp="2363" pin=2"/></net>

<net id="2376"><net_src comp="2357" pin="2"/><net_sink comp="2371" pin=0"/></net>

<net id="2377"><net_src comp="2351" pin="2"/><net_sink comp="2371" pin=1"/></net>

<net id="2378"><net_src comp="1721" pin="4"/><net_sink comp="2371" pin=2"/></net>

<net id="2382"><net_src comp="2371" pin="3"/><net_sink comp="2379" pin=0"/></net>

<net id="2383"><net_src comp="2379" pin="1"/><net_sink comp="1174" pin=2"/></net>

<net id="2387"><net_src comp="2363" pin="3"/><net_sink comp="2384" pin=0"/></net>

<net id="2388"><net_src comp="2384" pin="1"/><net_sink comp="1181" pin=2"/></net>

<net id="2393"><net_src comp="2363" pin="3"/><net_sink comp="2389" pin=0"/></net>

<net id="2394"><net_src comp="58" pin="0"/><net_sink comp="2389" pin=1"/></net>

<net id="2400"><net_src comp="146" pin="0"/><net_sink comp="2395" pin=0"/></net>

<net id="2401"><net_src comp="68" pin="0"/><net_sink comp="2395" pin=2"/></net>

<net id="2405"><net_src comp="2395" pin="3"/><net_sink comp="2402" pin=0"/></net>

<net id="2413"><net_src comp="2402" pin="1"/><net_sink comp="2409" pin=0"/></net>

<net id="2414"><net_src comp="2406" pin="1"/><net_sink comp="2409" pin=1"/></net>

<net id="2418"><net_src comp="2409" pin="2"/><net_sink comp="2415" pin=0"/></net>

<net id="2419"><net_src comp="2415" pin="1"/><net_sink comp="1622" pin=2"/></net>

<net id="2424"><net_src comp="1743" pin="4"/><net_sink comp="2420" pin=0"/></net>

<net id="2425"><net_src comp="54" pin="0"/><net_sink comp="2420" pin=1"/></net>

<net id="2430"><net_src comp="1743" pin="4"/><net_sink comp="2426" pin=0"/></net>

<net id="2431"><net_src comp="56" pin="0"/><net_sink comp="2426" pin=1"/></net>

<net id="2436"><net_src comp="58" pin="0"/><net_sink comp="2432" pin=0"/></net>

<net id="2437"><net_src comp="1754" pin="4"/><net_sink comp="2432" pin=1"/></net>

<net id="2442"><net_src comp="1765" pin="4"/><net_sink comp="2438" pin=0"/></net>

<net id="2443"><net_src comp="60" pin="0"/><net_sink comp="2438" pin=1"/></net>

<net id="2449"><net_src comp="2438" pin="2"/><net_sink comp="2444" pin=0"/></net>

<net id="2450"><net_src comp="52" pin="0"/><net_sink comp="2444" pin=1"/></net>

<net id="2451"><net_src comp="1765" pin="4"/><net_sink comp="2444" pin=2"/></net>

<net id="2457"><net_src comp="2438" pin="2"/><net_sink comp="2452" pin=0"/></net>

<net id="2458"><net_src comp="2432" pin="2"/><net_sink comp="2452" pin=1"/></net>

<net id="2459"><net_src comp="1754" pin="4"/><net_sink comp="2452" pin=2"/></net>

<net id="2465"><net_src comp="146" pin="0"/><net_sink comp="2460" pin=0"/></net>

<net id="2466"><net_src comp="2452" pin="3"/><net_sink comp="2460" pin=1"/></net>

<net id="2467"><net_src comp="68" pin="0"/><net_sink comp="2460" pin=2"/></net>

<net id="2471"><net_src comp="2460" pin="3"/><net_sink comp="2468" pin=0"/></net>

<net id="2475"><net_src comp="2452" pin="3"/><net_sink comp="2472" pin=0"/></net>

<net id="2481"><net_src comp="150" pin="0"/><net_sink comp="2476" pin=0"/></net>

<net id="2482"><net_src comp="2472" pin="1"/><net_sink comp="2476" pin=1"/></net>

<net id="2483"><net_src comp="68" pin="0"/><net_sink comp="2476" pin=2"/></net>

<net id="2487"><net_src comp="2444" pin="3"/><net_sink comp="2484" pin=0"/></net>

<net id="2491"><net_src comp="2444" pin="3"/><net_sink comp="2488" pin=0"/></net>

<net id="2496"><net_src comp="2468" pin="1"/><net_sink comp="2492" pin=0"/></net>

<net id="2497"><net_src comp="2488" pin="1"/><net_sink comp="2492" pin=1"/></net>

<net id="2501"><net_src comp="2492" pin="2"/><net_sink comp="2498" pin=0"/></net>

<net id="2502"><net_src comp="2498" pin="1"/><net_sink comp="1633" pin=2"/></net>

<net id="2507"><net_src comp="2476" pin="3"/><net_sink comp="2503" pin=0"/></net>

<net id="2508"><net_src comp="2484" pin="1"/><net_sink comp="2503" pin=1"/></net>

<net id="2513"><net_src comp="2503" pin="2"/><net_sink comp="2509" pin=0"/></net>

<net id="2514"><net_src comp="152" pin="0"/><net_sink comp="2509" pin=1"/></net>

<net id="2519"><net_src comp="58" pin="0"/><net_sink comp="2515" pin=0"/></net>

<net id="2520"><net_src comp="2444" pin="3"/><net_sink comp="2515" pin=1"/></net>

<net id="2524"><net_src comp="1628" pin="2"/><net_sink comp="2521" pin=0"/></net>

<net id="2525"><net_src comp="2521" pin="1"/><net_sink comp="440" pin=8"/></net>

<net id="2529"><net_src comp="2097" pin="2"/><net_sink comp="2526" pin=0"/></net>

<net id="2533"><net_src comp="2103" pin="2"/><net_sink comp="2530" pin=0"/></net>

<net id="2534"><net_src comp="2530" pin="1"/><net_sink comp="1644" pin=2"/></net>

<net id="2538"><net_src comp="2129" pin="3"/><net_sink comp="2535" pin=0"/></net>

<net id="2539"><net_src comp="2535" pin="1"/><net_sink comp="1655" pin=2"/></net>

<net id="2540"><net_src comp="2535" pin="1"/><net_sink comp="2147" pin=0"/></net>

<net id="2544"><net_src comp="2137" pin="1"/><net_sink comp="2541" pin=0"/></net>

<net id="2548"><net_src comp="2141" pin="2"/><net_sink comp="2545" pin=0"/></net>

<net id="2549"><net_src comp="2545" pin="1"/><net_sink comp="1666" pin=2"/></net>

<net id="2553"><net_src comp="2218" pin="2"/><net_sink comp="2550" pin=0"/></net>

<net id="2557"><net_src comp="2224" pin="2"/><net_sink comp="2554" pin=0"/></net>

<net id="2558"><net_src comp="2554" pin="1"/><net_sink comp="1677" pin=0"/></net>

<net id="2562"><net_src comp="2242" pin="3"/><net_sink comp="2559" pin=0"/></net>

<net id="2563"><net_src comp="2559" pin="1"/><net_sink comp="2268" pin=0"/></net>

<net id="2567"><net_src comp="2250" pin="3"/><net_sink comp="2564" pin=0"/></net>

<net id="2568"><net_src comp="2564" pin="1"/><net_sink comp="1688" pin=0"/></net>

<net id="2572"><net_src comp="2258" pin="1"/><net_sink comp="2569" pin=0"/></net>

<net id="2576"><net_src comp="2262" pin="2"/><net_sink comp="2573" pin=0"/></net>

<net id="2577"><net_src comp="2573" pin="1"/><net_sink comp="1699" pin=0"/></net>

<net id="2581"><net_src comp="2339" pin="2"/><net_sink comp="2578" pin=0"/></net>

<net id="2585"><net_src comp="2345" pin="2"/><net_sink comp="2582" pin=0"/></net>

<net id="2586"><net_src comp="2582" pin="1"/><net_sink comp="1710" pin=0"/></net>

<net id="2590"><net_src comp="2363" pin="3"/><net_sink comp="2587" pin=0"/></net>

<net id="2591"><net_src comp="2587" pin="1"/><net_sink comp="2406" pin=0"/></net>

<net id="2595"><net_src comp="2371" pin="3"/><net_sink comp="2592" pin=0"/></net>

<net id="2596"><net_src comp="2592" pin="1"/><net_sink comp="1721" pin=0"/></net>

<net id="2597"><net_src comp="2592" pin="1"/><net_sink comp="2395" pin=1"/></net>

<net id="2601"><net_src comp="2379" pin="1"/><net_sink comp="2598" pin=0"/></net>

<net id="2602"><net_src comp="2598" pin="1"/><net_sink comp="1188" pin=2"/></net>

<net id="2603"><net_src comp="2598" pin="1"/><net_sink comp="1202" pin=2"/></net>

<net id="2604"><net_src comp="2598" pin="1"/><net_sink comp="1216" pin=2"/></net>

<net id="2605"><net_src comp="2598" pin="1"/><net_sink comp="1230" pin=2"/></net>

<net id="2606"><net_src comp="2598" pin="1"/><net_sink comp="1244" pin=2"/></net>

<net id="2607"><net_src comp="2598" pin="1"/><net_sink comp="1258" pin=2"/></net>

<net id="2608"><net_src comp="2598" pin="1"/><net_sink comp="1272" pin=2"/></net>

<net id="2609"><net_src comp="2598" pin="1"/><net_sink comp="1286" pin=2"/></net>

<net id="2610"><net_src comp="2598" pin="1"/><net_sink comp="1300" pin=2"/></net>

<net id="2611"><net_src comp="2598" pin="1"/><net_sink comp="1314" pin=2"/></net>

<net id="2612"><net_src comp="2598" pin="1"/><net_sink comp="1328" pin=2"/></net>

<net id="2613"><net_src comp="2598" pin="1"/><net_sink comp="1342" pin=2"/></net>

<net id="2614"><net_src comp="2598" pin="1"/><net_sink comp="1356" pin=2"/></net>

<net id="2615"><net_src comp="2598" pin="1"/><net_sink comp="1370" pin=2"/></net>

<net id="2616"><net_src comp="2598" pin="1"/><net_sink comp="1384" pin=2"/></net>

<net id="2617"><net_src comp="2598" pin="1"/><net_sink comp="1398" pin=2"/></net>

<net id="2618"><net_src comp="2598" pin="1"/><net_sink comp="1412" pin=2"/></net>

<net id="2619"><net_src comp="2598" pin="1"/><net_sink comp="1426" pin=2"/></net>

<net id="2620"><net_src comp="2598" pin="1"/><net_sink comp="1440" pin=2"/></net>

<net id="2621"><net_src comp="2598" pin="1"/><net_sink comp="1454" pin=2"/></net>

<net id="2622"><net_src comp="2598" pin="1"/><net_sink comp="1468" pin=2"/></net>

<net id="2623"><net_src comp="2598" pin="1"/><net_sink comp="1482" pin=2"/></net>

<net id="2624"><net_src comp="2598" pin="1"/><net_sink comp="1496" pin=2"/></net>

<net id="2625"><net_src comp="2598" pin="1"/><net_sink comp="1510" pin=2"/></net>

<net id="2626"><net_src comp="2598" pin="1"/><net_sink comp="1524" pin=2"/></net>

<net id="2627"><net_src comp="2598" pin="1"/><net_sink comp="1538" pin=2"/></net>

<net id="2628"><net_src comp="2598" pin="1"/><net_sink comp="1552" pin=2"/></net>

<net id="2629"><net_src comp="2598" pin="1"/><net_sink comp="1566" pin=2"/></net>

<net id="2630"><net_src comp="2598" pin="1"/><net_sink comp="1580" pin=2"/></net>

<net id="2631"><net_src comp="2598" pin="1"/><net_sink comp="1594" pin=2"/></net>

<net id="2632"><net_src comp="2598" pin="1"/><net_sink comp="1601" pin=2"/></net>

<net id="2636"><net_src comp="1174" pin="3"/><net_sink comp="2633" pin=0"/></net>

<net id="2637"><net_src comp="2633" pin="1"/><net_sink comp="806" pin=0"/></net>

<net id="2641"><net_src comp="2384" pin="1"/><net_sink comp="2638" pin=0"/></net>

<net id="2642"><net_src comp="2638" pin="1"/><net_sink comp="1195" pin=2"/></net>

<net id="2643"><net_src comp="2638" pin="1"/><net_sink comp="1209" pin=2"/></net>

<net id="2644"><net_src comp="2638" pin="1"/><net_sink comp="1223" pin=2"/></net>

<net id="2645"><net_src comp="2638" pin="1"/><net_sink comp="1237" pin=2"/></net>

<net id="2646"><net_src comp="2638" pin="1"/><net_sink comp="1251" pin=2"/></net>

<net id="2647"><net_src comp="2638" pin="1"/><net_sink comp="1265" pin=2"/></net>

<net id="2648"><net_src comp="2638" pin="1"/><net_sink comp="1279" pin=2"/></net>

<net id="2649"><net_src comp="2638" pin="1"/><net_sink comp="1293" pin=2"/></net>

<net id="2650"><net_src comp="2638" pin="1"/><net_sink comp="1307" pin=2"/></net>

<net id="2651"><net_src comp="2638" pin="1"/><net_sink comp="1321" pin=2"/></net>

<net id="2652"><net_src comp="2638" pin="1"/><net_sink comp="1335" pin=2"/></net>

<net id="2653"><net_src comp="2638" pin="1"/><net_sink comp="1349" pin=2"/></net>

<net id="2654"><net_src comp="2638" pin="1"/><net_sink comp="1363" pin=2"/></net>

<net id="2655"><net_src comp="2638" pin="1"/><net_sink comp="1377" pin=2"/></net>

<net id="2656"><net_src comp="2638" pin="1"/><net_sink comp="1391" pin=2"/></net>

<net id="2657"><net_src comp="2638" pin="1"/><net_sink comp="1405" pin=2"/></net>

<net id="2658"><net_src comp="2638" pin="1"/><net_sink comp="1419" pin=2"/></net>

<net id="2659"><net_src comp="2638" pin="1"/><net_sink comp="1433" pin=2"/></net>

<net id="2660"><net_src comp="2638" pin="1"/><net_sink comp="1447" pin=2"/></net>

<net id="2661"><net_src comp="2638" pin="1"/><net_sink comp="1461" pin=2"/></net>

<net id="2662"><net_src comp="2638" pin="1"/><net_sink comp="1475" pin=2"/></net>

<net id="2663"><net_src comp="2638" pin="1"/><net_sink comp="1489" pin=2"/></net>

<net id="2664"><net_src comp="2638" pin="1"/><net_sink comp="1503" pin=2"/></net>

<net id="2665"><net_src comp="2638" pin="1"/><net_sink comp="1517" pin=2"/></net>

<net id="2666"><net_src comp="2638" pin="1"/><net_sink comp="1531" pin=2"/></net>

<net id="2667"><net_src comp="2638" pin="1"/><net_sink comp="1545" pin=2"/></net>

<net id="2668"><net_src comp="2638" pin="1"/><net_sink comp="1559" pin=2"/></net>

<net id="2669"><net_src comp="2638" pin="1"/><net_sink comp="1573" pin=2"/></net>

<net id="2670"><net_src comp="2638" pin="1"/><net_sink comp="1587" pin=2"/></net>

<net id="2671"><net_src comp="2638" pin="1"/><net_sink comp="1608" pin=2"/></net>

<net id="2672"><net_src comp="2638" pin="1"/><net_sink comp="1615" pin=2"/></net>

<net id="2676"><net_src comp="1181" pin="3"/><net_sink comp="2673" pin=0"/></net>

<net id="2677"><net_src comp="2673" pin="1"/><net_sink comp="1164" pin=0"/></net>

<net id="2681"><net_src comp="2389" pin="2"/><net_sink comp="2678" pin=0"/></net>

<net id="2682"><net_src comp="2678" pin="1"/><net_sink comp="1732" pin=0"/></net>

<net id="2686"><net_src comp="806" pin="2"/><net_sink comp="2683" pin=0"/></net>

<net id="2687"><net_src comp="2683" pin="1"/><net_sink comp="1901" pin=0"/></net>

<net id="2691"><net_src comp="1164" pin="2"/><net_sink comp="2688" pin=0"/></net>

<net id="2692"><net_src comp="2688" pin="1"/><net_sink comp="1901" pin=1"/></net>

<net id="2696"><net_src comp="1901" pin="2"/><net_sink comp="2693" pin=0"/></net>

<net id="2697"><net_src comp="2693" pin="1"/><net_sink comp="1772" pin=0"/></net>

<net id="2701"><net_src comp="1188" pin="3"/><net_sink comp="2698" pin=0"/></net>

<net id="2702"><net_src comp="2698" pin="1"/><net_sink comp="795" pin=0"/></net>

<net id="2706"><net_src comp="1195" pin="3"/><net_sink comp="2703" pin=0"/></net>

<net id="2707"><net_src comp="2703" pin="1"/><net_sink comp="1159" pin=0"/></net>

<net id="2711"><net_src comp="795" pin="2"/><net_sink comp="2708" pin=0"/></net>

<net id="2712"><net_src comp="2708" pin="1"/><net_sink comp="1907" pin=0"/></net>

<net id="2716"><net_src comp="1159" pin="2"/><net_sink comp="2713" pin=0"/></net>

<net id="2717"><net_src comp="2713" pin="1"/><net_sink comp="1907" pin=1"/></net>

<net id="2721"><net_src comp="1772" pin="2"/><net_sink comp="2718" pin=0"/></net>

<net id="2722"><net_src comp="2718" pin="1"/><net_sink comp="1777" pin=0"/></net>

<net id="2726"><net_src comp="1907" pin="2"/><net_sink comp="2723" pin=0"/></net>

<net id="2727"><net_src comp="2723" pin="1"/><net_sink comp="1777" pin=1"/></net>

<net id="2731"><net_src comp="1202" pin="3"/><net_sink comp="2728" pin=0"/></net>

<net id="2732"><net_src comp="2728" pin="1"/><net_sink comp="784" pin=0"/></net>

<net id="2736"><net_src comp="1209" pin="3"/><net_sink comp="2733" pin=0"/></net>

<net id="2737"><net_src comp="2733" pin="1"/><net_sink comp="1154" pin=0"/></net>

<net id="2741"><net_src comp="784" pin="2"/><net_sink comp="2738" pin=0"/></net>

<net id="2742"><net_src comp="2738" pin="1"/><net_sink comp="1913" pin=0"/></net>

<net id="2746"><net_src comp="1154" pin="2"/><net_sink comp="2743" pin=0"/></net>

<net id="2747"><net_src comp="2743" pin="1"/><net_sink comp="1913" pin=1"/></net>

<net id="2751"><net_src comp="1777" pin="2"/><net_sink comp="2748" pin=0"/></net>

<net id="2752"><net_src comp="2748" pin="1"/><net_sink comp="1781" pin=0"/></net>

<net id="2756"><net_src comp="1913" pin="2"/><net_sink comp="2753" pin=0"/></net>

<net id="2757"><net_src comp="2753" pin="1"/><net_sink comp="1781" pin=1"/></net>

<net id="2761"><net_src comp="1216" pin="3"/><net_sink comp="2758" pin=0"/></net>

<net id="2762"><net_src comp="2758" pin="1"/><net_sink comp="773" pin=0"/></net>

<net id="2766"><net_src comp="1223" pin="3"/><net_sink comp="2763" pin=0"/></net>

<net id="2767"><net_src comp="2763" pin="1"/><net_sink comp="1149" pin=0"/></net>

<net id="2771"><net_src comp="773" pin="2"/><net_sink comp="2768" pin=0"/></net>

<net id="2772"><net_src comp="2768" pin="1"/><net_sink comp="1919" pin=0"/></net>

<net id="2776"><net_src comp="1149" pin="2"/><net_sink comp="2773" pin=0"/></net>

<net id="2777"><net_src comp="2773" pin="1"/><net_sink comp="1919" pin=1"/></net>

<net id="2781"><net_src comp="1781" pin="2"/><net_sink comp="2778" pin=0"/></net>

<net id="2782"><net_src comp="2778" pin="1"/><net_sink comp="1785" pin=0"/></net>

<net id="2786"><net_src comp="1919" pin="2"/><net_sink comp="2783" pin=0"/></net>

<net id="2787"><net_src comp="2783" pin="1"/><net_sink comp="1785" pin=1"/></net>

<net id="2791"><net_src comp="1230" pin="3"/><net_sink comp="2788" pin=0"/></net>

<net id="2792"><net_src comp="2788" pin="1"/><net_sink comp="762" pin=0"/></net>

<net id="2796"><net_src comp="1237" pin="3"/><net_sink comp="2793" pin=0"/></net>

<net id="2797"><net_src comp="2793" pin="1"/><net_sink comp="1144" pin=0"/></net>

<net id="2801"><net_src comp="762" pin="2"/><net_sink comp="2798" pin=0"/></net>

<net id="2802"><net_src comp="2798" pin="1"/><net_sink comp="1925" pin=0"/></net>

<net id="2806"><net_src comp="1144" pin="2"/><net_sink comp="2803" pin=0"/></net>

<net id="2807"><net_src comp="2803" pin="1"/><net_sink comp="1925" pin=1"/></net>

<net id="2811"><net_src comp="1785" pin="2"/><net_sink comp="2808" pin=0"/></net>

<net id="2812"><net_src comp="2808" pin="1"/><net_sink comp="1789" pin=0"/></net>

<net id="2816"><net_src comp="1925" pin="2"/><net_sink comp="2813" pin=0"/></net>

<net id="2817"><net_src comp="2813" pin="1"/><net_sink comp="1789" pin=1"/></net>

<net id="2821"><net_src comp="1244" pin="3"/><net_sink comp="2818" pin=0"/></net>

<net id="2822"><net_src comp="2818" pin="1"/><net_sink comp="751" pin=0"/></net>

<net id="2826"><net_src comp="1251" pin="3"/><net_sink comp="2823" pin=0"/></net>

<net id="2827"><net_src comp="2823" pin="1"/><net_sink comp="1139" pin=0"/></net>

<net id="2831"><net_src comp="751" pin="2"/><net_sink comp="2828" pin=0"/></net>

<net id="2832"><net_src comp="2828" pin="1"/><net_sink comp="1931" pin=0"/></net>

<net id="2836"><net_src comp="1139" pin="2"/><net_sink comp="2833" pin=0"/></net>

<net id="2837"><net_src comp="2833" pin="1"/><net_sink comp="1931" pin=1"/></net>

<net id="2841"><net_src comp="1789" pin="2"/><net_sink comp="2838" pin=0"/></net>

<net id="2842"><net_src comp="2838" pin="1"/><net_sink comp="1793" pin=0"/></net>

<net id="2846"><net_src comp="1931" pin="2"/><net_sink comp="2843" pin=0"/></net>

<net id="2847"><net_src comp="2843" pin="1"/><net_sink comp="1793" pin=1"/></net>

<net id="2851"><net_src comp="1258" pin="3"/><net_sink comp="2848" pin=0"/></net>

<net id="2852"><net_src comp="2848" pin="1"/><net_sink comp="740" pin=0"/></net>

<net id="2856"><net_src comp="1265" pin="3"/><net_sink comp="2853" pin=0"/></net>

<net id="2857"><net_src comp="2853" pin="1"/><net_sink comp="1134" pin=0"/></net>

<net id="2861"><net_src comp="740" pin="2"/><net_sink comp="2858" pin=0"/></net>

<net id="2862"><net_src comp="2858" pin="1"/><net_sink comp="1937" pin=0"/></net>

<net id="2866"><net_src comp="1134" pin="2"/><net_sink comp="2863" pin=0"/></net>

<net id="2867"><net_src comp="2863" pin="1"/><net_sink comp="1937" pin=1"/></net>

<net id="2871"><net_src comp="1793" pin="2"/><net_sink comp="2868" pin=0"/></net>

<net id="2872"><net_src comp="2868" pin="1"/><net_sink comp="1797" pin=0"/></net>

<net id="2876"><net_src comp="1937" pin="2"/><net_sink comp="2873" pin=0"/></net>

<net id="2877"><net_src comp="2873" pin="1"/><net_sink comp="1797" pin=1"/></net>

<net id="2881"><net_src comp="1272" pin="3"/><net_sink comp="2878" pin=0"/></net>

<net id="2882"><net_src comp="2878" pin="1"/><net_sink comp="729" pin=0"/></net>

<net id="2886"><net_src comp="1279" pin="3"/><net_sink comp="2883" pin=0"/></net>

<net id="2887"><net_src comp="2883" pin="1"/><net_sink comp="1129" pin=0"/></net>

<net id="2891"><net_src comp="729" pin="2"/><net_sink comp="2888" pin=0"/></net>

<net id="2892"><net_src comp="2888" pin="1"/><net_sink comp="1943" pin=0"/></net>

<net id="2896"><net_src comp="1129" pin="2"/><net_sink comp="2893" pin=0"/></net>

<net id="2897"><net_src comp="2893" pin="1"/><net_sink comp="1943" pin=1"/></net>

<net id="2901"><net_src comp="1797" pin="2"/><net_sink comp="2898" pin=0"/></net>

<net id="2902"><net_src comp="2898" pin="1"/><net_sink comp="1801" pin=0"/></net>

<net id="2906"><net_src comp="1943" pin="2"/><net_sink comp="2903" pin=0"/></net>

<net id="2907"><net_src comp="2903" pin="1"/><net_sink comp="1801" pin=1"/></net>

<net id="2911"><net_src comp="1286" pin="3"/><net_sink comp="2908" pin=0"/></net>

<net id="2912"><net_src comp="2908" pin="1"/><net_sink comp="718" pin=0"/></net>

<net id="2916"><net_src comp="1293" pin="3"/><net_sink comp="2913" pin=0"/></net>

<net id="2917"><net_src comp="2913" pin="1"/><net_sink comp="1124" pin=0"/></net>

<net id="2921"><net_src comp="718" pin="2"/><net_sink comp="2918" pin=0"/></net>

<net id="2922"><net_src comp="2918" pin="1"/><net_sink comp="1949" pin=0"/></net>

<net id="2926"><net_src comp="1124" pin="2"/><net_sink comp="2923" pin=0"/></net>

<net id="2927"><net_src comp="2923" pin="1"/><net_sink comp="1949" pin=1"/></net>

<net id="2931"><net_src comp="1801" pin="2"/><net_sink comp="2928" pin=0"/></net>

<net id="2932"><net_src comp="2928" pin="1"/><net_sink comp="1805" pin=0"/></net>

<net id="2936"><net_src comp="1949" pin="2"/><net_sink comp="2933" pin=0"/></net>

<net id="2937"><net_src comp="2933" pin="1"/><net_sink comp="1805" pin=1"/></net>

<net id="2941"><net_src comp="1300" pin="3"/><net_sink comp="2938" pin=0"/></net>

<net id="2942"><net_src comp="2938" pin="1"/><net_sink comp="707" pin=0"/></net>

<net id="2946"><net_src comp="1307" pin="3"/><net_sink comp="2943" pin=0"/></net>

<net id="2947"><net_src comp="2943" pin="1"/><net_sink comp="1119" pin=0"/></net>

<net id="2951"><net_src comp="707" pin="2"/><net_sink comp="2948" pin=0"/></net>

<net id="2952"><net_src comp="2948" pin="1"/><net_sink comp="1955" pin=0"/></net>

<net id="2956"><net_src comp="1119" pin="2"/><net_sink comp="2953" pin=0"/></net>

<net id="2957"><net_src comp="2953" pin="1"/><net_sink comp="1955" pin=1"/></net>

<net id="2961"><net_src comp="1805" pin="2"/><net_sink comp="2958" pin=0"/></net>

<net id="2962"><net_src comp="2958" pin="1"/><net_sink comp="1809" pin=0"/></net>

<net id="2966"><net_src comp="1955" pin="2"/><net_sink comp="2963" pin=0"/></net>

<net id="2967"><net_src comp="2963" pin="1"/><net_sink comp="1809" pin=1"/></net>

<net id="2971"><net_src comp="1314" pin="3"/><net_sink comp="2968" pin=0"/></net>

<net id="2972"><net_src comp="2968" pin="1"/><net_sink comp="696" pin=0"/></net>

<net id="2976"><net_src comp="1321" pin="3"/><net_sink comp="2973" pin=0"/></net>

<net id="2977"><net_src comp="2973" pin="1"/><net_sink comp="1114" pin=0"/></net>

<net id="2981"><net_src comp="696" pin="2"/><net_sink comp="2978" pin=0"/></net>

<net id="2982"><net_src comp="2978" pin="1"/><net_sink comp="1961" pin=0"/></net>

<net id="2986"><net_src comp="1114" pin="2"/><net_sink comp="2983" pin=0"/></net>

<net id="2987"><net_src comp="2983" pin="1"/><net_sink comp="1961" pin=1"/></net>

<net id="2991"><net_src comp="1809" pin="2"/><net_sink comp="2988" pin=0"/></net>

<net id="2992"><net_src comp="2988" pin="1"/><net_sink comp="1813" pin=0"/></net>

<net id="2996"><net_src comp="1961" pin="2"/><net_sink comp="2993" pin=0"/></net>

<net id="2997"><net_src comp="2993" pin="1"/><net_sink comp="1813" pin=1"/></net>

<net id="3001"><net_src comp="1328" pin="3"/><net_sink comp="2998" pin=0"/></net>

<net id="3002"><net_src comp="2998" pin="1"/><net_sink comp="685" pin=0"/></net>

<net id="3006"><net_src comp="1335" pin="3"/><net_sink comp="3003" pin=0"/></net>

<net id="3007"><net_src comp="3003" pin="1"/><net_sink comp="1109" pin=0"/></net>

<net id="3011"><net_src comp="685" pin="2"/><net_sink comp="3008" pin=0"/></net>

<net id="3012"><net_src comp="3008" pin="1"/><net_sink comp="1967" pin=0"/></net>

<net id="3016"><net_src comp="1109" pin="2"/><net_sink comp="3013" pin=0"/></net>

<net id="3017"><net_src comp="3013" pin="1"/><net_sink comp="1967" pin=1"/></net>

<net id="3021"><net_src comp="1813" pin="2"/><net_sink comp="3018" pin=0"/></net>

<net id="3022"><net_src comp="3018" pin="1"/><net_sink comp="1817" pin=0"/></net>

<net id="3026"><net_src comp="1967" pin="2"/><net_sink comp="3023" pin=0"/></net>

<net id="3027"><net_src comp="3023" pin="1"/><net_sink comp="1817" pin=1"/></net>

<net id="3031"><net_src comp="1342" pin="3"/><net_sink comp="3028" pin=0"/></net>

<net id="3032"><net_src comp="3028" pin="1"/><net_sink comp="674" pin=0"/></net>

<net id="3036"><net_src comp="1349" pin="3"/><net_sink comp="3033" pin=0"/></net>

<net id="3037"><net_src comp="3033" pin="1"/><net_sink comp="1104" pin=0"/></net>

<net id="3041"><net_src comp="674" pin="2"/><net_sink comp="3038" pin=0"/></net>

<net id="3042"><net_src comp="3038" pin="1"/><net_sink comp="1973" pin=0"/></net>

<net id="3046"><net_src comp="1104" pin="2"/><net_sink comp="3043" pin=0"/></net>

<net id="3047"><net_src comp="3043" pin="1"/><net_sink comp="1973" pin=1"/></net>

<net id="3051"><net_src comp="1817" pin="2"/><net_sink comp="3048" pin=0"/></net>

<net id="3052"><net_src comp="3048" pin="1"/><net_sink comp="1821" pin=0"/></net>

<net id="3056"><net_src comp="1973" pin="2"/><net_sink comp="3053" pin=0"/></net>

<net id="3057"><net_src comp="3053" pin="1"/><net_sink comp="1821" pin=1"/></net>

<net id="3061"><net_src comp="1356" pin="3"/><net_sink comp="3058" pin=0"/></net>

<net id="3062"><net_src comp="3058" pin="1"/><net_sink comp="663" pin=0"/></net>

<net id="3066"><net_src comp="1363" pin="3"/><net_sink comp="3063" pin=0"/></net>

<net id="3067"><net_src comp="3063" pin="1"/><net_sink comp="1099" pin=0"/></net>

<net id="3071"><net_src comp="663" pin="2"/><net_sink comp="3068" pin=0"/></net>

<net id="3072"><net_src comp="3068" pin="1"/><net_sink comp="1979" pin=0"/></net>

<net id="3076"><net_src comp="1099" pin="2"/><net_sink comp="3073" pin=0"/></net>

<net id="3077"><net_src comp="3073" pin="1"/><net_sink comp="1979" pin=1"/></net>

<net id="3081"><net_src comp="1821" pin="2"/><net_sink comp="3078" pin=0"/></net>

<net id="3082"><net_src comp="3078" pin="1"/><net_sink comp="1825" pin=0"/></net>

<net id="3086"><net_src comp="1979" pin="2"/><net_sink comp="3083" pin=0"/></net>

<net id="3087"><net_src comp="3083" pin="1"/><net_sink comp="1825" pin=1"/></net>

<net id="3091"><net_src comp="1370" pin="3"/><net_sink comp="3088" pin=0"/></net>

<net id="3092"><net_src comp="3088" pin="1"/><net_sink comp="652" pin=0"/></net>

<net id="3096"><net_src comp="1377" pin="3"/><net_sink comp="3093" pin=0"/></net>

<net id="3097"><net_src comp="3093" pin="1"/><net_sink comp="1094" pin=0"/></net>

<net id="3101"><net_src comp="652" pin="2"/><net_sink comp="3098" pin=0"/></net>

<net id="3102"><net_src comp="3098" pin="1"/><net_sink comp="1985" pin=0"/></net>

<net id="3106"><net_src comp="1094" pin="2"/><net_sink comp="3103" pin=0"/></net>

<net id="3107"><net_src comp="3103" pin="1"/><net_sink comp="1985" pin=1"/></net>

<net id="3111"><net_src comp="1825" pin="2"/><net_sink comp="3108" pin=0"/></net>

<net id="3112"><net_src comp="3108" pin="1"/><net_sink comp="1829" pin=0"/></net>

<net id="3116"><net_src comp="1985" pin="2"/><net_sink comp="3113" pin=0"/></net>

<net id="3117"><net_src comp="3113" pin="1"/><net_sink comp="1829" pin=1"/></net>

<net id="3121"><net_src comp="1384" pin="3"/><net_sink comp="3118" pin=0"/></net>

<net id="3122"><net_src comp="3118" pin="1"/><net_sink comp="641" pin=0"/></net>

<net id="3126"><net_src comp="1391" pin="3"/><net_sink comp="3123" pin=0"/></net>

<net id="3127"><net_src comp="3123" pin="1"/><net_sink comp="1089" pin=0"/></net>

<net id="3131"><net_src comp="641" pin="2"/><net_sink comp="3128" pin=0"/></net>

<net id="3132"><net_src comp="3128" pin="1"/><net_sink comp="1991" pin=0"/></net>

<net id="3136"><net_src comp="1089" pin="2"/><net_sink comp="3133" pin=0"/></net>

<net id="3137"><net_src comp="3133" pin="1"/><net_sink comp="1991" pin=1"/></net>

<net id="3141"><net_src comp="1829" pin="2"/><net_sink comp="3138" pin=0"/></net>

<net id="3142"><net_src comp="3138" pin="1"/><net_sink comp="1833" pin=0"/></net>

<net id="3146"><net_src comp="1991" pin="2"/><net_sink comp="3143" pin=0"/></net>

<net id="3147"><net_src comp="3143" pin="1"/><net_sink comp="1833" pin=1"/></net>

<net id="3151"><net_src comp="1398" pin="3"/><net_sink comp="3148" pin=0"/></net>

<net id="3152"><net_src comp="3148" pin="1"/><net_sink comp="630" pin=0"/></net>

<net id="3156"><net_src comp="1405" pin="3"/><net_sink comp="3153" pin=0"/></net>

<net id="3157"><net_src comp="3153" pin="1"/><net_sink comp="1084" pin=0"/></net>

<net id="3161"><net_src comp="630" pin="2"/><net_sink comp="3158" pin=0"/></net>

<net id="3162"><net_src comp="3158" pin="1"/><net_sink comp="1997" pin=0"/></net>

<net id="3166"><net_src comp="1084" pin="2"/><net_sink comp="3163" pin=0"/></net>

<net id="3167"><net_src comp="3163" pin="1"/><net_sink comp="1997" pin=1"/></net>

<net id="3171"><net_src comp="1833" pin="2"/><net_sink comp="3168" pin=0"/></net>

<net id="3172"><net_src comp="3168" pin="1"/><net_sink comp="1837" pin=0"/></net>

<net id="3176"><net_src comp="1997" pin="2"/><net_sink comp="3173" pin=0"/></net>

<net id="3177"><net_src comp="3173" pin="1"/><net_sink comp="1837" pin=1"/></net>

<net id="3181"><net_src comp="1412" pin="3"/><net_sink comp="3178" pin=0"/></net>

<net id="3182"><net_src comp="3178" pin="1"/><net_sink comp="619" pin=0"/></net>

<net id="3186"><net_src comp="1419" pin="3"/><net_sink comp="3183" pin=0"/></net>

<net id="3187"><net_src comp="3183" pin="1"/><net_sink comp="1079" pin=0"/></net>

<net id="3191"><net_src comp="619" pin="2"/><net_sink comp="3188" pin=0"/></net>

<net id="3192"><net_src comp="3188" pin="1"/><net_sink comp="2003" pin=0"/></net>

<net id="3196"><net_src comp="1079" pin="2"/><net_sink comp="3193" pin=0"/></net>

<net id="3197"><net_src comp="3193" pin="1"/><net_sink comp="2003" pin=1"/></net>

<net id="3201"><net_src comp="1837" pin="2"/><net_sink comp="3198" pin=0"/></net>

<net id="3202"><net_src comp="3198" pin="1"/><net_sink comp="1841" pin=0"/></net>

<net id="3206"><net_src comp="2003" pin="2"/><net_sink comp="3203" pin=0"/></net>

<net id="3207"><net_src comp="3203" pin="1"/><net_sink comp="1841" pin=1"/></net>

<net id="3211"><net_src comp="1426" pin="3"/><net_sink comp="3208" pin=0"/></net>

<net id="3212"><net_src comp="3208" pin="1"/><net_sink comp="608" pin=0"/></net>

<net id="3216"><net_src comp="1433" pin="3"/><net_sink comp="3213" pin=0"/></net>

<net id="3217"><net_src comp="3213" pin="1"/><net_sink comp="1074" pin=0"/></net>

<net id="3221"><net_src comp="608" pin="2"/><net_sink comp="3218" pin=0"/></net>

<net id="3222"><net_src comp="3218" pin="1"/><net_sink comp="2009" pin=0"/></net>

<net id="3226"><net_src comp="1074" pin="2"/><net_sink comp="3223" pin=0"/></net>

<net id="3227"><net_src comp="3223" pin="1"/><net_sink comp="2009" pin=1"/></net>

<net id="3231"><net_src comp="1841" pin="2"/><net_sink comp="3228" pin=0"/></net>

<net id="3232"><net_src comp="3228" pin="1"/><net_sink comp="1845" pin=0"/></net>

<net id="3236"><net_src comp="2009" pin="2"/><net_sink comp="3233" pin=0"/></net>

<net id="3237"><net_src comp="3233" pin="1"/><net_sink comp="1845" pin=1"/></net>

<net id="3241"><net_src comp="1440" pin="3"/><net_sink comp="3238" pin=0"/></net>

<net id="3242"><net_src comp="3238" pin="1"/><net_sink comp="597" pin=0"/></net>

<net id="3246"><net_src comp="1447" pin="3"/><net_sink comp="3243" pin=0"/></net>

<net id="3247"><net_src comp="3243" pin="1"/><net_sink comp="1069" pin=0"/></net>

<net id="3251"><net_src comp="597" pin="2"/><net_sink comp="3248" pin=0"/></net>

<net id="3252"><net_src comp="3248" pin="1"/><net_sink comp="2015" pin=0"/></net>

<net id="3256"><net_src comp="1069" pin="2"/><net_sink comp="3253" pin=0"/></net>

<net id="3257"><net_src comp="3253" pin="1"/><net_sink comp="2015" pin=1"/></net>

<net id="3261"><net_src comp="1845" pin="2"/><net_sink comp="3258" pin=0"/></net>

<net id="3262"><net_src comp="3258" pin="1"/><net_sink comp="1849" pin=0"/></net>

<net id="3266"><net_src comp="2015" pin="2"/><net_sink comp="3263" pin=0"/></net>

<net id="3267"><net_src comp="3263" pin="1"/><net_sink comp="1849" pin=1"/></net>

<net id="3271"><net_src comp="1454" pin="3"/><net_sink comp="3268" pin=0"/></net>

<net id="3272"><net_src comp="3268" pin="1"/><net_sink comp="586" pin=0"/></net>

<net id="3276"><net_src comp="1461" pin="3"/><net_sink comp="3273" pin=0"/></net>

<net id="3277"><net_src comp="3273" pin="1"/><net_sink comp="1064" pin=0"/></net>

<net id="3281"><net_src comp="586" pin="2"/><net_sink comp="3278" pin=0"/></net>

<net id="3282"><net_src comp="3278" pin="1"/><net_sink comp="2021" pin=0"/></net>

<net id="3286"><net_src comp="1064" pin="2"/><net_sink comp="3283" pin=0"/></net>

<net id="3287"><net_src comp="3283" pin="1"/><net_sink comp="2021" pin=1"/></net>

<net id="3291"><net_src comp="1849" pin="2"/><net_sink comp="3288" pin=0"/></net>

<net id="3292"><net_src comp="3288" pin="1"/><net_sink comp="1853" pin=0"/></net>

<net id="3296"><net_src comp="2021" pin="2"/><net_sink comp="3293" pin=0"/></net>

<net id="3297"><net_src comp="3293" pin="1"/><net_sink comp="1853" pin=1"/></net>

<net id="3301"><net_src comp="1468" pin="3"/><net_sink comp="3298" pin=0"/></net>

<net id="3302"><net_src comp="3298" pin="1"/><net_sink comp="575" pin=0"/></net>

<net id="3306"><net_src comp="1475" pin="3"/><net_sink comp="3303" pin=0"/></net>

<net id="3307"><net_src comp="3303" pin="1"/><net_sink comp="1059" pin=0"/></net>

<net id="3311"><net_src comp="575" pin="2"/><net_sink comp="3308" pin=0"/></net>

<net id="3312"><net_src comp="3308" pin="1"/><net_sink comp="2027" pin=0"/></net>

<net id="3316"><net_src comp="1059" pin="2"/><net_sink comp="3313" pin=0"/></net>

<net id="3317"><net_src comp="3313" pin="1"/><net_sink comp="2027" pin=1"/></net>

<net id="3321"><net_src comp="1853" pin="2"/><net_sink comp="3318" pin=0"/></net>

<net id="3322"><net_src comp="3318" pin="1"/><net_sink comp="1857" pin=0"/></net>

<net id="3326"><net_src comp="2027" pin="2"/><net_sink comp="3323" pin=0"/></net>

<net id="3327"><net_src comp="3323" pin="1"/><net_sink comp="1857" pin=1"/></net>

<net id="3331"><net_src comp="1482" pin="3"/><net_sink comp="3328" pin=0"/></net>

<net id="3332"><net_src comp="3328" pin="1"/><net_sink comp="564" pin=0"/></net>

<net id="3336"><net_src comp="1489" pin="3"/><net_sink comp="3333" pin=0"/></net>

<net id="3337"><net_src comp="3333" pin="1"/><net_sink comp="1054" pin=0"/></net>

<net id="3341"><net_src comp="564" pin="2"/><net_sink comp="3338" pin=0"/></net>

<net id="3342"><net_src comp="3338" pin="1"/><net_sink comp="2033" pin=0"/></net>

<net id="3346"><net_src comp="1054" pin="2"/><net_sink comp="3343" pin=0"/></net>

<net id="3347"><net_src comp="3343" pin="1"/><net_sink comp="2033" pin=1"/></net>

<net id="3351"><net_src comp="1857" pin="2"/><net_sink comp="3348" pin=0"/></net>

<net id="3352"><net_src comp="3348" pin="1"/><net_sink comp="1861" pin=0"/></net>

<net id="3356"><net_src comp="2033" pin="2"/><net_sink comp="3353" pin=0"/></net>

<net id="3357"><net_src comp="3353" pin="1"/><net_sink comp="1861" pin=1"/></net>

<net id="3361"><net_src comp="1496" pin="3"/><net_sink comp="3358" pin=0"/></net>

<net id="3362"><net_src comp="3358" pin="1"/><net_sink comp="553" pin=0"/></net>

<net id="3366"><net_src comp="1503" pin="3"/><net_sink comp="3363" pin=0"/></net>

<net id="3367"><net_src comp="3363" pin="1"/><net_sink comp="1049" pin=0"/></net>

<net id="3371"><net_src comp="553" pin="2"/><net_sink comp="3368" pin=0"/></net>

<net id="3372"><net_src comp="3368" pin="1"/><net_sink comp="2039" pin=0"/></net>

<net id="3376"><net_src comp="1049" pin="2"/><net_sink comp="3373" pin=0"/></net>

<net id="3377"><net_src comp="3373" pin="1"/><net_sink comp="2039" pin=1"/></net>

<net id="3381"><net_src comp="1861" pin="2"/><net_sink comp="3378" pin=0"/></net>

<net id="3382"><net_src comp="3378" pin="1"/><net_sink comp="1865" pin=0"/></net>

<net id="3386"><net_src comp="2039" pin="2"/><net_sink comp="3383" pin=0"/></net>

<net id="3387"><net_src comp="3383" pin="1"/><net_sink comp="1865" pin=1"/></net>

<net id="3391"><net_src comp="1510" pin="3"/><net_sink comp="3388" pin=0"/></net>

<net id="3392"><net_src comp="3388" pin="1"/><net_sink comp="542" pin=0"/></net>

<net id="3396"><net_src comp="1517" pin="3"/><net_sink comp="3393" pin=0"/></net>

<net id="3397"><net_src comp="3393" pin="1"/><net_sink comp="1044" pin=0"/></net>

<net id="3401"><net_src comp="542" pin="2"/><net_sink comp="3398" pin=0"/></net>

<net id="3402"><net_src comp="3398" pin="1"/><net_sink comp="2045" pin=0"/></net>

<net id="3406"><net_src comp="1044" pin="2"/><net_sink comp="3403" pin=0"/></net>

<net id="3407"><net_src comp="3403" pin="1"/><net_sink comp="2045" pin=1"/></net>

<net id="3411"><net_src comp="1865" pin="2"/><net_sink comp="3408" pin=0"/></net>

<net id="3412"><net_src comp="3408" pin="1"/><net_sink comp="1869" pin=0"/></net>

<net id="3416"><net_src comp="2045" pin="2"/><net_sink comp="3413" pin=0"/></net>

<net id="3417"><net_src comp="3413" pin="1"/><net_sink comp="1869" pin=1"/></net>

<net id="3421"><net_src comp="1524" pin="3"/><net_sink comp="3418" pin=0"/></net>

<net id="3422"><net_src comp="3418" pin="1"/><net_sink comp="531" pin=0"/></net>

<net id="3426"><net_src comp="1531" pin="3"/><net_sink comp="3423" pin=0"/></net>

<net id="3427"><net_src comp="3423" pin="1"/><net_sink comp="1039" pin=0"/></net>

<net id="3431"><net_src comp="531" pin="2"/><net_sink comp="3428" pin=0"/></net>

<net id="3432"><net_src comp="3428" pin="1"/><net_sink comp="2051" pin=0"/></net>

<net id="3436"><net_src comp="1039" pin="2"/><net_sink comp="3433" pin=0"/></net>

<net id="3437"><net_src comp="3433" pin="1"/><net_sink comp="2051" pin=1"/></net>

<net id="3441"><net_src comp="1869" pin="2"/><net_sink comp="3438" pin=0"/></net>

<net id="3442"><net_src comp="3438" pin="1"/><net_sink comp="1873" pin=0"/></net>

<net id="3446"><net_src comp="2051" pin="2"/><net_sink comp="3443" pin=0"/></net>

<net id="3447"><net_src comp="3443" pin="1"/><net_sink comp="1873" pin=1"/></net>

<net id="3451"><net_src comp="1538" pin="3"/><net_sink comp="3448" pin=0"/></net>

<net id="3452"><net_src comp="3448" pin="1"/><net_sink comp="520" pin=0"/></net>

<net id="3456"><net_src comp="1545" pin="3"/><net_sink comp="3453" pin=0"/></net>

<net id="3457"><net_src comp="3453" pin="1"/><net_sink comp="1034" pin=0"/></net>

<net id="3461"><net_src comp="520" pin="2"/><net_sink comp="3458" pin=0"/></net>

<net id="3462"><net_src comp="3458" pin="1"/><net_sink comp="2057" pin=0"/></net>

<net id="3466"><net_src comp="1034" pin="2"/><net_sink comp="3463" pin=0"/></net>

<net id="3467"><net_src comp="3463" pin="1"/><net_sink comp="2057" pin=1"/></net>

<net id="3471"><net_src comp="1873" pin="2"/><net_sink comp="3468" pin=0"/></net>

<net id="3472"><net_src comp="3468" pin="1"/><net_sink comp="1877" pin=0"/></net>

<net id="3476"><net_src comp="2057" pin="2"/><net_sink comp="3473" pin=0"/></net>

<net id="3477"><net_src comp="3473" pin="1"/><net_sink comp="1877" pin=1"/></net>

<net id="3481"><net_src comp="1552" pin="3"/><net_sink comp="3478" pin=0"/></net>

<net id="3482"><net_src comp="3478" pin="1"/><net_sink comp="509" pin=0"/></net>

<net id="3486"><net_src comp="1559" pin="3"/><net_sink comp="3483" pin=0"/></net>

<net id="3487"><net_src comp="3483" pin="1"/><net_sink comp="1029" pin=0"/></net>

<net id="3491"><net_src comp="509" pin="2"/><net_sink comp="3488" pin=0"/></net>

<net id="3492"><net_src comp="3488" pin="1"/><net_sink comp="2063" pin=0"/></net>

<net id="3496"><net_src comp="1029" pin="2"/><net_sink comp="3493" pin=0"/></net>

<net id="3497"><net_src comp="3493" pin="1"/><net_sink comp="2063" pin=1"/></net>

<net id="3501"><net_src comp="1877" pin="2"/><net_sink comp="3498" pin=0"/></net>

<net id="3502"><net_src comp="3498" pin="1"/><net_sink comp="1881" pin=0"/></net>

<net id="3506"><net_src comp="2063" pin="2"/><net_sink comp="3503" pin=0"/></net>

<net id="3507"><net_src comp="3503" pin="1"/><net_sink comp="1881" pin=1"/></net>

<net id="3511"><net_src comp="1566" pin="3"/><net_sink comp="3508" pin=0"/></net>

<net id="3512"><net_src comp="3508" pin="1"/><net_sink comp="498" pin=0"/></net>

<net id="3516"><net_src comp="1573" pin="3"/><net_sink comp="3513" pin=0"/></net>

<net id="3517"><net_src comp="3513" pin="1"/><net_sink comp="1024" pin=0"/></net>

<net id="3521"><net_src comp="498" pin="2"/><net_sink comp="3518" pin=0"/></net>

<net id="3522"><net_src comp="3518" pin="1"/><net_sink comp="2069" pin=0"/></net>

<net id="3526"><net_src comp="1024" pin="2"/><net_sink comp="3523" pin=0"/></net>

<net id="3527"><net_src comp="3523" pin="1"/><net_sink comp="2069" pin=1"/></net>

<net id="3531"><net_src comp="1881" pin="2"/><net_sink comp="3528" pin=0"/></net>

<net id="3532"><net_src comp="3528" pin="1"/><net_sink comp="1885" pin=0"/></net>

<net id="3536"><net_src comp="2069" pin="2"/><net_sink comp="3533" pin=0"/></net>

<net id="3537"><net_src comp="3533" pin="1"/><net_sink comp="1885" pin=1"/></net>

<net id="3541"><net_src comp="1580" pin="3"/><net_sink comp="3538" pin=0"/></net>

<net id="3542"><net_src comp="3538" pin="1"/><net_sink comp="487" pin=0"/></net>

<net id="3546"><net_src comp="1587" pin="3"/><net_sink comp="3543" pin=0"/></net>

<net id="3547"><net_src comp="3543" pin="1"/><net_sink comp="1019" pin=0"/></net>

<net id="3551"><net_src comp="487" pin="2"/><net_sink comp="3548" pin=0"/></net>

<net id="3552"><net_src comp="3548" pin="1"/><net_sink comp="2075" pin=0"/></net>

<net id="3556"><net_src comp="1019" pin="2"/><net_sink comp="3553" pin=0"/></net>

<net id="3557"><net_src comp="3553" pin="1"/><net_sink comp="2075" pin=1"/></net>

<net id="3561"><net_src comp="1885" pin="2"/><net_sink comp="3558" pin=0"/></net>

<net id="3562"><net_src comp="3558" pin="1"/><net_sink comp="1889" pin=0"/></net>

<net id="3566"><net_src comp="2075" pin="2"/><net_sink comp="3563" pin=0"/></net>

<net id="3567"><net_src comp="3563" pin="1"/><net_sink comp="1889" pin=1"/></net>

<net id="3571"><net_src comp="1594" pin="3"/><net_sink comp="3568" pin=0"/></net>

<net id="3572"><net_src comp="3568" pin="1"/><net_sink comp="476" pin=0"/></net>

<net id="3576"><net_src comp="1601" pin="3"/><net_sink comp="3573" pin=0"/></net>

<net id="3577"><net_src comp="3573" pin="1"/><net_sink comp="817" pin=0"/></net>

<net id="3581"><net_src comp="1608" pin="3"/><net_sink comp="3578" pin=0"/></net>

<net id="3582"><net_src comp="3578" pin="1"/><net_sink comp="1014" pin=0"/></net>

<net id="3586"><net_src comp="1615" pin="3"/><net_sink comp="3583" pin=0"/></net>

<net id="3587"><net_src comp="3583" pin="1"/><net_sink comp="1169" pin=0"/></net>

<net id="3591"><net_src comp="476" pin="2"/><net_sink comp="3588" pin=0"/></net>

<net id="3592"><net_src comp="3588" pin="1"/><net_sink comp="2081" pin=0"/></net>

<net id="3596"><net_src comp="817" pin="2"/><net_sink comp="3593" pin=0"/></net>

<net id="3597"><net_src comp="3593" pin="1"/><net_sink comp="2087" pin=0"/></net>

<net id="3601"><net_src comp="1014" pin="2"/><net_sink comp="3598" pin=0"/></net>

<net id="3602"><net_src comp="3598" pin="1"/><net_sink comp="2081" pin=1"/></net>

<net id="3606"><net_src comp="1169" pin="2"/><net_sink comp="3603" pin=0"/></net>

<net id="3607"><net_src comp="3603" pin="1"/><net_sink comp="2087" pin=1"/></net>

<net id="3611"><net_src comp="1889" pin="2"/><net_sink comp="3608" pin=0"/></net>

<net id="3612"><net_src comp="3608" pin="1"/><net_sink comp="1893" pin=0"/></net>

<net id="3616"><net_src comp="2081" pin="2"/><net_sink comp="3613" pin=0"/></net>

<net id="3617"><net_src comp="3613" pin="1"/><net_sink comp="1893" pin=1"/></net>

<net id="3621"><net_src comp="2087" pin="2"/><net_sink comp="3618" pin=0"/></net>

<net id="3622"><net_src comp="3618" pin="1"/><net_sink comp="1897" pin=1"/></net>

<net id="3626"><net_src comp="1893" pin="2"/><net_sink comp="3623" pin=0"/></net>

<net id="3627"><net_src comp="3623" pin="1"/><net_sink comp="1897" pin=0"/></net>

<net id="3631"><net_src comp="1897" pin="2"/><net_sink comp="3628" pin=0"/></net>

<net id="3632"><net_src comp="3628" pin="1"/><net_sink comp="1628" pin=1"/></net>

<net id="3636"><net_src comp="2420" pin="2"/><net_sink comp="3633" pin=0"/></net>

<net id="3640"><net_src comp="2426" pin="2"/><net_sink comp="3637" pin=0"/></net>

<net id="3641"><net_src comp="3637" pin="1"/><net_sink comp="1743" pin=0"/></net>

<net id="3645"><net_src comp="2452" pin="3"/><net_sink comp="3642" pin=0"/></net>

<net id="3646"><net_src comp="3642" pin="1"/><net_sink comp="1754" pin=0"/></net>

<net id="3650"><net_src comp="1633" pin="3"/><net_sink comp="3647" pin=0"/></net>

<net id="3651"><net_src comp="3647" pin="1"/><net_sink comp="1628" pin=0"/></net>

<net id="3655"><net_src comp="2509" pin="2"/><net_sink comp="3652" pin=0"/></net>

<net id="3656"><net_src comp="3652" pin="1"/><net_sink comp="440" pin=12"/></net>

<net id="3660"><net_src comp="2515" pin="2"/><net_sink comp="3657" pin=0"/></net>

<net id="3661"><net_src comp="3657" pin="1"/><net_sink comp="1765" pin=0"/></net>

<net id="3665"><net_src comp="2521" pin="1"/><net_sink comp="3662" pin=0"/></net>

<net id="3666"><net_src comp="3662" pin="1"/><net_sink comp="440" pin=8"/></net>

</net_list>

</model> 
---------------- Datapath Model END ------------------

* FSMD analyzer results:
  - Output states:
	Port: OUTPUT_STREAM_data_V | {177 }
	Port: OUTPUT_STREAM_keep_V | {177 }
	Port: OUTPUT_STREAM_strb_V | {177 }
	Port: OUTPUT_STREAM_user_V | {177 }
	Port: OUTPUT_STREAM_last_V | {177 }
	Port: OUTPUT_STREAM_id_V | {177 }
	Port: OUTPUT_STREAM_dest_V | {177 }
 - Input state : 
	Port: HLS_accel : INPUT_STREAM_data_V | {2 5 }
	Port: HLS_accel : INPUT_STREAM_keep_V | {2 5 }
	Port: HLS_accel : INPUT_STREAM_strb_V | {2 5 }
	Port: HLS_accel : INPUT_STREAM_user_V | {2 5 }
	Port: HLS_accel : INPUT_STREAM_last_V | {2 5 }
	Port: HLS_accel : INPUT_STREAM_id_V | {2 5 }
	Port: HLS_accel : INPUT_STREAM_dest_V | {2 5 }
  - Chain level:
	State 1
	State 2
		exitcond_flatten : 1
		indvar_flatten_next : 1
		StgValue_268 : 2
		i : 1
		exitcond4_i : 1
		j_0_i_mid2 : 2
		i_0_i_cast_mid2_v : 2
		tmp : 3
		StgValue_276 : 4
		empty : 1
		j : 3
	State 3
		ret : 1
		a_30_addr : 1
		StgValue_287 : 2
		a_29_addr : 1
		StgValue_290 : 2
		a_28_addr : 1
		StgValue_293 : 2
		a_27_addr : 1
		StgValue_296 : 2
		a_26_addr : 1
		StgValue_299 : 2
		a_25_addr : 1
		StgValue_302 : 2
		a_24_addr : 1
		StgValue_305 : 2
		a_23_addr : 1
		StgValue_308 : 2
		a_22_addr : 1
		StgValue_311 : 2
		a_21_addr : 1
		StgValue_314 : 2
		a_20_addr : 1
		StgValue_317 : 2
		a_19_addr : 1
		StgValue_320 : 2
		a_18_addr : 1
		StgValue_323 : 2
		a_17_addr : 1
		StgValue_326 : 2
		a_16_addr : 1
		StgValue_329 : 2
		a_15_addr : 1
		StgValue_332 : 2
		a_14_addr : 1
		StgValue_335 : 2
		a_13_addr : 1
		StgValue_338 : 2
		a_12_addr : 1
		StgValue_341 : 2
		a_11_addr : 1
		StgValue_344 : 2
		a_10_addr : 1
		StgValue_347 : 2
		a_9_addr : 1
		StgValue_350 : 2
		a_8_addr : 1
		StgValue_353 : 2
		a_7_addr : 1
		StgValue_356 : 2
		a_6_addr : 1
		StgValue_359 : 2
		a_5_addr : 1
		StgValue_362 : 2
		a_4_addr : 1
		StgValue_365 : 2
		a_3_addr : 1
		StgValue_368 : 2
		a_2_addr : 1
		StgValue_371 : 2
		a_1_addr : 1
		StgValue_374 : 2
		a_0_addr : 1
		StgValue_377 : 2
		a_31_addr : 1
		StgValue_380 : 2
	State 4
	State 5
		exitcond_flatten1 : 1
		indvar_flatten_next2 : 1
		StgValue_388 : 2
		i_1 : 1
		exitcond2_i : 1
		j2_0_i_mid2 : 2
		i1_0_i_t_mid2_v : 2
		tmp_1 : 3
		StgValue_396 : 4
		empty_17 : 1
		j_1 : 3
	State 6
		ret_1 : 1
		b_0_addr : 1
		b_1_addr : 1
		b_2_addr : 1
		b_3_addr : 1
		b_4_addr : 1
		b_5_addr : 1
		b_6_addr : 1
		b_7_addr : 1
		b_8_addr : 1
		b_9_addr : 1
		b_10_addr : 1
		b_11_addr : 1
		b_12_addr : 1
		b_13_addr : 1
		b_14_addr : 1
		b_15_addr : 1
		b_16_addr : 1
		b_17_addr : 1
		b_18_addr : 1
		b_19_addr : 1
		b_20_addr : 1
		b_21_addr : 1
		b_22_addr : 1
		b_23_addr : 1
		b_24_addr : 1
		b_25_addr : 1
		b_26_addr : 1
		b_27_addr : 1
		b_28_addr : 1
		b_29_addr : 1
		b_30_addr : 1
		b_31_addr : 1
		StgValue_438 : 2
		StgValue_440 : 2
		StgValue_442 : 2
		StgValue_444 : 2
		StgValue_446 : 2
		StgValue_448 : 2
		StgValue_450 : 2
		StgValue_452 : 2
		StgValue_454 : 2
		StgValue_456 : 2
		StgValue_458 : 2
		StgValue_460 : 2
		StgValue_462 : 2
		StgValue_464 : 2
		StgValue_466 : 2
		StgValue_468 : 2
		StgValue_470 : 2
		StgValue_472 : 2
		StgValue_474 : 2
		StgValue_476 : 2
		StgValue_478 : 2
		StgValue_480 : 2
		StgValue_482 : 2
		StgValue_484 : 2
		StgValue_486 : 2
		StgValue_488 : 2
		StgValue_490 : 2
		StgValue_492 : 2
		StgValue_494 : 2
		StgValue_496 : 2
		StgValue_498 : 2
		StgValue_500 : 2
	State 7
	State 8
		exitcond_flatten2 : 1
		indvar_flatten_next1 : 1
		StgValue_508 : 2
		ia : 1
		exitcond1_i_i : 1
		ib_0_i_i_mid2 : 2
		p_v : 2
		a_0_load_mid2 : 3
		a_0_addr_1 : 4
		a_0_load : 5
		ib_0_i_i_cast5 : 3
		b_0_addr_1 : 4
		b_0_load : 5
		ib : 3
	State 9
		tmp_s : 1
	State 10
	State 11
	State 12
	State 13
		a_1_load : 1
		b_1_load : 1
	State 14
		tmp_1_21 : 1
	State 15
	State 16
	State 17
	State 18
		a_2_load : 1
		b_2_load : 1
	State 19
		tmp_2_22 : 1
	State 20
	State 21
	State 22
	State 23
		a_3_load : 1
		b_3_load : 1
	State 24
		tmp_3_23 : 1
	State 25
	State 26
	State 27
	State 28
		a_4_load : 1
		b_4_load : 1
	State 29
		tmp_4_24 : 1
	State 30
	State 31
	State 32
	State 33
		a_5_load : 1
		b_5_load : 1
	State 34
		tmp_5_25 : 1
	State 35
	State 36
	State 37
	State 38
		a_6_load : 1
		b_6_load : 1
	State 39
		tmp_6 : 1
	State 40
	State 41
	State 42
	State 43
		a_7_load : 1
		b_7_load : 1
	State 44
		tmp_7 : 1
	State 45
	State 46
	State 47
	State 48
		a_8_load : 1
		b_8_load : 1
	State 49
		tmp_8_26 : 1
	State 50
	State 51
	State 52
	State 53
		a_9_load : 1
		b_9_load : 1
	State 54
		tmp_9 : 1
	State 55
	State 56
	State 57
	State 58
		a_10_load : 1
		b_10_load : 1
	State 59
		tmp_s_27 : 1
	State 60
	State 61
	State 62
	State 63
		a_11_load : 1
		b_11_load : 1
	State 64
		tmp_10 : 1
	State 65
	State 66
	State 67
	State 68
		a_12_load : 1
		b_12_load : 1
	State 69
		tmp_11 : 1
	State 70
	State 71
	State 72
	State 73
		a_13_load : 1
		b_13_load : 1
	State 74
		tmp_12 : 1
	State 75
	State 76
	State 77
	State 78
		a_14_load : 1
		b_14_load : 1
	State 79
		tmp_13 : 1
	State 80
	State 81
	State 82
	State 83
		a_15_load : 1
		b_15_load : 1
	State 84
		tmp_14 : 1
	State 85
	State 86
	State 87
	State 88
		a_16_load : 1
		b_16_load : 1
	State 89
		tmp_15 : 1
	State 90
	State 91
	State 92
	State 93
		a_17_load : 1
		b_17_load : 1
	State 94
		tmp_16 : 1
	State 95
	State 96
	State 97
	State 98
		a_18_load : 1
		b_18_load : 1
	State 99
		tmp_17 : 1
	State 100
	State 101
	State 102
	State 103
		a_19_load : 1
		b_19_load : 1
	State 104
		tmp_18 : 1
	State 105
	State 106
	State 107
	State 108
		a_20_load : 1
		b_20_load : 1
	State 109
		tmp_19 : 1
	State 110
	State 111
	State 112
	State 113
		a_21_load : 1
		b_21_load : 1
	State 114
		tmp_20 : 1
	State 115
	State 116
	State 117
	State 118
		a_22_load : 1
		b_22_load : 1
	State 119
		tmp_21 : 1
	State 120
	State 121
	State 122
	State 123
		a_23_load : 1
		b_23_load : 1
	State 124
		tmp_22 : 1
	State 125
	State 126
	State 127
	State 128
		a_24_load : 1
		b_24_load : 1
	State 129
		tmp_23 : 1
	State 130
	State 131
	State 132
	State 133
		a_25_load : 1
		b_25_load : 1
	State 134
		tmp_24 : 1
	State 135
	State 136
	State 137
	State 138
		a_26_load : 1
		b_26_load : 1
	State 139
		tmp_25 : 1
	State 140
	State 141
	State 142
	State 143
		a_27_load : 1
		b_27_load : 1
	State 144
		tmp_26 : 1
	State 145
	State 146
	State 147
	State 148
		a_28_load : 1
		b_28_load : 1
	State 149
		tmp_27 : 1
	State 150
	State 151
	State 152
	State 153
		a_29_load : 1
		b_29_load : 1
	State 154
		tmp_28 : 1
	State 155
	State 156
	State 157
	State 158
		a_30_load : 1
		a_31_load : 1
		b_30_load : 1
		b_31_load : 1
	State 159
		tmp_29 : 1
		tmp_30 : 1
	State 160
	State 161
	State 162
	State 163
	State 164
	State 165
	State 166
	State 167
	State 168
	State 169
	State 170
	State 171
	State 172
	State 173
		tmp_1_cast : 1
		tmp_2 : 2
		tmp_2_cast : 3
		out_addr : 4
		StgValue_1007 : 5
		empty_28 : 1
	State 174
	State 175
		exitcond_flatten3 : 1
		indvar_flatten_next3 : 1
		StgValue_1016 : 2
		i_2 : 1
		exitcond_i : 1
		j5_0_i_mid2 : 2
		i4_0_i_cast4_mid2_v : 2
		tmp_6_30 : 3
		tmp_8_cast : 4
		tmp_9_31 : 3
		tmp_9_mid2 : 4
		j5_0_i_cast2 : 3
		j5_0_i_cast1_cast : 3
		tmp_10_32 : 5
		tmp_10_cast : 6
		out_addr_1 : 7
		k : 5
		last_assign : 6
		out_load : 8
		j_2 : 3
	State 176
		val_assign : 1
		StgValue_1036 : 2
	State 177
		empty_34 : 1
	State 178


============================================================
+ Verbose Summary: Datapath Resource usage 
============================================================

* Functional unit list:
|----------|------------------------------|---------|---------|---------|
| Operation|        Functional Unit       |  DSP48E |    FF   |   LUT   |
|----------|------------------------------|---------|---------|---------|
|          |          grp_fu_1772         |    2    |   205   |   390   |
|          |          grp_fu_1777         |    2    |   205   |   390   |
|          |          grp_fu_1781         |    2    |   205   |   390   |
|          |          grp_fu_1785         |    2    |   205   |   390   |
|          |          grp_fu_1789         |    2    |   205   |   390   |
|          |          grp_fu_1793         |    2    |   205   |   390   |
|          |          grp_fu_1797         |    2    |   205   |   390   |
|          |          grp_fu_1801         |    2    |   205   |   390   |
|          |          grp_fu_1805         |    2    |   205   |   390   |
|          |          grp_fu_1809         |    2    |   205   |   390   |
|          |          grp_fu_1813         |    2    |   205   |   390   |
|          |          grp_fu_1817         |    2    |   205   |   390   |
|          |          grp_fu_1821         |    2    |   205   |   390   |
|          |          grp_fu_1825         |    2    |   205   |   390   |
|          |          grp_fu_1829         |    2    |   205   |   390   |
|   fadd   |          grp_fu_1833         |    2    |   205   |   390   |
|          |          grp_fu_1837         |    2    |   205   |   390   |
|          |          grp_fu_1841         |    2    |   205   |   390   |
|          |          grp_fu_1845         |    2    |   205   |   390   |
|          |          grp_fu_1849         |    2    |   205   |   390   |
|          |          grp_fu_1853         |    2    |   205   |   390   |
|          |          grp_fu_1857         |    2    |   205   |   390   |
|          |          grp_fu_1861         |    2    |   205   |   390   |
|          |          grp_fu_1865         |    2    |   205   |   390   |
|          |          grp_fu_1869         |    2    |   205   |   390   |
|          |          grp_fu_1873         |    2    |   205   |   390   |
|          |          grp_fu_1877         |    2    |   205   |   390   |
|          |          grp_fu_1881         |    2    |   205   |   390   |
|          |          grp_fu_1885         |    2    |   205   |   390   |
|          |          grp_fu_1889         |    2    |   205   |   390   |
|          |          grp_fu_1893         |    2    |   205   |   390   |
|          |          grp_fu_1897         |    2    |   205   |   390   |
|----------|------------------------------|---------|---------|---------|
|          |          grp_fu_1901         |    3    |   143   |   321   |
|          |          grp_fu_1907         |    3    |   143   |   321   |
|          |          grp_fu_1913         |    3    |   143   |   321   |
|          |          grp_fu_1919         |    3    |   143   |   321   |
|          |          grp_fu_1925         |    3    |   143   |   321   |
|          |          grp_fu_1931         |    3    |   143   |   321   |
|          |          grp_fu_1937         |    3    |   143   |   321   |
|          |          grp_fu_1943         |    3    |   143   |   321   |
|          |          grp_fu_1949         |    3    |   143   |   321   |
|          |          grp_fu_1955         |    3    |   143   |   321   |
|          |          grp_fu_1961         |    3    |   143   |   321   |
|          |          grp_fu_1967         |    3    |   143   |   321   |
|          |          grp_fu_1973         |    3    |   143   |   321   |
|          |          grp_fu_1979         |    3    |   143   |   321   |
|          |          grp_fu_1985         |    3    |   143   |   321   |
|   fmul   |          grp_fu_1991         |    3    |   143   |   321   |
|          |          grp_fu_1997         |    3    |   143   |   321   |
|          |          grp_fu_2003         |    3    |   143   |   321   |
|          |          grp_fu_2009         |    3    |   143   |   321   |
|          |          grp_fu_2015         |    3    |   143   |   321   |
|          |          grp_fu_2021         |    3    |   143   |   321   |
|          |          grp_fu_2027         |    3    |   143   |   321   |
|          |          grp_fu_2033         |    3    |   143   |   321   |
|          |          grp_fu_2039         |    3    |   143   |   321   |
|          |          grp_fu_2045         |    3    |   143   |   321   |
|          |          grp_fu_2051         |    3    |   143   |   321   |
|          |          grp_fu_2057         |    3    |   143   |   321   |
|          |          grp_fu_2063         |    3    |   143   |   321   |
|          |          grp_fu_2069         |    3    |   143   |   321   |
|          |          grp_fu_2075         |    3    |   143   |   321   |
|          |          grp_fu_2081         |    3    |   143   |   321   |
|          |          grp_fu_2087         |    3    |   143   |   321   |
|----------|------------------------------|---------|---------|---------|
|          |  indvar_flatten_next_fu_2103 |    0    |    0    |    11   |
|          |           i_fu_2109          |    0    |    0    |    6    |
|          |           j_fu_2141          |    0    |    0    |    6    |
|          | indvar_flatten_next2_fu_2224 |    0    |    0    |    11   |
|          |          i_1_fu_2230         |    0    |    0    |    6    |
|          |          j_1_fu_2262         |    0    |    0    |    6    |
|          | indvar_flatten_next1_fu_2345 |    0    |    0    |    11   |
|    add   |          ia_fu_2351          |    0    |    0    |    6    |
|          |          ib_fu_2389          |    0    |    0    |    6    |
|          |         tmp_2_fu_2409        |    0    |    0    |    11   |
|          | indvar_flatten_next3_fu_2426 |    0    |    0    |    11   |
|          |          i_2_fu_2432         |    0    |    0    |    6    |
|          |       tmp_10_32_fu_2492      |    0    |    0    |    11   |
|          |           k_fu_2503          |    0    |    0    |    10   |
|          |          j_2_fu_2515         |    0    |    0    |    6    |
|----------|------------------------------|---------|---------|---------|
|          |      j_0_i_mid2_fu_2121      |    0    |    0    |    6    |
|          |   i_0_i_cast_mid2_v_fu_2129  |    0    |    0    |    6    |
|          |      j2_0_i_mid2_fu_2242     |    0    |    0    |    6    |
|  select  |    i1_0_i_t_mid2_v_fu_2250   |    0    |    0    |    6    |
|          |     ib_0_i_i_mid2_fu_2363    |    0    |    0    |    6    |
|          |          p_v_fu_2371         |    0    |    0    |    6    |
|          |      j5_0_i_mid2_fu_2444     |    0    |    0    |    6    |
|          |  i4_0_i_cast4_mid2_v_fu_2452 |    0    |    0    |    6    |
|----------|------------------------------|---------|---------|---------|
|          |   exitcond_flatten_fu_2097   |    0    |    0    |    4    |
|          |      exitcond4_i_fu_2115     |    0    |    0    |    3    |
|          |   exitcond_flatten1_fu_2218  |    0    |    0    |    4    |
|          |      exitcond2_i_fu_2236     |    0    |    0    |    3    |
|   icmp   |   exitcond_flatten2_fu_2339  |    0    |    0    |    4    |
|          |     exitcond1_i_i_fu_2357    |    0    |    0    |    3    |
|          |   exitcond_flatten3_fu_2420  |    0    |    0    |    4    |
|          |      exitcond_i_fu_2438      |    0    |    0    |    3    |
|          |      last_assign_fu_2509     |    0    |    0    |    4    |
|----------|------------------------------|---------|---------|---------|
|   read   |        grp_read_fu_422       |    0    |    0    |    0    |
|----------|------------------------------|---------|---------|---------|
|   write  |       grp_write_fu_440       |    0    |    0    |    0    |
|----------|------------------------------|---------|---------|---------|
|extractvalue|          grp_fu_2093         |    0    |    0    |    0    |
|----------|------------------------------|---------|---------|---------|
|          |          tmp_fu_2137         |    0    |    0    |    0    |
|   trunc  |         tmp_1_fu_2258        |    0    |    0    |    0    |
|          |       tmp_9_31_fu_2472       |    0    |    0    |    0    |
|----------|------------------------------|---------|---------|---------|
|          |    i_0_i_cast_mid2_fu_2147   |    0    |    0    |    0    |
|          |     j2_0_i_cast7_fu_2268     |    0    |    0    |    0    |
|          |     a_0_load_mid2_fu_2379    |    0    |    0    |    0    |
|          |    ib_0_i_i_cast5_fu_2384    |    0    |    0    |    0    |
|          |      tmp_1_cast_fu_2402      |    0    |    0    |    0    |
|   zext   |  ib_0_i_i_cast5_cast_fu_2406 |    0    |    0    |    0    |
|          |      tmp_2_cast_fu_2415      |    0    |    0    |    0    |
|          |      tmp_8_cast_fu_2468      |    0    |    0    |    0    |
|          |     j5_0_i_cast2_fu_2484     |    0    |    0    |    0    |
|          |   j5_0_i_cast1_cast_fu_2488  |    0    |    0    |    0    |
|          |      tmp_10_cast_fu_2498     |    0    |    0    |    0    |
|----------|------------------------------|---------|---------|---------|
|          |         tmp_8_fu_2395        |    0    |    0    |    0    |
|bitconcatenate|       tmp_6_30_fu_2460       |    0    |    0    |    0    |
|          |      tmp_9_mid2_fu_2476      |    0    |    0    |    0    |
|----------|------------------------------|---------|---------|---------|
|   Total  |                              |   160   |  11136  |  22956  |
|----------|------------------------------|---------|---------|---------|

Memories:
+----+--------+--------+--------+
|    |  BRAM  |   FF   |   LUT  |
+----+--------+--------+--------+
| a_0|    1   |    0   |    0   |
| a_1|    1   |    0   |    0   |
|a_10|    1   |    0   |    0   |
|a_11|    1   |    0   |    0   |
|a_12|    1   |    0   |    0   |
|a_13|    1   |    0   |    0   |
|a_14|    1   |    0   |    0   |
|a_15|    1   |    0   |    0   |
|a_16|    1   |    0   |    0   |
|a_17|    1   |    0   |    0   |
|a_18|    1   |    0   |    0   |
|a_19|    1   |    0   |    0   |
| a_2|    1   |    0   |    0   |
|a_20|    1   |    0   |    0   |
|a_21|    1   |    0   |    0   |
|a_22|    1   |    0   |    0   |
|a_23|    1   |    0   |    0   |
|a_24|    1   |    0   |    0   |
|a_25|    1   |    0   |    0   |
|a_26|    1   |    0   |    0   |
|a_27|    1   |    0   |    0   |
|a_28|    1   |    0   |    0   |
|a_29|    1   |    0   |    0   |
| a_3|    1   |    0   |    0   |
|a_30|    1   |    0   |    0   |
|a_31|    1   |    0   |    0   |
| a_4|    1   |    0   |    0   |
| a_5|    1   |    0   |    0   |
| a_6|    1   |    0   |    0   |
| a_7|    1   |    0   |    0   |
| a_8|    1   |    0   |    0   |
| a_9|    1   |    0   |    0   |
| b_0|    1   |    0   |    0   |
| b_1|    1   |    0   |    0   |
|b_10|    1   |    0   |    0   |
|b_11|    1   |    0   |    0   |
|b_12|    1   |    0   |    0   |
|b_13|    1   |    0   |    0   |
|b_14|    1   |    0   |    0   |
|b_15|    1   |    0   |    0   |
|b_16|    1   |    0   |    0   |
|b_17|    1   |    0   |    0   |
|b_18|    1   |    0   |    0   |
|b_19|    1   |    0   |    0   |
| b_2|    1   |    0   |    0   |
|b_20|    1   |    0   |    0   |
|b_21|    1   |    0   |    0   |
|b_22|    1   |    0   |    0   |
|b_23|    1   |    0   |    0   |
|b_24|    1   |    0   |    0   |
|b_25|    1   |    0   |    0   |
|b_26|    1   |    0   |    0   |
|b_27|    1   |    0   |    0   |
|b_28|    1   |    0   |    0   |
|b_29|    1   |    0   |    0   |
| b_3|    1   |    0   |    0   |
|b_30|    1   |    0   |    0   |
|b_31|    1   |    0   |    0   |
| b_4|    1   |    0   |    0   |
| b_5|    1   |    0   |    0   |
| b_6|    1   |    0   |    0   |
| b_7|    1   |    0   |    0   |
| b_8|    1   |    0   |    0   |
| b_9|    1   |    0   |    0   |
| out|    2   |    0   |    0   |
+----+--------+--------+--------+
|Total|   66   |    0   |    0   |
+----+--------+--------+--------+

* Register list:
+-----------------------------+--------+
|                             |   FF   |
+-----------------------------+--------+
|     a_0_addr_1_reg_2633     |    5   |
|    a_0_load_mid2_reg_2598   |   32   |
|      a_0_load_reg_2683      |   32   |
|     a_10_addr_1_reg_2968    |    5   |
|      a_10_load_reg_2978     |   32   |
|     a_11_addr_1_reg_2998    |    5   |
|      a_11_load_reg_3008     |   32   |
|     a_12_addr_1_reg_3028    |    5   |
|      a_12_load_reg_3038     |   32   |
|     a_13_addr_1_reg_3058    |    5   |
|      a_13_load_reg_3068     |   32   |
|     a_14_addr_1_reg_3088    |    5   |
|      a_14_load_reg_3098     |   32   |
|     a_15_addr_1_reg_3118    |    5   |
|      a_15_load_reg_3128     |   32   |
|     a_16_addr_1_reg_3148    |    5   |
|      a_16_load_reg_3158     |   32   |
|     a_17_addr_1_reg_3178    |    5   |
|      a_17_load_reg_3188     |   32   |
|     a_18_addr_1_reg_3208    |    5   |
|      a_18_load_reg_3218     |   32   |
|     a_19_addr_1_reg_3238    |    5   |
|      a_19_load_reg_3248     |   32   |
|     a_1_addr_1_reg_2698     |    5   |
|      a_1_load_reg_2708      |   32   |
|     a_20_addr_1_reg_3268    |    5   |
|      a_20_load_reg_3278     |   32   |
|     a_21_addr_1_reg_3298    |    5   |
|      a_21_load_reg_3308     |   32   |
|     a_22_addr_1_reg_3328    |    5   |
|      a_22_load_reg_3338     |   32   |
|     a_23_addr_1_reg_3358    |    5   |
|      a_23_load_reg_3368     |   32   |
|     a_24_addr_1_reg_3388    |    5   |
|      a_24_load_reg_3398     |   32   |
|     a_25_addr_1_reg_3418    |    5   |
|      a_25_load_reg_3428     |   32   |
|     a_26_addr_1_reg_3448    |    5   |
|      a_26_load_reg_3458     |   32   |
|     a_27_addr_1_reg_3478    |    5   |
|      a_27_load_reg_3488     |   32   |
|     a_28_addr_1_reg_3508    |    5   |
|      a_28_load_reg_3518     |   32   |
|     a_29_addr_1_reg_3538    |    5   |
|      a_29_load_reg_3548     |   32   |
|     a_2_addr_1_reg_2728     |    5   |
|      a_2_load_reg_2738      |   32   |
|     a_30_addr_1_reg_3568    |    5   |
|      a_30_load_reg_3588     |   32   |
|     a_31_addr_1_reg_3573    |    5   |
|      a_31_load_reg_3593     |   32   |
|     a_3_addr_1_reg_2758     |    5   |
|      a_3_load_reg_2768      |   32   |
|     a_4_addr_1_reg_2788     |    5   |
|      a_4_load_reg_2798      |   32   |
|     a_5_addr_1_reg_2818     |    5   |
|      a_5_load_reg_2828      |   32   |
|     a_6_addr_1_reg_2848     |    5   |
|      a_6_load_reg_2858      |   32   |
|     a_7_addr_1_reg_2878     |    5   |
|      a_7_load_reg_2888      |   32   |
|     a_8_addr_1_reg_2908     |    5   |
|      a_8_load_reg_2918      |   32   |
|     a_9_addr_1_reg_2938     |    5   |
|      a_9_load_reg_2948      |   32   |
|     b_0_addr_1_reg_2673     |    5   |
|      b_0_load_reg_2688      |   32   |
|     b_10_addr_1_reg_2973    |    5   |
|      b_10_load_reg_2983     |   32   |
|     b_11_addr_1_reg_3003    |    5   |
|      b_11_load_reg_3013     |   32   |
|     b_12_addr_1_reg_3033    |    5   |
|      b_12_load_reg_3043     |   32   |
|     b_13_addr_1_reg_3063    |    5   |
|      b_13_load_reg_3073     |   32   |
|     b_14_addr_1_reg_3093    |    5   |
|      b_14_load_reg_3103     |   32   |
|     b_15_addr_1_reg_3123    |    5   |
|      b_15_load_reg_3133     |   32   |
|     b_16_addr_1_reg_3153    |    5   |
|      b_16_load_reg_3163     |   32   |
|     b_17_addr_1_reg_3183    |    5   |
|      b_17_load_reg_3193     |   32   |
|     b_18_addr_1_reg_3213    |    5   |
|      b_18_load_reg_3223     |   32   |
|     b_19_addr_1_reg_3243    |    5   |
|      b_19_load_reg_3253     |   32   |
|     b_1_addr_1_reg_2703     |    5   |
|      b_1_load_reg_2713      |   32   |
|     b_20_addr_1_reg_3273    |    5   |
|      b_20_load_reg_3283     |   32   |
|     b_21_addr_1_reg_3303    |    5   |
|      b_21_load_reg_3313     |   32   |
|     b_22_addr_1_reg_3333    |    5   |
|      b_22_load_reg_3343     |   32   |
|     b_23_addr_1_reg_3363    |    5   |
|      b_23_load_reg_3373     |   32   |
|     b_24_addr_1_reg_3393    |    5   |
|      b_24_load_reg_3403     |   32   |
|     b_25_addr_1_reg_3423    |    5   |
|      b_25_load_reg_3433     |   32   |
|     b_26_addr_1_reg_3453    |    5   |
|      b_26_load_reg_3463     |   32   |
|     b_27_addr_1_reg_3483    |    5   |
|      b_27_load_reg_3493     |   32   |
|     b_28_addr_1_reg_3513    |    5   |
|      b_28_load_reg_3523     |   32   |
|     b_29_addr_1_reg_3543    |    5   |
|      b_29_load_reg_3553     |   32   |
|     b_2_addr_1_reg_2733     |    5   |
|      b_2_load_reg_2743      |   32   |
|     b_30_addr_1_reg_3578    |    5   |
|      b_30_load_reg_3598     |   32   |
|     b_31_addr_1_reg_3583    |    5   |
|      b_31_load_reg_3603     |   32   |
|     b_3_addr_1_reg_2763     |    5   |
|      b_3_load_reg_2773      |   32   |
|     b_4_addr_1_reg_2793     |    5   |
|      b_4_load_reg_2803      |   32   |
|     b_5_addr_1_reg_2823     |    5   |
|      b_5_load_reg_2833      |   32   |
|     b_6_addr_1_reg_2853     |    5   |
|      b_6_load_reg_2863      |   32   |
|     b_7_addr_1_reg_2883     |    5   |
|      b_7_load_reg_2893      |   32   |
|     b_8_addr_1_reg_2913     |    5   |
|      b_8_load_reg_2923      |   32   |
|     b_9_addr_1_reg_2943     |    5   |
|      b_9_load_reg_2953      |   32   |
|  exitcond_flatten1_reg_2550 |    1   |
|  exitcond_flatten2_reg_2578 |    1   |
|  exitcond_flatten3_reg_3633 |    1   |
|  exitcond_flatten_reg_2526  |    1   |
|       i1_0_i_reg_1684       |    6   |
|   i1_0_i_t_mid2_v_reg_2564  |    6   |
| i4_0_i_cast4_mid2_v_reg_3642|    6   |
|       i4_0_i_reg_1750       |    6   |
|  i_0_i_cast_mid2_v_reg_2535 |    6   |
|        i_0_i_reg_1651       |    6   |
|      ia_0_i_i_reg_1717      |    6   |
|   ib_0_i_i_cast5_reg_2638   |   32   |
|    ib_0_i_i_mid2_reg_2587   |    6   |
|      ib_0_i_i_reg_1728      |    6   |
|         ib_reg_2678         |    6   |
|   indvar_flatten1_reg_1673  |   11   |
|   indvar_flatten2_reg_1706  |   11   |
|   indvar_flatten3_reg_1739  |   11   |
|indvar_flatten_next1_reg_2582|   11   |
|indvar_flatten_next2_reg_2554|   11   |
|indvar_flatten_next3_reg_3637|   11   |
| indvar_flatten_next_reg_2530|   11   |
|   indvar_flatten_reg_1640   |   11   |
|     j2_0_i_mid2_reg_2559    |    6   |
|       j2_0_i_reg_1695       |    6   |
|       j5_0_i_reg_1761       |    6   |
|        j_0_i_reg_1662       |    6   |
|         j_1_reg_2573        |    6   |
|         j_2_reg_3657        |    6   |
|          j_reg_2545         |    6   |
|     last_assign_reg_3652    |    1   |
|     out_addr_1_reg_3647     |   10   |
|         p_v_reg_2592        |    6   |
|       sum_10_reg_3048       |   32   |
|       sum_11_reg_3078       |   32   |
|       sum_12_reg_3108       |   32   |
|       sum_13_reg_3138       |   32   |
|       sum_14_reg_3168       |   32   |
|       sum_15_reg_3198       |   32   |
|       sum_16_reg_3228       |   32   |
|       sum_17_reg_3258       |   32   |
|       sum_18_reg_3288       |   32   |
|       sum_19_reg_3318       |   32   |
|        sum_1_reg_2748       |   32   |
|       sum_20_reg_3348       |   32   |
|       sum_21_reg_3378       |   32   |
|       sum_22_reg_3408       |   32   |
|       sum_23_reg_3438       |   32   |
|       sum_24_reg_3468       |   32   |
|       sum_25_reg_3498       |   32   |
|       sum_26_reg_3528       |   32   |
|       sum_27_reg_3558       |   32   |
|       sum_28_reg_3608       |   32   |
|       sum_29_reg_3623       |   32   |
|        sum_2_reg_2778       |   32   |
|       sum_30_reg_3628       |   32   |
|        sum_3_reg_2808       |   32   |
|        sum_4_reg_2838       |   32   |
|        sum_5_reg_2868       |   32   |
|        sum_6_reg_2898       |   32   |
|        sum_7_reg_2928       |   32   |
|        sum_8_reg_2958       |   32   |
|        sum_9_reg_2988       |   32   |
|         sum_reg_2718        |   32   |
|        sum_s_reg_3018       |   32   |
|       tmp_10_reg_3023       |   32   |
|       tmp_11_reg_3053       |   32   |
|       tmp_12_reg_3083       |   32   |
|       tmp_13_reg_3113       |   32   |
|       tmp_14_reg_3143       |   32   |
|       tmp_15_reg_3173       |   32   |
|       tmp_16_reg_3203       |   32   |
|       tmp_17_reg_3233       |   32   |
|       tmp_18_reg_3263       |   32   |
|       tmp_19_reg_3293       |   32   |
|      tmp_1_21_reg_2723      |   32   |
|        tmp_1_reg_2569       |    5   |
|       tmp_20_reg_3323       |   32   |
|       tmp_21_reg_3353       |   32   |
|       tmp_22_reg_3383       |   32   |
|       tmp_23_reg_3413       |   32   |
|       tmp_24_reg_3443       |   32   |
|       tmp_25_reg_3473       |   32   |
|       tmp_26_reg_3503       |   32   |
|       tmp_27_reg_3533       |   32   |
|       tmp_28_reg_3563       |   32   |
|       tmp_29_reg_3613       |   32   |
|      tmp_2_22_reg_2753      |   32   |
|       tmp_30_reg_3618       |   32   |
|      tmp_3_23_reg_2783      |   32   |
|      tmp_4_24_reg_2813      |   32   |
|      tmp_5_25_reg_2843      |   32   |
|        tmp_6_reg_2873       |   32   |
|        tmp_7_reg_2903       |   32   |
|      tmp_8_26_reg_2933      |   32   |
|        tmp_9_reg_2963       |   32   |
|         tmp_reg_2541        |    5   |
|      tmp_s_27_reg_2993      |   32   |
|        tmp_s_reg_2693       |   32   |
|     val_assign_reg_3662     |   32   |
+-----------------------------+--------+
|            Total            |  4733  |
+-----------------------------+--------+

* Multiplexer (MUX) list: 
|--------------------|------|------|------|--------||---------||---------|
|        Comp        |  Pin | Size |  BW  | S x BW ||  Delay  ||   LUT   |
|--------------------|------|------|------|--------||---------||---------|
|  grp_write_fu_440  |  p8  |   2  |  32  |   64   ||    32   |
|  grp_access_fu_476 |  p0  |   3  |   5  |   15   ||    5    |
|  grp_access_fu_487 |  p0  |   3  |   5  |   15   ||    5    |
|  grp_access_fu_498 |  p0  |   3  |   5  |   15   ||    5    |
|  grp_access_fu_509 |  p0  |   3  |   5  |   15   ||    5    |
|  grp_access_fu_520 |  p0  |   3  |   5  |   15   ||    5    |
|  grp_access_fu_531 |  p0  |   3  |   5  |   15   ||    5    |
|  grp_access_fu_542 |  p0  |   3  |   5  |   15   ||    5    |
|  grp_access_fu_553 |  p0  |   3  |   5  |   15   ||    5    |
|  grp_access_fu_564 |  p0  |   3  |   5  |   15   ||    5    |
|  grp_access_fu_575 |  p0  |   3  |   5  |   15   ||    5    |
|  grp_access_fu_586 |  p0  |   3  |   5  |   15   ||    5    |
|  grp_access_fu_597 |  p0  |   3  |   5  |   15   ||    5    |
|  grp_access_fu_608 |  p0  |   3  |   5  |   15   ||    5    |
|  grp_access_fu_619 |  p0  |   3  |   5  |   15   ||    5    |
|  grp_access_fu_630 |  p0  |   3  |   5  |   15   ||    5    |
|  grp_access_fu_641 |  p0  |   3  |   5  |   15   ||    5    |
|  grp_access_fu_652 |  p0  |   3  |   5  |   15   ||    5    |
|  grp_access_fu_663 |  p0  |   3  |   5  |   15   ||    5    |
|  grp_access_fu_674 |  p0  |   3  |   5  |   15   ||    5    |
|  grp_access_fu_685 |  p0  |   3  |   5  |   15   ||    5    |
|  grp_access_fu_696 |  p0  |   3  |   5  |   15   ||    5    |
|  grp_access_fu_707 |  p0  |   3  |   5  |   15   ||    5    |
|  grp_access_fu_718 |  p0  |   3  |   5  |   15   ||    5    |
|  grp_access_fu_729 |  p0  |   3  |   5  |   15   ||    5    |
|  grp_access_fu_740 |  p0  |   3  |   5  |   15   ||    5    |
|  grp_access_fu_751 |  p0  |   3  |   5  |   15   ||    5    |
|  grp_access_fu_762 |  p0  |   3  |   5  |   15   ||    5    |
|  grp_access_fu_773 |  p0  |   3  |   5  |   15   ||    5    |
|  grp_access_fu_784 |  p0  |   3  |   5  |   15   ||    5    |
|  grp_access_fu_795 |  p0  |   3  |   5  |   15   ||    5    |
|  grp_access_fu_806 |  p0  |   3  |   5  |   15   ||    5    |
|  grp_access_fu_817 |  p0  |   3  |   5  |   15   ||    5    |
| grp_access_fu_1014 |  p0  |   3  |   5  |   15   ||    5    |
| grp_access_fu_1019 |  p0  |   3  |   5  |   15   ||    5    |
| grp_access_fu_1024 |  p0  |   3  |   5  |   15   ||    5    |
| grp_access_fu_1029 |  p0  |   3  |   5  |   15   ||    5    |
| grp_access_fu_1034 |  p0  |   3  |   5  |   15   ||    5    |
| grp_access_fu_1039 |  p0  |   3  |   5  |   15   ||    5    |
| grp_access_fu_1044 |  p0  |   3  |   5  |   15   ||    5    |
| grp_access_fu_1049 |  p0  |   3  |   5  |   15   ||    5    |
| grp_access_fu_1054 |  p0  |   3  |   5  |   15   ||    5    |
| grp_access_fu_1059 |  p0  |   3  |   5  |   15   ||    5    |
| grp_access_fu_1064 |  p0  |   3  |   5  |   15   ||    5    |
| grp_access_fu_1069 |  p0  |   3  |   5  |   15   ||    5    |
| grp_access_fu_1074 |  p0  |   3  |   5  |   15   ||    5    |
| grp_access_fu_1079 |  p0  |   3  |   5  |   15   ||    5    |
| grp_access_fu_1084 |  p0  |   3  |   5  |   15   ||    5    |
| grp_access_fu_1089 |  p0  |   3  |   5  |   15   ||    5    |
| grp_access_fu_1094 |  p0  |   3  |   5  |   15   ||    5    |
| grp_access_fu_1099 |  p0  |   3  |   5  |   15   ||    5    |
| grp_access_fu_1104 |  p0  |   3  |   5  |   15   ||    5    |
| grp_access_fu_1109 |  p0  |   3  |   5  |   15   ||    5    |
| grp_access_fu_1114 |  p0  |   3  |   5  |   15   ||    5    |
| grp_access_fu_1119 |  p0  |   3  |   5  |   15   ||    5    |
| grp_access_fu_1124 |  p0  |   3  |   5  |   15   ||    5    |
| grp_access_fu_1129 |  p0  |   3  |   5  |   15   ||    5    |
| grp_access_fu_1134 |  p0  |   3  |   5  |   15   ||    5    |
| grp_access_fu_1139 |  p0  |   3  |   5  |   15   ||    5    |
| grp_access_fu_1144 |  p0  |   3  |   5  |   15   ||    5    |
| grp_access_fu_1149 |  p0  |   3  |   5  |   15   ||    5    |
| grp_access_fu_1154 |  p0  |   3  |   5  |   15   ||    5    |
| grp_access_fu_1159 |  p0  |   3  |   5  |   15   ||    5    |
| grp_access_fu_1164 |  p0  |   3  |   5  |   15   ||    5    |
| grp_access_fu_1169 |  p0  |   3  |   5  |   15   ||    5    |
| grp_access_fu_1628 |  p0  |   3  |  10  |   30   ||    10   |
|     grp_fu_1901    |  p0  |   2  |  32  |   64   ||    32   |
|     grp_fu_1901    |  p1  |   2  |  32  |   64   ||    32   |
|     grp_fu_1907    |  p0  |   2  |  32  |   64   ||    32   |
|     grp_fu_1907    |  p1  |   2  |  32  |   64   ||    32   |
|     grp_fu_1913    |  p0  |   2  |  32  |   64   ||    32   |
|     grp_fu_1913    |  p1  |   2  |  32  |   64   ||    32   |
|     grp_fu_1919    |  p0  |   2  |  32  |   64   ||    32   |
|     grp_fu_1919    |  p1  |   2  |  32  |   64   ||    32   |
|     grp_fu_1925    |  p0  |   2  |  32  |   64   ||    32   |
|     grp_fu_1925    |  p1  |   2  |  32  |   64   ||    32   |
|     grp_fu_1931    |  p0  |   2  |  32  |   64   ||    32   |
|     grp_fu_1931    |  p1  |   2  |  32  |   64   ||    32   |
|     grp_fu_1937    |  p0  |   2  |  32  |   64   ||    32   |
|     grp_fu_1937    |  p1  |   2  |  32  |   64   ||    32   |
|     grp_fu_1943    |  p0  |   2  |  32  |   64   ||    32   |
|     grp_fu_1943    |  p1  |   2  |  32  |   64   ||    32   |
|     grp_fu_1949    |  p0  |   2  |  32  |   64   ||    32   |
|     grp_fu_1949    |  p1  |   2  |  32  |   64   ||    32   |
|     grp_fu_1955    |  p0  |   2  |  32  |   64   ||    32   |
|     grp_fu_1955    |  p1  |   2  |  32  |   64   ||    32   |
|     grp_fu_1961    |  p0  |   2  |  32  |   64   ||    32   |
|     grp_fu_1961    |  p1  |   2  |  32  |   64   ||    32   |
|     grp_fu_1967    |  p0  |   2  |  32  |   64   ||    32   |
|     grp_fu_1967    |  p1  |   2  |  32  |   64   ||    32   |
|     grp_fu_1973    |  p0  |   2  |  32  |   64   ||    32   |
|     grp_fu_1973    |  p1  |   2  |  32  |   64   ||    32   |
|     grp_fu_1979    |  p0  |   2  |  32  |   64   ||    32   |
|     grp_fu_1979    |  p1  |   2  |  32  |   64   ||    32   |
|     grp_fu_1985    |  p0  |   2  |  32  |   64   ||    32   |
|     grp_fu_1985    |  p1  |   2  |  32  |   64   ||    32   |
|     grp_fu_1991    |  p0  |   2  |  32  |   64   ||    32   |
|     grp_fu_1991    |  p1  |   2  |  32  |   64   ||    32   |
|     grp_fu_1997    |  p0  |   2  |  32  |   64   ||    32   |
|     grp_fu_1997    |  p1  |   2  |  32  |   64   ||    32   |
|     grp_fu_2003    |  p0  |   2  |  32  |   64   ||    32   |
|     grp_fu_2003    |  p1  |   2  |  32  |   64   ||    32   |
|     grp_fu_2009    |  p0  |   2  |  32  |   64   ||    32   |
|     grp_fu_2009    |  p1  |   2  |  32  |   64   ||    32   |
|     grp_fu_2015    |  p0  |   2  |  32  |   64   ||    32   |
|     grp_fu_2015    |  p1  |   2  |  32  |   64   ||    32   |
|     grp_fu_2021    |  p0  |   2  |  32  |   64   ||    32   |
|     grp_fu_2021    |  p1  |   2  |  32  |   64   ||    32   |
|     grp_fu_2027    |  p0  |   2  |  32  |   64   ||    32   |
|     grp_fu_2027    |  p1  |   2  |  32  |   64   ||    32   |
|     grp_fu_2033    |  p0  |   2  |  32  |   64   ||    32   |
|     grp_fu_2033    |  p1  |   2  |  32  |   64   ||    32   |
|     grp_fu_2039    |  p0  |   2  |  32  |   64   ||    32   |
|     grp_fu_2039    |  p1  |   2  |  32  |   64   ||    32   |
|     grp_fu_2045    |  p0  |   2  |  32  |   64   ||    32   |
|     grp_fu_2045    |  p1  |   2  |  32  |   64   ||    32   |
|     grp_fu_2051    |  p0  |   2  |  32  |   64   ||    32   |
|     grp_fu_2051    |  p1  |   2  |  32  |   64   ||    32   |
|     grp_fu_2057    |  p0  |   2  |  32  |   64   ||    32   |
|     grp_fu_2057    |  p1  |   2  |  32  |   64   ||    32   |
|     grp_fu_2063    |  p0  |   2  |  32  |   64   ||    32   |
|     grp_fu_2063    |  p1  |   2  |  32  |   64   ||    32   |
|     grp_fu_2069    |  p0  |   2  |  32  |   64   ||    32   |
|     grp_fu_2069    |  p1  |   2  |  32  |   64   ||    32   |
|     grp_fu_2075    |  p0  |   2  |  32  |   64   ||    32   |
|     grp_fu_2075    |  p1  |   2  |  32  |   64   ||    32   |
|     grp_fu_2081    |  p0  |   2  |  32  |   64   ||    32   |
|     grp_fu_2081    |  p1  |   2  |  32  |   64   ||    32   |
|     grp_fu_2087    |  p0  |   2  |  32  |   64   ||    32   |
|     grp_fu_2087    |  p1  |   2  |  32  |   64   ||    32   |
|--------------------|------|------|------|--------||---------||---------|
|        Total       |      |      |      |  5150  ||  204.23 ||   2410  |
|--------------------|------|------|------|--------||---------||---------|



* Summary:
+-----------+--------+--------+--------+--------+--------+
|           |  BRAM  | DSP48E |  Delay |   FF   |   LUT  |
+-----------+--------+--------+--------+--------+--------+
|  Function |    -   |   160  |    -   |  11136 |  22956 |
|   Memory  |   66   |    -   |    -   |    0   |    0   |
|Multiplexer|    -   |    -   |   204  |    -   |  2410  |
|  Register |    -   |    -   |    -   |  4733  |    -   |
+-----------+--------+--------+--------+--------+--------+
|   Total   |   66   |   160  |   204  |  15869 |  25366 |
+-----------+--------+--------+--------+--------+--------+
